time,direction,leader_close,xau_entry,xau_exit,gross,spread_cost,pnl,equity
2026-05-22 18:50:00+00:00,1,1.16138,4515.469999999999,4554.79,39.32000000000062,1.2839110604333261,38.03608893956729,38.03608893956729
2026-05-22 18:55:00+00:00,1,1.16118,4515.3435,4552.285,36.941499999999905,1.2565258215963324,35.68497417840357,73.72106311797086
2026-05-22 19:00:00+00:00,1,1.16087,4510.79,4559.08,48.289999999999964,1.3260012307691718,46.96399876923079,120.68506188720164
2026-05-22 19:05:00+00:00,1,1.16092,4508.746499999999,4558.2235,49.47700000000077,1.3415421853389042,48.13545781466187,168.8205197018635
2026-05-22 19:10:00+00:00,1,1.16086,4507.4365,4558.568499999999,51.13199999999961,1.2973237639553654,49.83467623604424,218.65519593790773
2026-05-22 19:15:00+00:00,1,1.161005,4509.0415,4565.4385,56.396999999999935,1.3312966692486823,55.065703330751255,273.72089926865897
2026-05-22 19:20:00+00:00,1,1.161,4507.8965,4562.5015,54.60500000000047,1.3272581967213455,53.27774180327913,326.9986410719381
2026-05-22 19:25:00+00:00,1,1.16083,4507.2185,4565.33,58.11149999999998,1.2914339622641373,56.82006603773584,383.81870710967394
2026-05-22 19:30:00+00:00,1,1.16078,4508.1865,4568.478499999999,60.29199999999946,1.2238383685801106,59.06816163141935,442.8868687410933
2026-05-22 19:35:00+00:00,1,1.16074,4509.4915,4572.8135,63.322000000000116,1.303580916744676,62.01841908325544,504.9052878243487
2026-05-25 15:45:00+00:00,-1,1.164285,4570.469999999999,4569.16,1.3099999999994907,1.193602564102589,0.11639743589690177,505.0216852602456
2026-05-25 15:50:00+00:00,-1,1.1643949999999998,4571.9765,4567.955,4.021499999999833,1.1666022099447348,2.854897790055098,507.87658305030067
2026-05-25 15:55:00+00:00,-1,1.164215,4571.025,4569.98,1.0450000000000728,1.1696386768447782,-0.12463867684470542,507.75194437345596
2026-05-25 16:00:00+00:00,-1,1.16424,4569.5065,4571.15,-1.6434999999992215,1.1290055248618605,-2.772505524861082,504.9794388485949
2026-05-25 16:05:00+00:00,-1,1.1641,4569.5515,4572.68,-3.128500000000713,1.1321176470588825,-4.260617647059595,500.7188212015353
2026-05-25 16:15:00+00:00,-1,1.16388,4568.9165,4574.02,-5.103500000000167,1.1482364864864025,-6.251736486486569,494.46708471504877
2026-05-25 16:20:00+00:00,-1,1.16392,4569.775,4575.28,-5.505000000000109,1.1790670926516897,-6.684067092651799,487.783017622397
2026-05-25 16:25:00+00:00,-1,1.16384,4568.2965,4573.305,-5.008499999999913,1.1270249110319555,-6.135524911031868,481.6474927113651
2026-05-25 16:30:00+00:00,-1,1.16385,4570.215,4571.17,-0.9549999999999272,1.1082352941177143,-2.0632352941176415,479.58425741724744
2026-05-25 16:35:00+00:00,-1,1.163735,4571.1665,4573.0650000000005,-1.89850000000024,1.1425838150289145,-3.041083815029155,476.5431736022183
2026-05-25 16:40:00+00:00,-1,1.1638350000000002,4572.295,4574.085,-1.7899999999999636,1.1534285714284673,-2.9434285714284307,473.59974503078985
2026-05-25 16:45:00+00:00,-1,1.16397,4573.15,4574.004999999999,-0.8549999999995634,1.2219335347431504,-2.0769335347427136,471.52281149604715
2026-05-25 16:50:00+00:00,-1,1.1639050000000002,4571.12,4576.465,-5.345000000000255,1.2220601503759407,-6.567060150376196,464.95575134567093
2026-05-25 16:55:00+00:00,-1,1.16412,4573.610000000001,4575.1465,-1.5364999999992506,1.221160305343528,-2.7576603053427786,462.19809104032817
2026-05-25 17:00:00+00:00,-1,1.164095,4575.78,4574.3165,1.46349999999984,1.1974793187347992,0.26602068126504075,462.4641117215932
2026-05-25 17:05:00+00:00,-1,1.16406,4576.08,4576.4815,-0.4014999999999418,1.1867351351351416,-1.5882351351350834,460.8758765864581
2026-05-25 17:10:00+00:00,-1,1.164215,4574.205,4579.33,-5.125,1.2153735725938386,-6.340373572593839,454.5355030138643
2026-05-25 17:20:00+00:00,-1,1.1642899999999998,4571.530000000001,4574.095,-2.5649999999996,1.2209957446807937,-3.7859957446803936,450.7495072691839
2026-05-26 13:00:00+00:00,-1,1.16313,4523.545,4505.76,17.784999999999854,1.2503497372193328,16.53465026278052,467.2841575319644
2026-05-26 13:05:00+00:00,-1,1.16311,4522.545,4507.65,14.895000000000437,1.1136861798430837,13.781313820157353,481.0654713521218
2026-05-26 13:10:00+00:00,-1,1.16308,4518.49,4508.4285,10.061499999999796,1.1507723311547016,8.910727668845094,489.9761990209669
2026-05-26 13:15:00+00:00,-1,1.1630699999999998,4520.22,4506.93,13.289999999999964,0.911135714285668,12.378864285714295,502.3550633066812
2026-05-26 13:20:00+00:00,-1,1.1632,4526.255,4509.855,16.400000000000546,1.1421095636025818,15.257890436397965,517.6129537430792
2026-05-26 13:25:00+00:00,-1,1.162675,4522.32,4506.55,15.769999999999527,1.1702328418912151,14.599767158108312,532.2127209011875
2026-05-26 13:30:00+00:00,-1,1.162625,4522.565,4506.2635,16.301499999999578,1.1862354892205862,15.115264510778992,547.3279854119664
2026-05-26 13:35:00+00:00,-1,1.162855,4524.66,4503.17,21.48999999999978,1.266480748470672,20.22351925152911,567.5515046634955
2026-05-26 13:40:00+00:00,-1,1.16282,4527.3265,4501.465,25.861499999999978,1.1384445374633725,24.723055462536607,592.2745601260322
2026-05-26 13:45:00+00:00,-1,1.1630250000000002,4526.025,4505.165,20.859999999999673,1.123990591924706,19.736009408074967,612.0105695341072
2026-05-26 13:50:00+00:00,-1,1.16207,4516.025,4506.205,9.819999999999709,1.2302471382447926,8.589752861754917,620.6003223958621
2026-05-26 13:55:00+00:00,-1,1.162575,4514.445,4508.115,6.329999999999927,1.147461333333328,5.182538666666599,625.7828610625287
2026-05-26 14:40:00+00:00,-1,1.162595,4521.521500000001,4503.825,17.696500000000924,1.0780912427897356,16.61840875721119,642.4012698197399
2026-05-26 14:45:00+00:00,-1,1.1627,4519.370000000001,4504.4885,14.881500000000415,1.0783262995368437,13.80317370046357,656.2044435202035
2026-05-26 15:05:00+00:00,-1,1.162125,4510.6900000000005,4499.2685,11.421500000000378,1.1711225259189382,10.25037747408144,666.454820994285
2026-05-26 15:10:00+00:00,-1,1.162295,4509.495,4498.725,10.769999999999527,1.1064986849026501,9.663501315096877,676.1183223093818
2026-05-26 15:15:00+00:00,-1,1.161995,4508.425,4500.605,7.8200000000006185,1.1211602506714653,6.698839749329153,682.817162058711
2026-05-26 15:20:00+00:00,-1,1.16182,4506.120000000001,4496.610000000001,9.510000000000218,1.1990875527426406,8.310912447257579,691.1280745059686
2026-05-26 15:25:00+00:00,-1,1.16208,4506.02,4491.219999999999,14.800000000001091,1.1875503023639555,13.612449697637135,704.7405242036057
2026-05-26 15:30:00+00:00,-1,1.16193,4505.76,4487.875,17.88500000000022,1.1366119673617356,16.748388032638484,721.4889122362441
2026-05-26 15:35:00+00:00,-1,1.161855,4507.65,4488.9185,18.73149999999987,1.0985825403392897,17.63291745966058,739.1218296959047
2026-05-26 15:40:00+00:00,-1,1.16199,4508.4285,4487.455,20.973500000000058,1.082050111358576,19.891449888641482,759.0132795845461
2026-05-26 15:45:00+00:00,-1,1.1620400000000002,4506.93,4490.7835,16.146500000000742,1.0867416851441323,15.05975831485661,774.0730378994027
2026-05-26 15:55:00+00:00,-1,1.161945,4506.55,4495.3835,11.16650000000027,1.1299721254355723,10.036527874564698,784.1095657739675
2026-05-26 16:00:00+00:00,-1,1.1621,4506.2635,4497.4485,8.8149999999996,1.2337850200114056,7.581214979988195,791.6907807539557
2026-05-26 16:05:00+00:00,-1,1.162335,4503.17,4496.5835,6.586500000000342,1.1887496318115707,5.397750368188771,797.0885311221444
2026-05-26 17:10:00+00:00,1,1.162655,4503.825,4504.9400000000005,1.1150000000006912,1.1007503974562731,0.014249602544418094,797.1027807246888
2026-05-26 17:15:00+00:00,1,1.162665,4504.4885,4507.495,3.0064999999995052,1.0890471063256506,1.9174528936738546,799.0202336183627
2026-05-26 17:20:00+00:00,1,1.16254,4506.753500000001,4505.975,-0.7785000000003492,1.085053037608485,-1.8635530376088343,797.1566805807538
2026-05-26 17:25:00+00:00,1,1.1624150000000002,4501.505,4509.055,7.550000000000182,1.0816134338588128,6.468386566141369,803.6250671468952
2026-05-26 17:35:00+00:00,1,1.162345,4499.2685,4507.1915,7.9229999999997744,1.1656377672209044,6.7573622327788705,810.382429379674
2026-05-26 17:40:00+00:00,1,1.16229,4498.725,4507.93,9.204999999999927,1.2214524328249479,7.98354756717498,818.365976946849
2026-05-26 17:50:00+00:00,1,1.1623100000000002,4496.610000000001,4508.725,12.114999999999782,1.1051271551723796,11.009872844827402,829.3758497916764
2026-05-26 17:55:00+00:00,1,1.16241,4491.219999999999,4506.695,15.475000000000364,1.1170926582278766,14.357907341772487,843.7337571334489
2026-05-26 18:00:00+00:00,1,1.162415,4487.875,4506.745,18.86999999999989,1.0832612773559611,17.78673872264393,861.5204958560928
2026-05-26 18:05:00+00:00,1,1.16249,4488.9185,4508.41,19.491500000000087,1.0615567567567379,18.42994324324335,879.9504390993361
2026-05-26 18:10:00+00:00,1,1.1626,4487.455,4508.965,21.51000000000022,1.0902995319813127,20.419700468018906,900.3701395673551
2026-05-26 18:15:00+00:00,1,1.16264,4490.7835,4506.6715,15.88800000000083,1.0871819160387848,14.800818083962044,915.1709576513172
2026-05-26 18:20:00+00:00,1,1.1626599999999998,4492.485000000001,4506.4465,13.961499999999432,1.0317845567206938,12.929715443278738,928.1006730945959
2026-05-26 18:25:00+00:00,1,1.16271,4495.3835,4506.415,11.031500000000051,0.9712884012539594,10.060211598746092,938.1608846933419
2026-05-26 18:30:00+00:00,1,1.16281,4497.4485,4505.545,8.09649999999965,0.9850949308755454,7.111405069124105,945.272289762466
2026-05-26 18:35:00+00:00,1,1.16283,4496.5835,4505.181500000001,8.598000000000866,1.0305681341719042,7.567431865828961,952.839721628295
2026-05-26 18:40:00+00:00,1,1.1627999999999998,4496.2285,4504.94,8.711499999999432,0.9972590855802838,7.714240914419149,960.5539625427142
2026-05-26 18:45:00+00:00,1,1.162825,4497.7035,4506.965,9.261500000000524,0.8750753186559218,8.386424681344602,968.9403872240588
2026-05-26 18:50:00+00:00,1,1.16296,4498.59,4505.09,6.5,0.8197532580364442,5.680246741963556,974.6206339660223
2026-05-26 18:55:00+00:00,1,1.162955,4499.4,4504.475,5.075000000000728,1.014758547008557,4.06024145299217,978.6808754190145
2026-05-26 19:00:00+00:00,1,1.16294,4499.9635,4500.485,0.5214999999998327,1.0268043117744559,-0.5053043117746232,978.1755711072399
2026-05-26 19:05:00+00:00,1,1.1628500000000002,4500.555,4501.875,1.319999999999709,1.0994923857867553,0.22050761421295362,978.3960787214528
2026-05-26 19:10:00+00:00,1,1.162845,4499.6,4500.85,1.25,1.0796728538283082,0.17032714617169176,978.5664058676244
2026-05-26 19:15:00+00:00,1,1.16286,4502.49,4502.52,0.030000000000654836,1.0582911392405143,-1.0282911392398595,977.5381147283846
2026-05-26 19:20:00+00:00,1,1.163005,4503.395,4507.1,3.7049999999999272,1.1001912225705737,2.6048087774293536,980.1429235058139
2026-05-26 19:25:00+00:00,1,1.16294,4502.2935,4511.085,8.79150000000027,1.1040733652312438,7.687426634769025,987.8303501405829
2026-05-26 19:30:00+00:00,1,1.163135,4503.6435,4511.21,7.566499999999905,1.148352769679338,6.418147230320567,994.2484973709035
2026-05-26 19:35:00+00:00,1,1.16306,4503.7985,4509.93,6.131500000000415,1.0768251748252413,5.054674825175173,999.3031721960787
2026-05-26 19:40:00+00:00,1,1.16313,4504.9400000000005,4509.030000000001,4.0900000000001455,1.1015101553166242,2.9884898446835213,1002.2916620407622
2026-05-26 20:10:00+00:00,1,1.16321,4507.93,4526.975,19.045000000000073,1.2180915032679882,17.826908496732084,1020.1185705374943
2026-05-26 20:15:00+00:00,1,1.163195,4508.545,4521.17,12.625,1.2400906344410911,11.384909365558908,1031.5034799030532
2026-05-26 20:20:00+00:00,1,1.16313,4508.725,4521.21,12.484999999999673,1.2045493827160083,11.280450617283664,1042.7839305203368
2026-05-26 20:25:00+00:00,1,1.163045,4506.695,4519.645,12.950000000000728,1.2203800623053362,11.729619937695391,1054.5135504580321
2026-05-26 20:30:00+00:00,1,1.1631200000000002,4506.745,4520.825,14.079999999999927,1.237614678898996,12.842385321100931,1067.355935779133
2026-05-26 20:35:00+00:00,1,1.1631,4508.41,4522.4,13.989999999999782,1.2302878787878937,12.759712121211887,1080.1156479003448
2026-05-26 20:40:00+00:00,1,1.1631,4508.965,4522.15,13.18499999999949,1.1968416666667054,11.988158333332786,1092.1038062336777
2026-05-26 20:50:00+00:00,1,1.163145,4506.4465,4516.37,9.923499999999876,1.4985567567568463,8.42494324324303,1100.5287494769207
2026-05-26 20:55:00+00:00,1,1.163065,4506.415,4518.035,11.61999999999989,1.5432715231788698,10.076728476821021,1110.6054779537417
2026-05-27 13:00:00+00:00,1,1.164585,4432.15,4438.785,6.635000000000218,1.130795310519635,5.504204689480583,1116.1096826432222
2026-05-27 13:05:00+00:00,1,1.16439,4414.41,4440.89,26.480000000000473,1.1412374779021928,25.33876252209828,1141.4484451653204
2026-05-27 13:10:00+00:00,1,1.164535,4416.855,4434.1865,17.331500000000233,1.1800161238310263,16.151483876169205,1157.5999290414895
2026-05-27 13:15:00+00:00,1,1.1646,4411.505,4432.975,21.470000000000255,1.1486372450685263,20.321362754931727,1177.9212917964212
2026-05-27 13:20:00+00:00,1,1.1643949999999998,4416.695,4434.335,17.640000000000327,1.0814206529992454,16.558579347001082,1194.4798711434223
2026-05-27 13:25:00+00:00,1,1.16412,4404.985000000001,4436.625,31.639999999999418,1.0985837260446039,30.541416273954813,1225.0212874173772
2026-05-27 13:30:00+00:00,1,1.1644899999999998,4423.9015,4437.635,13.733500000000276,1.1512162619988917,12.582283738001385,1237.6035711553786
2026-05-27 13:35:00+00:00,1,1.164255,4418.2585,4436.935,18.676500000000487,1.1561270827449892,17.5203729172555,1255.1239440726342
2026-05-27 13:40:00+00:00,1,1.164195,4419.325,4440.255,20.93000000000029,1.114612244897951,19.81538775510234,1274.9393318277366
2026-05-27 13:45:00+00:00,1,1.1643,4420.535,4441.9215,21.386500000000524,1.14189441747575,20.244605582524773,1295.1839374102615
2026-05-27 13:50:00+00:00,1,1.163895,4425.45,4444.285,18.835000000000036,1.1211273865414677,17.71387261345857,1312.89781002372
2026-05-27 13:55:00+00:00,1,1.1641400000000002,4427.5735,4446.860000000001,19.28650000000016,1.113023240371856,18.173476759628304,1331.0712867833483
2026-05-27 14:00:00+00:00,1,1.1639,4438.18,4448.47,10.289999999999964,1.1448927835051737,9.14510721649479,1340.2163939998431
2026-05-27 14:15:00+00:00,1,1.165145,4451.2,4452.115,0.9149999999999636,1.0758259618841945,-0.16082596188423093,1340.055568037959
2026-05-27 16:05:00+00:00,-1,1.162705,4436.935,4453.1415,-16.206499999999323,1.0136090614887225,-17.220109061488046,1322.8354589764708
2026-05-27 16:25:00+00:00,-1,1.16286,4446.860000000001,4454.4365,-7.576499999999214,1.0608440677966227,-8.637344067795837,1314.198114908675
2026-05-27 16:30:00+00:00,-1,1.16295,4448.47,4452.205,-3.7349999999996726,1.0313264781491105,-4.766326478148783,1309.4317884305262
2026-05-27 16:35:00+00:00,-1,1.16308,4449.865,4452.77,-2.905000000000655,1.0677843511450091,-3.972784351145664,1305.4590040793805
2026-05-27 16:40:00+00:00,-1,1.163125,4450.878500000001,4451.8150000000005,-0.9364999999997963,1.0590747879722877,-1.995574787972084,1303.4634292914084
2026-05-27 16:45:00+00:00,-1,1.16322,4452.115,4450.1,2.014999999999418,1.040276218611536,0.974723781387882,1304.4381530727962
2026-05-27 16:50:00+00:00,-1,1.163165,4450.7765,4453.28,-2.5034999999998035,1.0406543624160944,-3.544154362415898,1300.8939987103804
2026-05-27 16:55:00+00:00,-1,1.16323,4450.9115,4451.08,-0.16849999999976717,1.0158255813953958,-1.184325581395163,1299.7096731289853
2026-05-27 17:00:00+00:00,-1,1.163075,4449.3065,4452.6865,-3.380000000000109,1.0685985870263333,-4.448598587026442,1295.2610745419588
2026-05-27 17:05:00+00:00,-1,1.16243,4443.135,4454.75,-11.614999999999782,1.0963842645381752,-12.711384264537957,1282.549690277421
2026-05-27 17:10:00+00:00,-1,1.16233,4444.18,4453.695,-9.514999999999418,1.0533489771359605,-10.56834897713538,1271.9813413002855
2026-05-27 17:15:00+00:00,-1,1.16235,4446.905000000001,4452.145,-5.239999999999782,1.0564596834966353,-6.296459683496417,1265.6848816167892
2026-05-27 17:20:00+00:00,-1,1.1623899999999998,4446.715,4451.2115,-4.4965000000001965,1.0548652081863223,-5.551365208186519,1260.1335164086026
2026-05-27 17:25:00+00:00,-1,1.162355,4449.955,4450.915,-0.9600000000000364,1.0365859788359784,-1.9965859788360147,1258.1369304297666
2026-05-27 17:30:00+00:00,-1,1.16228,4452.09,4452.6515,-0.5614999999997963,1.044738752959764,-1.6062387529595603,1256.530691676807
2026-05-27 17:35:00+00:00,-1,1.1624150000000002,4451.13,4453.0315,-1.9014999999999418,1.0207882256745626,-2.9222882256745044,1253.6084034511325
2026-05-27 17:40:00+00:00,-1,1.162535,4450.66,4455.395,-4.735000000000582,1.0473333333333334,-5.7823333333339155,1247.8260701177985
2026-05-27 17:45:00+00:00,-1,1.16263,4450.97,4458.3415,-7.3715000000001965,1.0075741789354762,-8.379074178935673,1239.4469959388628
2026-05-27 17:50:00+00:00,-1,1.16268,4452.9515,4456.98,-4.02849999999944,1.0558026721479998,-5.084302672147439,1234.3626932667153
2026-05-27 17:55:00+00:00,-1,1.162735,4450.43,4455.1315,-4.701500000000124,1.0493226495726002,-5.750822649572724,1228.6118706171426
2026-05-27 18:00:00+00:00,-1,1.162455,4449.610000000001,4454.629999999999,-5.019999999998618,1.0319626168224714,-6.051962616821089,1222.5599080003215
2026-05-27 18:05:00+00:00,-1,1.162455,4448.1315,4452.531499999999,-4.399999999998727,1.0261666666667237,-5.42616666666545,1217.133741333656
2026-05-27 18:10:00+00:00,-1,1.162415,4450.17,4453.7565,-3.586500000000342,1.0385323741007413,-4.6250323741010835,1212.508708959555
2026-05-27 18:15:00+00:00,-1,1.162295,4452.6115,4454.43,-1.8185000000003129,1.0141204250294462,-2.8326204250297593,1209.6760885345252
2026-05-27 18:20:00+00:00,-1,1.1623,4455.045,4455.05,-0.005000000000109139,1.0356523887973634,-1.0406523887974726,1208.6354361457277
2026-05-27 18:25:00+00:00,-1,1.1624599999999998,4455.65,4454.575,1.074999999999818,1.047032258064562,0.027967741935256196,1208.663403887663
2026-05-27 18:30:00+00:00,-1,1.1624150000000002,4452.7415,4456.705,-3.96349999999984,1.0531381578947263,-5.016638157894566,1203.6467657297685
2026-05-27 18:35:00+00:00,-1,1.16262,4453.1415,4458.835,-5.693500000000313,1.061203174603205,-6.7547031746035175,1196.892062555165
2026-05-27 18:40:00+00:00,-1,1.162795,4453.4115,4458.0,-4.58849999999984,1.0744657534246427,-5.662965753424483,1191.2290968017405
2026-05-27 18:45:00+00:00,-1,1.162825,4453.47,4459.575000000001,-6.105000000000473,1.0609477611939477,-7.1659477611944205,1184.063149040546
2026-05-27 18:50:00+00:00,-1,1.16289,4452.575,4460.844999999999,-8.269999999999527,1.062570422535232,-9.33257042253476,1174.7305786180114
2026-05-27 18:55:00+00:00,-1,1.162945,4454.4365,4459.99,-5.5534999999999854,1.036605095541351,-6.590105095541336,1168.14047352247
2026-05-27 19:00:00+00:00,-1,1.16303,4452.205,4457.395,-5.190000000000509,1.039778443113721,-6.22977844311423,1161.910695079356
2026-05-27 19:05:00+00:00,-1,1.16306,4452.77,4461.515,-8.74499999999989,1.02838602941181,-9.7733860294117,1152.1373090499442
2026-05-27 19:10:00+00:00,-1,1.1630250000000002,4451.8150000000005,4458.615,-6.799999999999272,1.0468191964285947,-7.846819196427867,1144.2904898535164
2026-05-27 19:15:00+00:00,-1,1.163015,4450.1,4456.639999999999,-6.539999999999054,1.0224232456141316,-7.562423245613186,1136.7280666079032
2026-05-27 19:20:00+00:00,-1,1.1631399999999998,4453.28,4456.73,-3.449999999999818,1.0272667660209054,-4.4772667660207235,1132.2507998418826
2026-05-27 19:25:00+00:00,-1,1.163095,4451.08,4457.576499999999,-6.496499999999287,1.0465504151839085,-7.543050415183195,1124.7077494266994
2026-05-27 19:30:00+00:00,-1,1.163075,4452.6865,4456.745000000001,-4.058500000001004,1.0554978902953656,-5.113997890296369,1119.593751536403
2026-05-27 19:40:00+00:00,-1,1.162905,4453.695,4453.605,0.09000000000014552,0.9950963455149664,-0.9050963455148209,1118.6886551908883
2026-05-27 19:45:00+00:00,-1,1.1629,4452.145,4453.825000000001,-1.680000000000291,1.019534798534807,-2.6995347985350984,1115.9891203923532
2026-05-27 19:50:00+00:00,-1,1.16274,4451.2115,4451.66,-0.4484999999995125,0.9438536121673256,-1.392353612166838,1114.5967667801865
2026-05-27 20:20:00+00:00,-1,1.16289,4456.98,4446.25,10.729999999999563,1.0088340248963255,9.721165975103238,1124.3179327552898
2026-05-27 20:25:00+00:00,-1,1.1627999999999998,4455.1315,4447.3285,7.803000000000793,1.0139318181818453,6.789068181818948,1131.1070009371088
2026-05-27 20:30:00+00:00,-1,1.162905,4454.629999999999,4449.585,5.044999999999163,1.069656565656713,3.9753434343424505,1135.0823443714512
2026-05-28 15:25:00+00:00,-1,1.1653099999999998,4476.8465,4509.0615,-32.215000000000146,1.7042500000000451,-33.91925000000019,1101.163094371451
2026-05-28 15:45:00+00:00,-1,1.165165,4479.8015,4509.7315,-29.93000000000029,1.6177216066482119,-31.5477216066485,1069.6153727648025
2026-05-28 15:50:00+00:00,-1,1.16522,4480.2335,4508.211499999999,-27.977999999999156,1.6640737100737453,-29.6420737100729,1039.9732990547295
2026-05-28 15:55:00+00:00,-1,1.164805,4482.389999999999,4506.3765,-23.986500000000888,1.6275546334717148,-25.614054633472602,1014.3592444212569
2026-05-28 16:00:00+00:00,-1,1.16485,4480.98,4502.2215,-21.241500000000087,1.5533005936319293,-22.794800593632015,991.5644438276249
2026-05-28 16:05:00+00:00,-1,1.1649699999999998,4481.4115,4502.041499999999,-20.6299999999992,1.5555296108291154,-22.185529610828315,969.3789142167966
2026-05-28 16:10:00+00:00,-1,1.16504,4484.4415,4501.896500000001,-17.455000000000837,1.6228650442478063,-19.077865044248643,950.301049172548
2026-05-28 16:15:00+00:00,-1,1.165375,4497.2335,4499.4265,-2.1929999999993015,1.590648586707428,-3.7836485867067298,946.5174005858413
2026-05-28 16:20:00+00:00,-1,1.165755,4502.2935,4503.0715,-0.7780000000002474,1.4089583184894983,-2.1869583184897454,944.3304422673516
2026-05-28 16:25:00+00:00,-1,1.16573,4500.7285,4501.1615,-0.4329999999999927,1.5200449704142494,-1.953044970414242,942.3773972969374
2026-05-28 16:30:00+00:00,-1,1.1658499999999998,4499.0985,4501.9265,-2.82799999999952,1.5078158904109913,-4.335815890410511,938.0415814065269
2026-05-28 16:35:00+00:00,-1,1.16545,4499.416499999999,4499.1365000000005,0.27999999999883585,1.4564345081536132,-1.1764345081547773,936.8651468983721
2026-05-28 16:40:00+00:00,-1,1.1656300000000002,4504.4035,4499.6765,4.727000000000771,1.5690608787718563,3.1579391212289147,940.023086019601
2026-05-28 16:45:00+00:00,-1,1.165565,4505.1915,4501.1865,4.005000000000109,1.6006620209059268,2.4043379790941826,942.4274239986952
2026-05-28 16:50:00+00:00,-1,1.165515,4508.4065,4502.6165,5.789999999999964,1.5530996348461268,4.236900365153836,946.664324363849
2026-05-28 16:55:00+00:00,-1,1.16569,4511.0485,4499.906499999999,11.142000000000735,1.5172110091743152,9.62478899082642,956.2891133546755
2026-05-28 17:00:00+00:00,-1,1.1656650000000002,4510.18,4501.086499999999,9.093500000000859,1.524800961538476,7.568699038462382,963.8578123931378
2026-05-28 17:05:00+00:00,-1,1.165565,4509.9515,4501.0065,8.944999999999709,1.3851361909929445,7.559863809006765,971.4176762021445
2026-05-28 17:10:00+00:00,-1,1.165495,4504.086499999999,4499.4315,4.654999999999745,1.454287686996601,3.2007123130031445,974.6183885151477
2026-05-28 17:15:00+00:00,-1,1.16537,4504.5465,4498.8615,5.6850000000004,1.467641180012062,4.2173588199883385,978.835747335136
2026-05-28 17:20:00+00:00,-1,1.16535,4505.181500000001,4499.135,6.046500000000378,1.1028988988989166,4.943601101101462,983.7793484362375
2026-05-28 17:25:00+00:00,-1,1.16511,4502.1565,4498.1015,4.055000000000291,1.1517120149602893,2.9032879850400017,986.6826364212775
2026-05-28 17:30:00+00:00,-1,1.165335,4505.3365,4495.9965,9.340000000000146,1.3577660581474427,7.982233941852703,994.6648703631301
2026-05-28 17:35:00+00:00,-1,1.1652399999999998,4505.8265,4496.326499999999,9.50000000000091,1.385609890109899,8.11439010989101,1002.7792604730212
2026-05-28 17:40:00+00:00,-1,1.1651349999999998,4505.0915,4497.299999999999,7.791500000001179,1.4205323257766165,6.370967674224563,1009.1502281472457
2026-05-28 17:45:00+00:00,-1,1.1651950000000002,4508.6365000000005,4497.7165,10.920000000000073,1.397977823977865,9.522022176022208,1018.6722503232679
2026-05-28 17:50:00+00:00,-1,1.165265,4507.7865,4497.935,9.85149999999976,1.3296207749381832,8.521879225061577,1027.1941295483296
2026-05-28 17:55:00+00:00,-1,1.165345,4509.0615,4499.49,9.571500000000015,1.3586274509804572,8.212872549019558,1035.407002097349
2026-05-28 18:00:00+00:00,-1,1.1653600000000002,4513.2615,4500.3415,12.919999999999163,1.3902137486573896,11.529786251341774,1046.936788348691
2026-05-28 18:05:00+00:00,-1,1.1653600000000002,4509.861500000001,4496.495,13.366500000000997,1.221148717948739,12.145351282052257,1059.082139630743
2026-05-28 18:10:00+00:00,-1,1.165225,4507.7815,4495.6615,12.11999999999989,1.126224276032059,10.993775723967833,1070.075915354711
2026-05-28 18:15:00+00:00,-1,1.165365,4509.7315,4495.975,13.756499999999505,1.3916952169076955,12.36480478309181,1082.4407201378028
2026-05-28 18:20:00+00:00,-1,1.16508,4508.211499999999,4495.98,12.231499999999869,1.3049308176100585,10.92656918238981,1093.3672893201926
2026-05-28 18:25:00+00:00,-1,1.164905,4506.3765,4496.135,10.241500000000087,1.3082298563397767,8.93327014366031,1102.300559463853
2026-05-28 18:30:00+00:00,-1,1.1647500000000002,4502.2215,4497.23,4.991500000000087,1.2923901437371768,3.6991098562629103,1105.999669320116
2026-05-28 18:35:00+00:00,-1,1.16471,4502.041499999999,4493.725,8.316499999998996,1.2684414135152144,7.048058586483782,1113.0477279066
2026-05-28 18:40:00+00:00,-1,1.1647500000000002,4501.896500000001,4493.995,7.901500000000851,1.4380297619048104,6.463470238096041,1119.511198144696
2026-05-28 18:45:00+00:00,-1,1.164845,4499.4265,4493.975,5.451499999999214,1.467329013678918,3.9841709863202963,1123.4953691310163
2026-05-28 18:50:00+00:00,-1,1.165,4503.0715,4493.9400000000005,9.131499999999505,1.5180027681661499,7.613497231833355,1131.1088663628498
2026-05-28 18:55:00+00:00,-1,1.164805,4501.1615,4495.8765,5.2849999999998545,1.516070707070735,3.768929292929119,1134.877795655779
2026-05-28 19:00:00+00:00,-1,1.16481,4501.9265,4494.1515,7.774999999999636,1.675981018119118,6.099018981880518,1140.9768146376596
2026-05-28 19:05:00+00:00,-1,1.164685,4499.1365000000005,4494.4135,4.723000000000866,1.691840909090913,3.031159090909953,1144.0079737285696
2026-05-28 19:10:00+00:00,-1,1.16472,4499.6765,4495.586499999999,4.0900000000001455,1.5857242647059777,2.5042757352941676,1146.5122494638638
2026-05-28 19:15:00+00:00,-1,1.164815,4501.1865,4494.705,6.481499999999869,1.5569568627451078,4.924543137254761,1151.4367926011184
2026-05-28 19:20:00+00:00,-1,1.164805,4502.6165,4494.0115,8.605000000000473,1.4899944367177982,7.115005563282675,1158.5517981644011
2026-05-28 19:25:00+00:00,-1,1.164895,4499.906499999999,4491.3315,8.574999999998909,1.4876256684491695,7.087374331549739,1165.6391724959508
2026-05-28 19:30:00+00:00,-1,1.165025,4501.086499999999,4495.450000000001,5.636499999998705,1.6068871851040742,4.02961281489463,1169.6687853108454
2026-05-28 19:35:00+00:00,-1,1.165085,4501.0065,4494.4315,6.575000000000728,1.6042996515679713,4.970700348432756,1174.639485659278
2026-05-28 19:40:00+00:00,-1,1.1650049999999998,4499.4315,4494.84,4.591499999999542,1.621181415929144,2.9703185840703976,1177.6098042433484
2026-05-28 19:45:00+00:00,-1,1.165135,4498.8615,4495.9815,2.880000000000109,1.471923728813547,1.4080762711865622,1179.017880514535
2026-05-28 20:00:00+00:00,-1,1.16451,4495.9965,4494.28,1.716500000000451,1.4771428571429046,0.2393571428575465,1179.2572376573924
2026-05-28 20:05:00+00:00,-1,1.16477,4496.326499999999,4492.120000000001,4.206499999998414,1.5388467432950614,2.6676532567033524,1181.9248909140956
2026-05-29 13:00:00+00:00,1,1.1648999999999998,4524.32,4578.25,53.93000000000029,1.1590834512022765,52.77091654879801,1234.6958074628935
2026-05-29 13:05:00+00:00,1,1.16469,4525.870000000001,4573.095,47.224999999999454,1.1818623188405473,46.04313768115891,1280.7389451440524
2026-05-29 13:10:00+00:00,1,1.164735,4522.785,4566.81,44.025000000000546,1.1871176929072729,42.837882307093274,1323.5768274511456
2026-05-29 13:15:00+00:00,1,1.16499,4522.755,4565.175,42.42000000000007,1.1497759336099658,41.27022406639011,1364.8470515175356
2026-05-29 13:20:00+00:00,1,1.16491,4526.335,4569.17,42.835000000000036,1.1910657318142055,41.64393426818583,1406.4909857857215
2026-05-29 13:25:00+00:00,1,1.16499,4528.105,4571.215,43.11000000000058,1.282084647302864,41.827915352697715,1448.3189011384193
2026-05-29 13:30:00+00:00,1,1.165165,4525.1715,4568.015,42.84349999999995,1.2629170731707213,41.58058292682923,1489.8994840652485
2026-05-29 13:35:00+00:00,1,1.164945,4531.4400000000005,4564.2,32.75999999999931,1.3382146739130363,31.421785326086273,1521.321269391335
2026-05-29 19:50:00+00:00,1,1.16657,4546.48,4542.055,-4.424999999999272,1.9033491124259776,-6.32834911242525,1514.9929202789097
2026-05-29 20:10:00+00:00,1,1.166315,4548.835,4541.95,-6.885000000000218,2.179797297297307,-9.064797297297526,1505.9281229816122
2026-05-29 20:50:00+00:00,1,1.165975,4541.360000000001,4540.975,-0.3850000000002183,2.6362485549132892,-3.0212485549135075,1502.9068744266988
2026-05-29 20:55:00+00:00,1,1.16588,4538.35,4543.360000000001,5.010000000000218,3.1714393939395342,1.838560606060684,1504.7454350327594
2026-06-01 13:05:00+00:00,-1,1.16426,4501.24,4476.805,24.43499999999949,1.1654594168636456,23.269540583135846,1528.0149756158953
2026-06-01 13:10:00+00:00,-1,1.16322,4484.245000000001,4472.385,11.860000000000582,1.3354240705734177,10.524575929427165,1538.5395515453224
2026-06-01 13:20:00+00:00,-1,1.162715,4466.08,4471.2315,-5.151499999999942,1.3009133663366264,-6.452413366336568,1532.087138178986
2026-06-01 13:35:00+00:00,-1,1.162825,4473.215,4468.6565,4.558500000000095,1.2600013513513375,3.2984986486487573,1535.3856368276347
2026-06-01 14:05:00+00:00,-1,1.161515,4460.700000000001,4469.305,-8.604999999999563,1.072864566929112,-9.677864566928676,1525.707772260706
2026-06-02 13:00:00+00:00,1,1.16517,4520.185,4506.35,-13.835000000000036,1.1628924843423851,-14.997892484342422,1510.7098797763636
2026-06-02 13:05:00+00:00,1,1.16488,4516.6135,4504.504999999999,-12.108500000001186,1.1369747368421237,-13.24547473684331,1497.4644050395202
2026-06-02 13:10:00+00:00,1,1.1648550000000002,4514.165,4502.42,-11.74499999999989,1.193818181818158,-12.938818181818048,1484.5255868577021
2026-06-02 13:15:00+00:00,1,1.16483,4512.955,4505.82,-7.135000000000218,1.1951512385919374,-8.330151238592155,1476.19543561911
2026-06-02 13:20:00+00:00,1,1.16492,4513.245,4504.0435,-9.201500000000124,1.1075084745763053,-10.309008474576428,1465.8864271445336
2026-06-02 13:25:00+00:00,1,1.164575,4510.99,4502.18,-8.80999999999949,1.1137014925373263,-9.923701492536818,1455.9627256519968
2026-06-02 13:30:00+00:00,1,1.16451,4508.21,4500.91,-7.300000000000182,1.1832690394183334,-8.483269039418515,1447.4794566125784
2026-06-02 13:35:00+00:00,1,1.164625,4511.15,4502.08,-9.069999999999709,1.160611063094229,-10.230611063093939,1437.2488455494845
2026-06-02 13:40:00+00:00,1,1.164435,4508.56,4498.26,-10.300000000000182,1.1128418079095803,-11.412841807909762,1425.8360037415748
2026-06-02 13:45:00+00:00,1,1.16423,4509.8635,4494.88,-14.983500000000276,1.1369030303030538,-16.12040303030333,1409.7156007112715
2026-06-02 13:50:00+00:00,1,1.16403,4504.68,4494.77,-9.909999999999854,1.1174490889603623,-11.027449088960218,1398.6881516223114
2026-06-02 13:55:00+00:00,1,1.1643750000000002,4502.735000000001,4490.485,-12.25000000000091,1.174749269433052,-13.424749269433962,1385.2634023528774
2026-06-02 14:00:00+00:00,1,1.16401,4502.505,4489.755,-12.75,1.371617062530289,-14.121617062530289,1371.1417852903471
2026-06-02 14:05:00+00:00,1,1.16404,4502.985000000001,4487.77,-15.215000000000146,1.056356009070265,-16.27135600907041,1354.8704292812768
2026-06-02 14:10:00+00:00,1,1.164175,4504.365,4489.855,-14.510000000000218,1.0651190738698988,-15.575119073870116,1339.2953102074066
2026-06-02 14:15:00+00:00,1,1.16399,4496.175,4490.99,-5.1850000000004,1.070114132857794,-6.2551141328581945,1333.0401960745485
2026-06-02 14:20:00+00:00,1,1.163775,4493.24,4489.55,-3.6899999999996,1.0276084990958088,-4.717608499095409,1328.322587575453
2026-06-02 14:25:00+00:00,1,1.1639750000000002,4495.719999999999,4491.985000000001,-3.734999999998763,1.0340818882466312,-4.7690818882453945,1323.5535056872077
2026-06-02 14:30:00+00:00,1,1.164315,4499.4400000000005,4490.485,-8.955000000000837,1.015756425948622,-9.970756425949459,1313.5827492612582
2026-06-02 14:35:00+00:00,1,1.164555,4502.735,4487.12,-15.614999999999782,0.943110803324104,-16.558110803323885,1297.0246384579343
2026-06-02 14:40:00+00:00,1,1.1646649999999998,4504.51,4489.625,-14.885000000000218,0.9651342062193424,-15.850134206219561,1281.1745042517148
2026-06-02 14:45:00+00:00,1,1.164575,4503.9,4487.295,-16.604999999999563,1.0284606240712961,-17.63346062407086,1263.5410436276438
2026-06-02 14:50:00+00:00,1,1.164335,4504.219999999999,4488.27,-15.949999999998909,0.957007285974494,-16.907007285973403,1246.6340363416705
2026-06-02 14:55:00+00:00,1,1.1643599999999998,4504.17,4491.235,-12.9350000000004,1.0749847050255072,-14.009984705025907,1232.6240516366445
2026-06-02 15:00:00+00:00,1,1.1640700000000002,4502.889999999999,4488.673500000001,-14.216499999998632,1.1086379310344356,-15.325137931033067,1217.2989137056113
2026-06-02 15:05:00+00:00,1,1.16427,4506.860000000001,4482.925,-23.9350000000004,1.1029795427195799,-25.03797954271998,1192.2609341628913
2026-06-02 15:25:00+00:00,1,1.16369,4505.495,4484.735000000001,-20.75999999999931,1.134995594713688,-21.894995594712995,1170.3659385681783
2026-06-02 17:30:00+00:00,-1,1.1624949999999998,4488.673500000001,4487.495,1.178500000000895,1.0616098901099236,0.11689010989097137,1170.4828286780694
2026-06-02 17:50:00+00:00,-1,1.162075,4483.895,4489.5115000000005,-5.616500000000087,1.1184040920716887,-6.734904092071776,1163.7479245859977
2026-06-02 17:55:00+00:00,-1,1.162155,4484.735000000001,4489.865,-5.1299999999992,1.1023841463414672,-6.232384146340667,1157.5155404396571
2026-06-02 18:00:00+00:00,-1,1.162145,4486.57,4489.719999999999,-3.149999999999636,1.093482926829236,-4.2434829268288725,1153.2720575128283
2026-06-02 18:05:00+00:00,-1,1.16188,4487.645,4489.705,-2.0599999999994907,1.114852614897,-3.1748526148964906,1150.0972048979318
2026-06-02 18:10:00+00:00,-1,1.161845,4485.245,4489.1,-3.855000000000473,1.11202770083103,-4.967027700831503,1145.1301771971002
2026-06-02 18:15:00+00:00,-1,1.161605,4485.055,4488.83,-3.774999999999636,1.1249280397022097,-4.899928039701846,1140.2302491573985
2026-06-02 18:20:00+00:00,-1,1.1620149999999998,4487.65,4487.655,-0.005000000000109139,1.1426615044247732,-1.1476615044248824,1139.0825876529736
2026-06-02 18:25:00+00:00,-1,1.162055,4488.5,4489.435,-0.9350000000004002,1.0782899999999354,-2.0132900000003353,1137.0692976529733
2026-06-02 18:30:00+00:00,-1,1.162395,4488.34,4490.2865,-1.9465000000000146,1.0949584816133455,-3.0414584816133603,1134.02783917136
2026-06-03 13:00:00+00:00,-1,1.1602,4463.34,4441.2,22.140000000000327,1.2864834605598374,20.85351653944049,1154.8813557108006
2026-06-03 13:05:00+00:00,-1,1.160195,4462.6900000000005,4439.1835,23.506500000000415,1.2767651296829614,22.229734870317454,1177.111090581118
2026-06-03 13:10:00+00:00,-1,1.16016,4462.4735,4440.1900000000005,22.28349999999955,1.2491947449768235,21.034305255022726,1198.1453958361408
2026-06-03 13:15:00+00:00,-1,1.15986,4457.68,4441.805,15.875,1.2371507430997934,14.637849256900207,1212.783245093041
2026-06-03 13:20:00+00:00,-1,1.16001,4450.35,4441.375,8.975000000000364,1.2605606900800914,7.714439309920272,1220.497684402961
2026-06-03 13:25:00+00:00,-1,1.1604100000000002,4448.67,4442.305,6.364999999999782,1.2529365721997587,5.112063427800023,1225.609747830761
2026-06-03 13:30:00+00:00,-1,1.16035,4448.485000000001,4442.92,5.565000000000509,1.2828681881695427,4.282131811830967,1229.8918796425921
2026-06-03 13:35:00+00:00,-1,1.16045,4448.78,4439.43,9.349999999999454,1.2810534895568382,8.068946510442617,1237.9608261530348
2026-06-03 14:10:00+00:00,-1,1.160655,4454.639999999999,4439.1785,15.461499999999432,1.2702241545893955,14.191275845410036,1252.1521019984448
2026-06-03 14:45:00+00:00,-1,1.1596700000000002,4454.205,4442.6185000000005,11.586499999999432,1.276011323425334,10.3104886765741,1262.4625906750189
2026-06-03 14:50:00+00:00,-1,1.160705,4458.860000000001,4442.105,16.75500000000102,1.2817630279758683,15.47323697202515,1277.935827647044
2026-06-03 18:20:00+00:00,1,1.15971,4439.08,4434.165,-4.914999999999964,1.2976881720430509,-6.2126881720430145,1271.723139475001
2026-06-03 19:05:00+00:00,-1,1.15988,4447.851500000001,4436.7,11.151500000000851,1.289716894977182,9.861783105023669,1281.5849225800248
2026-06-03 19:10:00+00:00,-1,1.159815,4449.805,4436.845,12.960000000000036,1.2915076495132014,11.668492350486835,1293.2534149305116
2026-06-03 19:15:00+00:00,-1,1.15994,4451.5115000000005,4438.85,12.66150000000016,1.2983616858238016,11.363138314176359,1304.616553244688
2026-06-03 19:20:00+00:00,-1,1.159885,4448.021500000001,4439.7,8.321500000000924,1.2825132743362793,7.038986725664644,1311.6555399703527
2026-06-03 19:25:00+00:00,-1,1.159735,4448.095,4449.1515,-1.0564999999996871,1.3094169675090588,-2.365916967508746,1309.2896230028439
2026-06-03 19:30:00+00:00,-1,1.15978,4448.525,4446.451499999999,2.073500000000422,1.307835185185119,0.7656648148153029,1310.0552878176593
2026-06-04 13:35:00+00:00,-1,1.16382,4509.41,4482.715,26.69499999999971,1.1804977810650883,25.51450221893462,1335.569790036594
2026-06-04 13:45:00+00:00,-1,1.1639050000000002,4510.135,4483.415,26.720000000000255,1.1319073852295352,25.58809261477072,1361.1578826513646
2026-06-04 13:50:00+00:00,-1,1.163685,4498.594999999999,4484.41,14.18499999999949,1.1580274494853093,13.02697255051418,1374.1848552018787
2026-06-04 15:15:00+00:00,-1,1.16243,4473.3765,4478.745,-5.368499999999585,1.1015244596131915,-6.470024459612777,1367.7148307422658
2026-06-04 15:20:00+00:00,-1,1.162505,4470.86,4478.555,-7.6950000000006185,1.0303728590250496,-8.725372859025669,1358.9894578832402
2026-06-04 17:20:00+00:00,-1,1.16211,4475.545,4478.35,-2.805000000000291,1.0854022140221344,-3.8904022140224255,1355.0990556692177
2026-06-04 17:25:00+00:00,-1,1.162025,4476.935,4480.99,-4.0549999999993815,1.0591740827478884,-5.11417408274727,1349.9848815864705
2026-06-04 17:30:00+00:00,-1,1.162165,4480.12,4479.695,0.4250000000001819,1.0597361256544624,-0.6347361256542805,1349.3501454608163
2026-06-04 17:35:00+00:00,-1,1.161995,4477.955,4479.46,-1.5050000000001091,1.0898242677824224,-2.5948242677825313,1346.7553211930338
2026-06-04 17:40:00+00:00,-1,1.162065,4476.879999999999,4477.915,-1.035000000000764,1.0914071794871116,-2.1264071794878756,1344.628914013546
2026-06-04 17:45:00+00:00,-1,1.162015,4478.745,4477.7965,0.9484999999995125,1.093803183791629,-0.1453031837921166,1344.4836108297538
2026-06-04 17:50:00+00:00,-1,1.162015,4478.555,4477.895,0.6599999999998545,1.0866536585366378,-0.4266536585367833,1344.0569571712172
2026-06-04 17:55:00+00:00,-1,1.16208,4478.235000000001,4477.83,0.40500000000065484,1.0918040665434199,-0.686804066542765,1343.3701531046745
2026-06-04 18:00:00+00:00,-1,1.16208,4477.2,4476.049999999999,1.1500000000005457,1.1455362946912477,0.004463705309297961,1343.3746168099838
2026-06-04 18:05:00+00:00,-1,1.1620149999999998,4477.545,4476.27,1.2749999999996362,1.0946990291262517,0.18030097087338448,1343.554917780857
2026-06-04 18:10:00+00:00,-1,1.1620499999999998,4479.13,4475.25,3.880000000000109,1.0819999999999832,2.798000000000126,1346.3529177808573
2026-06-04 18:15:00+00:00,-1,1.161985,4478.865,4474.88,3.9849999999996726,1.0696335877861993,2.9153664122134733,1349.2682841930707
2026-06-04 18:20:00+00:00,-1,1.16187,4480.305,4475.885,4.420000000000073,1.0722086049544057,3.3477913950456673,1352.6160755881165
2026-06-04 18:25:00+00:00,-1,1.16166,4478.285,4474.93,3.3549999999995634,1.096985343855726,2.2580146561438372,1354.8740902442603
2026-06-04 18:30:00+00:00,-1,1.161605,4473.879999999999,4473.93,-0.050000000001091394,1.0805728274174358,-1.1305728274185272,1353.7435174168418
2026-06-04 18:35:00+00:00,-1,1.16175,4473.76,4474.961499999999,-1.2014999999992142,1.0867752675386089,-2.288275267537823,1351.455242149304
2026-06-04 18:40:00+00:00,-1,1.161645,4474.455,4475.435,-0.9800000000004729,1.0742471910112263,-2.054247191011699,1349.4009949582924
2026-06-04 18:45:00+00:00,-1,1.161625,4475.5,4478.0335,-2.533499999999549,1.061667857142811,-3.5951678571423598,1345.80582710115
2026-06-04 18:50:00+00:00,-1,1.161445,4478.344999999999,4479.515,-1.1700000000009823,1.0757989821883547,-2.2457989821893367,1343.5600281189606
2026-06-04 18:55:00+00:00,-1,1.16151,4478.195,4478.985000000001,-0.7900000000008731,1.0753617021276747,-1.8653617021285478,1341.6946664168322
2026-06-04 19:00:00+00:00,-1,1.161455,4481.52,4478.32,3.2000000000007276,1.0068680351906032,2.1931319648101244,1343.8877983816424
2026-06-04 19:05:00+00:00,-1,1.161245,4478.475,4479.27,-0.7950000000000728,0.9695349344978216,-1.7645349344978944,1342.1232634471444
2026-06-04 19:10:00+00:00,-1,1.1612,4478.25,4475.305,2.944999999999709,0.9986416309012586,1.9463583690984505,1344.069621816243
2026-06-04 19:15:00+00:00,-1,1.161265,4478.79,4473.685,5.104999999999563,0.9859493392070506,4.119050660792513,1348.1886724770354
2026-06-04 19:20:00+00:00,-1,1.161255,4479.365,4469.745,9.61999999999989,1.049802197802226,8.570197802197665,1356.7588702792332
2026-06-04 19:25:00+00:00,-1,1.161245,4480.245,4469.74,10.50500000000011,1.0768115942028749,9.428188405797234,1366.1870586850305
2026-06-04 19:30:00+00:00,-1,1.161235,4478.885,4470.135,8.75,1.0213672922252115,7.728632707774788,1373.9156913928052
2026-06-04 19:35:00+00:00,-1,1.16117,4479.205,4471.715,7.489999999999782,1.019345238095249,6.470654761904533,1380.3863461547098
2026-06-04 19:40:00+00:00,-1,1.161135,4478.125,4471.165,6.960000000000036,1.0623248587571215,5.897675141242915,1386.2840212959527
2026-06-04 19:45:00+00:00,-1,1.161105,4478.48,4470.07,8.409999999999854,1.0323216216216236,7.377678378378231,1393.661699674331
2026-06-04 19:50:00+00:00,-1,1.161315,4478.35,4471.655,6.6950000000006185,1.0931772151898278,5.601822784810791,1399.2635224591418
2026-06-04 19:55:00+00:00,-1,1.16125,4480.99,4469.445,11.545000000000073,1.1390443159923047,10.405955684007768,1409.6694781431495
2026-06-04 20:00:00+00:00,-1,1.1612900000000002,4479.695,4465.8150000000005,13.8799999999992,1.0665208845209104,12.81347911547829,1422.4829572586277
2026-06-04 20:05:00+00:00,-1,1.16111,4479.46,4463.8150000000005,15.644999999999527,1.0968733031674027,14.548126696832124,1437.0310839554597
2026-06-04 20:10:00+00:00,-1,1.1610200000000002,4477.915,4463.455,14.460000000000036,1.178486486486581,13.281513513513456,1450.312597468973
2026-06-04 20:15:00+00:00,-1,1.161055,4477.7965,4464.12,13.676500000000487,1.1594550898203315,12.517044910180156,1462.8296423791533
2026-06-04 20:20:00+00:00,-1,1.160965,4477.895,4464.505,13.390000000000327,1.2185493827159803,12.171450617284346,1475.0010929964376
2026-06-04 20:25:00+00:00,-1,1.1609349999999998,4477.83,4461.74,16.090000000000146,1.207159609120527,14.882840390879618,1489.8839333873173
2026-06-04 20:30:00+00:00,-1,1.16096,4476.049999999999,4462.31,13.739999999998872,1.2156888888888167,12.524311111110055,1502.4082444984274
2026-06-04 20:35:00+00:00,-1,1.161,4476.27,4461.43,14.840000000000146,1.2255319148935409,13.614468085106605,1516.022712583534
2026-06-04 20:40:00+00:00,-1,1.16105,4475.25,4455.683499999999,19.566500000000815,1.1852160000000878,18.381284000000726,1534.4039965835348
2026-06-04 20:45:00+00:00,-1,1.16108,4474.88,4452.49,22.390000000000327,1.30266242038216,21.08733757961817,1555.491334163153
2026-06-04 20:50:00+00:00,-1,1.161145,4475.885,4454.5,21.38500000000022,1.3262344827585586,20.05876551724166,1575.5500996803946
2026-06-04 20:55:00+00:00,-1,1.1610550000000002,4474.93,4457.5515,17.378500000000713,1.333953757225467,16.044546242775247,1591.5946459231698
2026-06-05 16:35:00+00:00,-1,1.152425,4331.905000000001,4319.995,11.910000000000764,1.079863175675685,10.830136824325079,1602.4247827474949
2026-06-05 16:40:00+00:00,-1,1.152495,4327.92,4315.52,12.399999999999636,0.992010781671173,11.407989218328463,1613.8327719658234
2026-06-05 16:45:00+00:00,-1,1.15268,4334.2185,4318.5785,15.640000000000327,1.0497908700741267,14.590209129926201,1628.4229810957497
2026-06-05 16:50:00+00:00,-1,1.152925,4338.21,4319.2885,18.92150000000038,1.1246403508772074,17.79685964912317,1646.219840744873
2026-06-05 16:55:00+00:00,-1,1.153225,4344.74,4323.99,20.75,1.0959270874166855,19.654072912583313,1665.8739136574563
2026-06-05 17:00:00+00:00,-1,1.15301,4344.215,4323.030000000001,21.18499999999949,1.0868781346238467,20.098121865375646,1685.972035522832
2026-06-05 17:05:00+00:00,-1,1.152775,4339.24,4322.37,16.86999999999989,1.0991998045920752,15.770800195407816,1701.7428357182398
2026-06-05 17:10:00+00:00,-1,1.15289,4339.655000000001,4318.955,20.700000000000728,1.1004105166051679,19.599589483395558,1721.3424252016353
2026-06-05 17:15:00+00:00,-1,1.152775,4338.61,4320.93,17.67999999999938,1.087382783882781,16.5926172161166,1737.935042417752
2026-06-05 17:20:00+00:00,-1,1.152875,4339.2015,4318.450000000001,20.751499999999396,1.0868726812815874,19.66462731871781,1757.5996697364697
2026-06-05 17:25:00+00:00,-1,1.152725,4342.485000000001,4318.81,23.675000000000182,1.0944483133840934,22.58055168661609,1780.1802214230856
2026-06-05 17:30:00+00:00,-1,1.1525150000000002,4343.185,4313.84,29.345000000000255,1.0676389280677063,28.27736107193255,1808.4575824950182
2026-06-05 17:35:00+00:00,-1,1.152535,4345.21,4314.09,31.11999999999989,1.0726853146852802,30.04731468531461,1838.5048971803328
2026-06-05 17:40:00+00:00,-1,1.1522549999999998,4341.235,4315.735000000001,25.49999999999909,1.0929233680227404,24.40707663197635,1862.9119738123093
2026-06-05 17:45:00+00:00,-1,1.152085,4339.99,4315.6,24.389999999999418,1.1143352540596894,23.27566474593973,1886.187638558249
2026-06-05 17:50:00+00:00,-1,1.1521249999999998,4343.51,4319.950000000001,23.55999999999949,1.092353944562884,22.467646055436607,1908.6552846136858
2026-06-05 17:55:00+00:00,-1,1.15242,4341.825000000001,4322.735000000001,19.090000000000146,1.101036496350386,17.98896350364976,1926.6442481173356
2026-06-05 18:00:00+00:00,-1,1.1520199999999998,4333.6900000000005,4322.65,11.040000000000873,1.082417582417572,9.957582417583302,1936.601830534919
2026-06-05 18:05:00+00:00,-1,1.1520899999999998,4330.065,4323.045,7.019999999999527,1.1242978515625275,5.895702148437,1942.497532683356
2026-06-05 18:10:00+00:00,-1,1.15211,4322.955,4324.33,-1.375,1.1094422382671354,-2.4844422382671354,1940.013090445089
2026-06-05 18:15:00+00:00,-1,1.152315,4326.3,4327.8165,-1.5164999999997235,1.1706073770491883,-2.687107377048912,1937.32598306804
2026-06-05 18:20:00+00:00,-1,1.15246,4327.375,4327.795,-0.42000000000007276,1.1525571245186197,-1.5725571245186925,1935.7534259435213
2026-06-08 13:10:00+00:00,1,1.154385,4324.0,4339.275,15.274999999999636,1.1143678304239333,14.160632169575702,1949.9140581130969
2026-06-08 13:15:00+00:00,1,1.1545800000000002,4325.49,4335.475,9.985000000000582,1.097534461910542,8.88746553809004,1958.801523651187
2026-06-08 13:20:00+00:00,1,1.1550349999999998,4331.835,4342.85,11.015000000000327,1.0674886251236388,9.947511374876688,1968.7490350260637
2026-06-08 13:25:00+00:00,1,1.15496,4331.34,4341.85,10.510000000000218,1.0690344438170618,9.440965556183157,1978.1900005822467
2026-06-08 13:30:00+00:00,1,1.155045,4333.4915,4341.344999999999,7.853499999999258,1.1452329683698081,6.7082670316294495,1984.8982676138762
2026-06-08 16:35:00+00:00,-1,1.1542400000000002,4341.395,4332.615,8.780000000000655,1.0961703163016896,7.683829683698965,1992.5820972975753
2026-06-08 16:45:00+00:00,-1,1.154215,4345.24,4328.84,16.399999999999636,0.9854475668265512,15.414552433173085,2007.9966497307485
2026-06-08 16:50:00+00:00,-1,1.154245,4338.115,4326.795,11.319999999999709,1.0101132516053657,10.309886748394343,2018.3065364791428
2026-06-08 17:00:00+00:00,-1,1.15384,4338.075,4327.344999999999,10.730000000000473,1.0619679197995298,9.668032080200943,2027.9745685593437
2026-06-08 17:05:00+00:00,-1,1.153865,4338.575,4326.02,12.554999999999382,1.058976404494361,11.49602359550502,2039.4705921548486
2026-06-08 17:35:00+00:00,-1,1.153855,4335.04,4327.93,7.109999999999673,1.1039913473424225,6.0060086526572505,2045.476600807506
2026-06-08 18:00:00+00:00,-1,1.154145,4343.91,4327.965,15.944999999999709,1.0102322863403717,14.934767713659337,2060.4113685211655
2026-06-08 18:05:00+00:00,-1,1.15414,4343.685,4327.705,15.980000000000473,1.0756578124999634,14.904342187500509,2075.315710708666
2026-06-08 18:10:00+00:00,-1,1.153975,4341.445,4326.355,15.090000000000146,1.0862603389830634,14.003739661017082,2089.3194503696827
2026-06-08 18:25:00+00:00,-1,1.15407,4342.745,4328.37,14.375,1.0413394495412838,13.333660550458717,2102.6531109201414
2026-06-08 18:35:00+00:00,-1,1.153875,4337.275,4327.045,10.229999999999563,1.0623786982248584,9.167621301774705,2111.820732221916
2026-06-08 18:45:00+00:00,-1,1.153435,4334.68,4324.655,10.025000000000546,1.041718654434267,8.98328134556628,2120.8040135674823
2026-06-08 18:50:00+00:00,-1,1.153295,4334.57,4326.115,8.454999999999927,1.0414631410256492,7.413536858974278,2128.2175504264565
2026-06-08 18:55:00+00:00,-1,1.15284,4334.785,4325.1900000000005,9.594999999999345,1.0716633522727235,8.523336647726621,2136.740887074183
2026-06-08 19:00:00+00:00,-1,1.15333,4337.165,4325.674999999999,11.490000000000691,1.0657814052519439,10.424218594748748,2147.1651056689316
2026-06-09 13:05:00+00:00,1,1.157675,4341.545,4270.305,-71.23999999999978,1.0628549772612668,-72.30285497726105,2074.8622506916704
2026-06-09 13:10:00+00:00,1,1.15768,4341.094999999999,4279.92,-61.17499999999927,1.0687588152327105,-62.243758815231985,2012.6184918764384
2026-06-09 13:15:00+00:00,1,1.157375,4334.15,4281.04,-53.10999999999967,1.0552653061223911,-54.165265306122066,1958.4532265703162
2026-06-09 13:20:00+00:00,1,1.15737,4333.7635,4279.98,-53.78350000000046,1.0448288633461007,-54.828328863346556,1903.6248977069697
2026-06-09 13:25:00+00:00,1,1.157215,4330.98,4272.4400000000005,-58.539999999999054,1.0764405034324904,-59.61644050343155,1844.0084572035382
2026-06-09 13:30:00+00:00,1,1.156865,4330.045,4273.8915,-56.15350000000035,1.0744370656370485,-57.2279370656374,1786.7805201379008
2026-06-09 14:45:00+00:00,1,1.15625,4284.228499999999,4264.1835,-20.044999999999163,1.4580250067953646,-21.503025006794527,1765.2774951311062
2026-06-09 14:50:00+00:00,1,1.15647,4298.305,4266.47,-31.835000000000036,1.4671915014164532,-33.30219150141649,1731.9753036296897
2026-06-09 15:15:00+00:00,1,1.156,4292.015,4257.2615000000005,-34.7534999999998,1.4845807142857257,-36.23808071428553,1695.7372229154041
2026-06-10 14:35:00+00:00,1,1.1556799999999998,4157.935,4120.215,-37.720000000000255,1.193158213474638,-38.913158213474894,1656.8240647019293
2026-06-10 14:50:00+00:00,1,1.1554799999999998,4138.105,4111.9400000000005,-26.164999999999054,1.1933148763381538,-27.358314876337207,1629.465749825592
2026-06-10 14:55:00+00:00,1,1.15523,4125.045,4111.1935,-13.85149999999976,1.196367064739152,-15.047867064738911,1614.417882760853
2026-06-10 15:00:00+00:00,1,1.155325,4129.205,4111.235000000001,-17.969999999999345,1.21844091829847,-19.188440918297815,1595.2294418425552
2026-06-10 15:05:00+00:00,1,1.155015,4126.639999999999,4105.4735,-21.16649999999936,1.2290570192685826,-22.395557019267944,1572.8338848232872
2026-06-10 15:10:00+00:00,1,1.15512,4123.379999999999,4102.32,-21.05999999999949,1.064999999999958,-22.12499999999945,1550.7088848232877
2026-06-10 15:15:00+00:00,1,1.15491,4115.605,4111.469999999999,-4.135000000000218,1.1215443661971882,-5.2565443661974065,1545.4523404570903
2026-06-10 15:20:00+00:00,1,1.155485,4130.545,4109.935,-20.609999999999673,0.840043076923108,-21.450043076922782,1524.0022973801674
2026-06-10 15:25:00+00:00,1,1.15545,4127.82,4111.79,-16.029999999999745,1.1480458849235262,-17.17804588492327,1506.8242514952442
2026-06-10 15:30:00+00:00,1,1.15543,4128.33,4119.83,-8.5,1.2205564838358178,-9.720556483835818,1497.1036950114085
2026-06-10 15:35:00+00:00,1,1.155265,4124.7085,4114.52,-10.188499999999294,1.2304751688518265,-11.418975168851121,1485.6847198425573
2026-06-10 15:40:00+00:00,1,1.1552600000000002,4128.785,4116.055,-12.729999999999563,1.2288963367108467,-13.95889633671041,1471.7258235058468
2026-06-10 16:40:00+00:00,1,1.15556,4122.26,4089.075,-33.1850000000004,1.2369098360655817,-34.42190983606598,1437.303913669781
2026-06-10 17:30:00+00:00,1,1.15491,4111.235000000001,4077.6065,-33.62850000000071,1.2196444826105857,-34.848144482611296,1402.4557691871696
2026-06-10 17:45:00+00:00,1,1.155025,4111.469999999999,4074.03,-37.439999999999145,1.227303614457841,-38.66730361445698,1363.7884655727125
2026-06-10 17:50:00+00:00,1,1.155145,4109.935,4076.49,-33.44500000000062,1.2396566217287854,-34.6846566217294,1329.1038089509832
2026-06-10 17:55:00+00:00,1,1.155255,4111.79,4078.56,-33.23000000000002,1.2103662374821098,-34.44036623748213,1294.6634427135011
2026-06-10 18:00:00+00:00,1,1.15574,4119.83,4076.2285,-43.60149999999976,1.2165040265277107,-44.81800402652747,1249.8454386869737
2026-06-10 18:05:00+00:00,1,1.155665,4114.52,4076.56,-37.96000000000049,1.2232275077559,-39.18322750775639,1210.6622111792174
2026-06-10 18:10:00+00:00,1,1.1554099999999998,4116.055,4072.925,-43.13000000000011,1.2180225563909877,-44.34802255639109,1166.3141886228264
2026-06-10 19:25:00+00:00,1,1.15438,4084.7915,4046.395,-38.39649999999983,1.063577610162775,-39.46007761016261,1126.8541110126637
2026-06-10 19:30:00+00:00,1,1.15452,4086.45,4049.715,-36.73499999999967,1.1205243553008832,-37.85552435530055,1088.9985866573631
2026-06-10 19:35:00+00:00,1,1.15452,4086.3715,4040.545,-45.826500000000124,1.0681913177103364,-46.89469131771046,1042.1038953396526
2026-06-11 13:45:00+00:00,1,1.15328,4083.8685,4097.035,13.166499999999814,1.4922224183583555,11.674277581641459,1053.778172921294
2026-06-11 14:10:00+00:00,1,1.152315,4061.015,4082.065,21.050000000000182,1.4407067711248067,19.609293228875377,1073.3874661501695
2026-06-11 14:15:00+00:00,1,1.152115,4063.77,4081.575,17.804999999999836,1.1478538336052246,16.65714616639461,1090.044612316564
2026-06-11 15:10:00+00:00,-1,1.1517149999999998,4080.645,4166.83,-86.18499999999995,1.1352616361072079,-87.32026163610715,1002.724350680457
2026-06-11 15:15:00+00:00,-1,1.15205,4082.115,4154.379999999999,-72.26499999999942,1.0839654265313914,-73.34896542653081,929.3753852539262
2026-06-11 15:30:00+00:00,-1,1.152075,4079.595,4138.8265,-59.231500000000324,1.0790964812713022,-60.310596481271624,869.0647887726545
2026-06-11 15:40:00+00:00,-1,1.151915,4088.2265,4146.945,-58.718499999999494,1.068448389760514,-59.786948389760006,809.2778403828945
2026-06-11 15:45:00+00:00,-1,1.15185,4089.855,4161.355,-71.49999999999955,1.0437715899919358,-72.54377158999148,736.734068792903
2026-06-11 15:50:00+00:00,-1,1.15156,4090.68,4155.81,-65.13000000000056,1.054883164673444,-66.184883164674,670.549185628229
2026-06-11 15:55:00+00:00,-1,1.15144,4088.86,4152.935,-64.07500000000027,1.1121109543958554,-65.18711095439613,605.3620746738329
2026-06-11 16:00:00+00:00,-1,1.1511550000000002,4087.705,4154.15,-66.44499999999971,1.089229729729736,-67.53422972972945,537.8278449441035
2026-06-11 16:05:00+00:00,-1,1.1510250000000002,4092.755,4156.555,-63.80000000000018,1.1184125144843633,-64.91841251448454,472.90943242961896
2026-06-11 16:10:00+00:00,-1,1.150985,4102.83,4164.845,-62.01500000000033,1.1442551361681577,-63.15925513616848,409.75017729345046
2026-06-11 16:15:00+00:00,-1,1.150995,4097.035,4168.255,-71.22000000000025,1.164894439208297,-72.38489443920855,337.3652828542419
2026-06-11 16:20:00+00:00,-1,1.1510699999999998,4087.89,4164.92,-77.0300000000002,1.2090137961726664,-78.23901379617287,259.12626905806906
2026-06-11 16:25:00+00:00,-1,1.150935,4079.735,4161.81,-82.07500000000027,1.104619950535866,-83.17961995053614,175.94664910753292
2026-06-11 16:30:00+00:00,-1,1.1510349999999998,4084.845,4174.28,-89.43499999999995,1.1880531127557634,-90.62305311275571,85.32359599477721
2026-06-11 16:35:00+00:00,-1,1.15086,4082.695,4174.245,-91.54999999999973,1.1331790865384765,-92.6831790865382,-7.359583091760996
2026-06-11 16:40:00+00:00,-1,1.150995,4082.065,4188.291499999999,-106.2264999999993,1.1105519568151212,-107.33705195681442,-114.69663504857542
2026-06-11 16:45:00+00:00,-1,1.1509049999999998,4081.575,4195.825000000001,-114.25000000000091,1.1052238993710568,-115.35522389937196,-230.05185894794738
2026-06-11 16:50:00+00:00,-1,1.150865,4079.785,4191.84,-112.05500000000029,1.110057591623043,-113.16505759162334,-343.2169165395707
2026-06-11 16:55:00+00:00,-1,1.1509,4080.37,4195.68,-115.3100000000004,1.1070023566378797,-116.41700235663828,-459.633918896209
2026-06-11 17:00:00+00:00,-1,1.150675,4074.93,4215.02,-140.0900000000006,1.1760930446798759,-141.26609304468047,-600.9000119408895
2026-06-11 17:05:00+00:00,-1,1.150715,4076.77,4208.5,-131.73000000000002,1.1622864173228442,-132.89228641732285,-733.7922983582123
2026-06-11 17:10:00+00:00,-1,1.150485,4076.1,4210.41,-134.30999999999995,1.1080034305317326,-135.41800343053168,-869.210301788744
2026-06-11 17:15:00+00:00,-1,1.1503800000000002,4078.495,4210.174999999999,-131.67999999999938,1.1143114754098284,-132.79431147540922,-1002.0046132641532
2026-06-11 17:20:00+00:00,-1,1.150405,4080.535,4215.3915,-134.85649999999987,1.1318318739054538,-135.9883318739053,-1137.9929451380585
2026-06-11 17:25:00+00:00,-1,1.152295,4101.865,4208.7765,-106.91150000000016,1.3325718390804524,-108.24407183908062,-1246.237016977139
2026-06-11 17:45:00+00:00,-1,1.155215,4154.379999999999,4213.469999999999,-59.090000000000146,1.4671413227812444,-60.55714132278139,-1306.7941582999206
2026-06-12 18:05:00+00:00,-1,1.15725,4220.7285,4214.1185000000005,6.609999999999673,1.205044308111812,5.40495569188786,-1301.3892026080327
2026-06-12 18:10:00+00:00,-1,1.157365,4227.139999999999,4213.92,13.219999999999345,1.1978631178707322,12.022136882128613,-1289.3670657259042
2026-06-12 18:15:00+00:00,-1,1.15739,4229.3765,4215.045,14.331500000000233,1.258975401069535,13.072524598930698,-1276.2945411269736
2026-06-12 18:20:00+00:00,-1,1.15759,4229.1165,4217.0,12.116500000000087,1.3093676064124131,10.807132393587674,-1265.487408733386
2026-06-15 14:10:00+00:00,-1,1.1613449999999998,4357.48,4336.355,21.125,1.1952574791564274,19.929742520843572,-1245.5576662125425
2026-06-15 14:15:00+00:00,-1,1.161225,4361.6,4336.795,24.80500000000029,1.184478328981763,23.62052167101853,-1221.937144541524
2026-06-15 14:20:00+00:00,-1,1.16105,4357.655,4338.0650000000005,19.589999999999236,1.1849734513274552,18.40502654867178,-1203.5321179928524
2026-06-15 14:25:00+00:00,-1,1.16123,4363.75,4339.4,24.350000000000364,1.1829793307086678,23.167020669291695,-1180.3650973235606
2026-06-15 14:30:00+00:00,-1,1.16083,4357.3315,4334.0735,23.25799999999981,1.170295220243666,22.087704779756145,-1158.2773925438044
2026-06-15 14:35:00+00:00,-1,1.160835,4357.51,4332.38,25.13000000000011,1.158731428571415,23.971268571428695,-1134.3061239723756
2026-06-15 14:40:00+00:00,-1,1.160685,4357.115,4333.8915,23.223500000000058,1.1729925841414672,22.05050741585859,-1112.255616556517
2026-06-15 14:45:00+00:00,-1,1.1610049999999998,4362.035,4330.9715,31.063500000000204,1.1936093469143318,29.86989065308587,-1082.3857259034312
2026-06-15 14:50:00+00:00,-1,1.160795,4361.535,4331.110000000001,30.424999999999272,1.176854265402873,29.2481457345964,-1053.1375801688348
2026-06-15 14:55:00+00:00,-1,1.160775,4356.83,4329.8515,26.978500000000167,1.163216960352409,25.81528303964776,-1027.322297129187
2026-06-15 15:20:00+00:00,-1,1.160235,4356.531499999999,4321.5765,34.95499999999902,1.2084673823286132,33.746532617670404,-993.5757645115167
2026-06-15 15:25:00+00:00,-1,1.1603150000000002,4354.12,4324.84,29.279999999999745,1.2090781831719917,28.070921816827752,-965.5048426946889
2026-06-15 15:30:00+00:00,-1,1.159955,4352.93,4320.6365000000005,32.29349999999977,1.2121387024608725,31.081361297538894,-934.42348139715
2026-06-15 15:35:00+00:00,-1,1.159935,4354.81,4320.889999999999,33.92000000000098,1.2163009345794844,32.703699065421496,-901.7197823317285
2026-06-15 15:40:00+00:00,-1,1.159775,4357.639999999999,4324.375,33.26499999999942,1.2108316690442156,32.0541683309552,-869.6656140007733
2026-06-15 15:45:00+00:00,-1,1.159695,4357.02,4325.005,32.01500000000033,1.203713178294573,30.811286821705753,-838.8543271790676
2026-06-15 15:50:00+00:00,-1,1.15982,4356.700000000001,4326.945,29.75500000000102,1.209097199341055,28.545902800659963,-810.3084243784076
2026-06-15 15:55:00+00:00,-1,1.159845,4356.3735,4324.82,31.553499999999985,1.2370962850644673,30.316403714935518,-779.9920206634721
2026-06-15 16:00:00+00:00,-1,1.1599400000000002,4357.219999999999,4323.285,33.93499999999949,1.1763097744361164,32.75869022556338,-747.2333304379088
2026-06-15 16:05:00+00:00,-1,1.1601400000000002,4352.33,4324.995000000001,27.334999999999127,1.2020208136234816,26.132979186375646,-721.1003512515331
2026-06-15 16:10:00+00:00,-1,1.160295,4351.878500000001,4325.030000000001,26.848500000000058,1.18234138486311,25.666158615136947,-695.4341926363961
2026-06-15 16:15:00+00:00,-1,1.16016,4345.98,4325.285,20.69499999999971,1.210759273875281,19.484240726124426,-675.9499519102717
2026-06-15 16:20:00+00:00,-1,1.160335,4340.0315,4326.06,13.97149999999965,1.215530129672014,12.755969870327636,-663.1939820399441
2026-06-15 16:25:00+00:00,-1,1.16049,4343.049999999999,4325.764999999999,17.284999999999854,1.2096127886323036,16.075387211367552,-647.1185948285765
2026-06-15 16:35:00+00:00,-1,1.159935,4339.02,4322.33,16.69000000000051,1.217124735729352,15.472875264271158,-631.6457195643054
2026-06-15 16:40:00+00:00,-1,1.15989,4336.355,4322.665,13.6899999999996,1.2149212022745641,12.475078797725036,-619.1706407665804
2026-06-15 16:45:00+00:00,-1,1.160085,4336.795,4324.299999999999,12.4950000000008,1.1875332834704726,11.307466716530328,-607.86317405005
2026-06-15 17:50:00+00:00,1,1.160075,4321.5765,4312.610000000001,-8.966499999999542,1.1470639235856286,-10.11356392358517,-617.9767379736352
2026-06-15 17:55:00+00:00,1,1.159945,4324.84,4312.84,-12.0,1.2027179916318171,-13.202717991631816,-631.179455965267
2026-06-15 18:05:00+00:00,1,1.16013,4320.889999999999,4311.889999999999,-9.0,1.1023225412340014,-10.102322541234,-641.281778506501
2026-06-15 18:10:00+00:00,1,1.16016,4324.375,4309.9735,-14.401499999999942,1.103129834254115,-15.504629834254057,-656.7864083407551
2026-06-15 18:15:00+00:00,1,1.1600700000000002,4325.005,4310.139999999999,-14.865000000000691,1.0842023562023064,-15.949202356202997,-672.7356106969581
2026-06-15 18:20:00+00:00,1,1.16003,4326.945,4307.98,-18.965000000000146,1.1279746835443003,-20.092974683544448,-692.8285853805025
2026-06-15 18:25:00+00:00,1,1.15977,4324.82,4309.68,-15.139999999999418,1.1489393706830302,-16.28893937068245,-709.117524751185
2026-06-15 18:30:00+00:00,1,1.159615,4323.285,4313.43,-9.854999999999563,1.1270633423180727,-10.982063342317636,-720.0995880935026
2026-06-15 18:35:00+00:00,1,1.159675,4324.995000000001,4314.2970000000005,-10.69800000000032,1.1252952380952717,-11.823295238095591,-731.9228833315982
2026-06-15 18:40:00+00:00,1,1.15965,4325.030000000001,4310.17,-14.860000000000582,1.2145361930295222,-16.074536193030106,-747.9974195246283
2026-06-15 18:50:00+00:00,1,1.15959,4326.06,4307.735000000001,-18.324999999999818,1.2199287257019344,-19.54492872570175,-767.5423482503301
2026-06-15 18:55:00+00:00,1,1.1594799999999998,4325.764999999999,4308.56,-17.204999999999018,1.2098283671036454,-18.414828367102665,-785.9571766174328
2026-06-15 19:00:00+00:00,1,1.15907,4322.38,4310.014999999999,-12.365000000000691,1.2030030030029915,-13.568003003003682,-799.5251796204365
2026-06-15 19:05:00+00:00,1,1.159395,4322.33,4311.23,-11.100000000000364,1.2083091891891673,-12.308309189189531,-811.833488809626
2026-06-15 19:10:00+00:00,1,1.15921,4322.665,4312.425,-10.239999999999782,1.2058697972251242,-11.445869797224907,-823.2793586068509
2026-06-15 19:15:00+00:00,1,1.159415,4324.299999999999,4311.16,-13.139999999999418,1.2100771573604536,-14.350077157359872,-837.6294357642108
2026-06-15 19:20:00+00:00,1,1.159215,4323.475,4313.67,-9.805000000000291,1.2130546697039013,-11.018054669704192,-848.647490433915
2026-06-15 19:25:00+00:00,1,1.159175,4321.57,4312.07,-9.5,1.1957822222221572,-10.695782222222157,-859.3432726561372
2026-06-15 19:30:00+00:00,1,1.159335,4322.81,4315.8150000000005,-6.994999999999891,1.2110776173285442,-8.206077617328436,-867.5493502734656
2026-06-15 19:35:00+00:00,1,1.15931,4320.91,4314.525,-6.385000000000218,1.163381507381518,-7.548381507381736,-875.0977317808473
2026-06-15 19:40:00+00:00,1,1.1593,4319.3585,4313.530000000001,-5.828499999999622,1.1521514004542166,-6.980651400453838,-882.0783831813012
2026-06-15 19:45:00+00:00,1,1.159255,4318.665,4312.825000000001,-5.839999999999236,1.1637851622875104,-7.003785162286746,-889.0821683435879
2026-06-15 19:50:00+00:00,1,1.15911,4320.1185000000005,4313.92,-6.198500000000422,1.2024575438596468,-7.400957543860069,-896.483125887448
2026-06-16 13:00:00+00:00,-1,1.160045,4347.28,4326.365,20.914999999999964,1.0721182266009959,19.842881773398968,-876.640244114049
2026-06-16 14:05:00+00:00,-1,1.159185,4333.889999999999,4344.4400000000005,-10.550000000001091,1.0491362248014904,-11.599136224802582,-888.2393803388516
2026-06-16 15:00:00+00:00,1,1.16047,4323.435,4337.535,14.099999999999454,1.0511122770199524,13.048887722979503,-875.190492615872
2026-06-16 15:25:00+00:00,1,1.160215,4325.925,4340.385,14.460000000000036,1.031372452130949,13.428627547869088,-861.761865068003
2026-06-16 15:30:00+00:00,1,1.16069,4326.365,4340.889999999999,14.524999999999636,1.0569812462189543,13.468018753780681,-848.2938463142223
2026-06-16 15:35:00+00:00,1,1.160695,4325.889999999999,4340.48,14.590000000000146,1.0322832131823376,13.557716786817808,-834.7361295274045
2026-06-16 15:40:00+00:00,1,1.160685,4326.67,4341.85,15.180000000000291,1.0692653594771673,14.110734640523123,-820.6253948868814
2026-06-16 15:45:00+00:00,1,1.160575,4325.505,4340.205,14.699999999999818,1.1126678062677793,13.587332193732038,-807.0380626931494
2026-06-16 15:50:00+00:00,1,1.1614399999999998,4338.05,4339.87,1.819999999999709,1.0594159607668474,0.7605840392328616,-806.2774786539165
2026-06-16 15:55:00+00:00,1,1.16141,4335.31,4341.465,6.154999999999745,1.10611323828923,5.0488867617105155,-801.228591892206
2026-06-16 16:00:00+00:00,1,1.161305,4337.56,4340.47,2.9099999999998545,1.108036756756752,1.8019632432431025,-799.426628648963
2026-06-16 16:05:00+00:00,1,1.16161,4341.98,4338.68,-3.2999999999992724,1.0831638225255866,-4.383163822524859,-803.8097924714878
2026-06-16 16:10:00+00:00,1,1.161715,4346.014999999999,4338.870000000001,-7.144999999998618,1.0463989867004277,-8.191398986699046,-812.0011914581868
2026-06-16 16:15:00+00:00,1,1.16194,4346.25,4336.629999999999,-9.6200000000008,1.0443044077134997,-10.664304407714301,-822.6654958659011
2026-06-16 16:20:00+00:00,1,1.16162,4343.23,4338.200000000001,-5.029999999998836,1.059885971492825,-6.089885971491661,-828.7553818373927
2026-06-16 16:25:00+00:00,1,1.161685,4344.63,4338.625,-6.005000000000109,1.0726787391012949,-7.077678739101404,-835.8330605764942
2026-06-16 16:30:00+00:00,1,1.16156,4340.975,4342.0,1.0249999999996362,1.0247227901383258,0.00027720986131041236,-835.8327833666328
2026-06-16 16:35:00+00:00,1,1.161535,4344.4400000000005,4341.005,-3.4350000000004,1.0434370460048437,-4.478437046005244,-840.3112204126381
2026-06-16 16:40:00+00:00,1,1.161415,4344.185,4339.17,-5.015000000000327,1.047714093054613,-6.06271409305494,-846.3739345056931
2026-06-16 16:45:00+00:00,1,1.161275,4343.834999999999,4338.905000000001,-4.929999999998472,1.0119558232932075,-5.941955823291679,-852.3158903289848
2026-06-16 16:55:00+00:00,1,1.16132,4340.745,4339.5015,-1.2434999999995853,0.9999147286821786,-2.243414728681764,-854.5593050576665
2026-06-16 17:15:00+00:00,1,1.161215,4331.265,4337.885,6.619999999999891,1.0764601899196182,5.543539810080272,-849.0157652475863
2026-06-16 17:20:00+00:00,1,1.16122,4328.455,4333.9400000000005,5.485000000000582,1.0915599173553607,4.393440082645221,-844.622325164941
2026-06-16 17:25:00+00:00,1,1.161205,4334.855,4334.2335,-0.621499999999287,1.0190020512820606,-1.6405020512813475,-846.2628272162224
2026-06-16 17:30:00+00:00,1,1.161215,4337.535,4332.77,-4.764999999999418,1.0505591559909246,-5.815559155990343,-852.0783863722127
2026-06-16 17:35:00+00:00,1,1.161115,4336.9400000000005,4332.0665,-4.873500000000604,1.085648192771084,-5.959148192771687,-858.0375345649843
2026-06-16 17:40:00+00:00,1,1.161235,4338.58,4331.1915,-7.388500000000022,1.0696716891355948,-8.458171689135616,-866.4957062541199
2026-06-16 17:45:00+00:00,1,1.1612,4337.389999999999,4333.465,-3.9249999999992724,1.0809431721798155,-5.005943172179088,-871.501649426299
2026-06-17 13:25:00+00:00,-1,1.15983,4335.54,4363.77,-28.230000000000473,1.055375410913855,-29.285375410914327,-900.7870248372133
2026-06-17 13:30:00+00:00,-1,1.15969,4335.03,4362.93,-27.900000000000546,1.0664123244222803,-28.966412324422826,-929.753437161636
2026-06-17 13:35:00+00:00,-1,1.15978,4337.715,4362.75,-25.034999999999854,1.0517017310252916,-26.086701731025148,-955.8401388926612
2026-06-17 13:40:00+00:00,-1,1.15976,4341.9400000000005,4362.3015,-20.36149999999907,1.0694628799202266,-21.430962879919296,-977.2711017725806
2026-06-17 13:45:00+00:00,-1,1.15992,4341.865,4365.461499999999,-23.59649999999965,1.081385796545132,-24.677885796544782,-1001.9489875691253
2026-06-17 13:50:00+00:00,-1,1.15965,4340.47,4365.33,-24.859999999999673,1.081271572260453,-25.941271572260124,-1027.8902591413855
2026-06-17 13:55:00+00:00,-1,1.15971,4339.8315,4365.405000000001,-25.573500000000422,1.0782904564315163,-26.65179045643194,-1054.5420495978174
2026-06-17 14:05:00+00:00,-1,1.159335,4342.665,4359.799999999999,-17.13499999999931,1.0242997722095661,-18.159299772208875,-1072.7013493700263
2026-06-17 14:10:00+00:00,-1,1.159285,4342.405000000001,4357.66,-15.2549999999992,1.0719149130832613,-16.32691491308246,-1089.0282642831087
2026-06-17 14:15:00+00:00,-1,1.159275,4341.675,4356.92,-15.24499999999989,1.0661280258202899,-16.31112802582018,-1105.3393923089288
2026-06-17 14:20:00+00:00,-1,1.1591749999999998,4358.4,4357.299999999999,1.1000000000003638,1.080326827054016,0.01967317294634774,-1105.3197191359825
2026-06-17 14:25:00+00:00,-1,1.159275,4360.3215,4359.5665,0.7550000000001091,1.0663498098859434,-0.31134980988583427,-1105.6310689458683
2026-06-17 14:30:00+00:00,-1,1.159425,4360.639999999999,4356.49,4.149999999999636,1.0666224882428528,3.083377511756783,-1102.5476914341116
2026-06-17 14:35:00+00:00,-1,1.1593399999999998,4352.22,4359.435,-7.2150000000001455,1.0703378509196757,-8.285337850919822,-1110.8330292850314
2026-06-17 14:40:00+00:00,-1,1.159275,4352.09,4359.0650000000005,-6.975000000000364,1.0471762336354917,-8.022176233635856,-1118.8552055186674
2026-06-17 14:45:00+00:00,-1,1.15891,4345.945,4362.32,-16.375,1.2271527609834703,-17.602152760983472,-1136.4573582796509
2026-06-17 14:50:00+00:00,-1,1.15889,4347.02,4362.295,-15.274999999999636,1.2145236818588088,-16.489523681858444,-1152.9468819615092
2026-06-17 14:55:00+00:00,-1,1.15894,4344.5,4361.3515,-16.85149999999976,1.1855278167367738,-18.037027816736533,-1170.9839097782458
2026-06-17 15:25:00+00:00,-1,1.15927,4355.56,4380.46,-24.899999999999636,1.2069536423840963,-26.106953642383733,-1197.0908634206296
2026-06-17 15:30:00+00:00,-1,1.15938,4358.961499999999,4316.545,42.41649999999936,1.2324553759662644,41.18404462403309,-1155.9068187965966
2026-06-17 15:35:00+00:00,-1,1.159135,4359.7015,4295.105,64.59650000000056,1.2086196943973213,63.38788030560324,-1092.5189384909934
2026-06-17 15:40:00+00:00,-1,1.159295,4358.2365,4284.5935,73.64300000000003,1.1418571428571562,72.50114285714287,-1020.0177956338505
2026-06-17 15:45:00+00:00,-1,1.15938,4359.049999999999,4306.835,52.214999999999236,1.160648648648681,51.054351351350554,-968.9634442825
2026-06-17 15:50:00+00:00,-1,1.159215,4358.93,4292.65,66.28000000000065,1.1993403880070497,65.08065961199361,-903.8827846705063
2026-06-17 15:55:00+00:00,-1,1.159265,4363.77,4292.82,70.95000000000073,1.204230825420011,69.74576917458072,-834.1370154959257
2026-06-17 16:00:00+00:00,-1,1.1591399999999998,4362.93,4271.06,91.86999999999989,1.2106903553299067,90.65930964466999,-743.4777058512557
2026-06-17 16:05:00+00:00,-1,1.159115,4362.75,4302.585,60.164999999999964,1.208414245548294,58.956585754451666,-684.521120096804
2026-06-17 16:10:00+00:00,-1,1.15895,4362.3015,4323.59,38.71149999999943,1.2107198177676959,37.500780182231736,-647.0203399145722
2026-06-17 16:15:00+00:00,-1,1.15905,4365.461499999999,4318.9135,46.547999999999774,1.2136008064516457,45.33439919354813,-601.685940721024
2026-06-17 16:20:00+00:00,-1,1.159245,4365.33,4311.18,54.149999999999636,1.2154917695473462,52.93450823045229,-548.7514324905718
2026-06-17 16:25:00+00:00,-1,1.159185,4365.405000000001,4286.389999999999,79.01500000000124,1.2078141592920348,77.8071858407092,-470.94424664986263
2026-06-17 16:30:00+00:00,-1,1.158955,4361.76,4271.705,90.05500000000029,1.1855653775322497,88.86943462246803,-382.0748120273946
2026-06-17 16:35:00+00:00,-1,1.15897,4359.799999999999,4268.99,90.80999999999949,1.1631465576005808,89.6468534423989,-292.42795858499574
2026-06-17 16:40:00+00:00,-1,1.159035,4357.66,4264.9,92.76000000000022,1.1872734026746263,91.5727265973256,-200.85523198767015
2026-06-17 16:45:00+00:00,-1,1.159065,4356.92,4244.02,112.89999999999964,1.1973032786884978,111.70269672131114,-89.15253526635901
2026-06-17 16:50:00+00:00,-1,1.15903,4357.299999999999,4236.35,120.94999999999891,1.186498777506113,119.76350122249279,30.610965956133782
2026-06-17 16:55:00+00:00,-1,1.159165,4359.5665,4227.15,132.41650000000027,1.2054100719424194,131.21108992805785,161.82205588419163
2026-06-17 17:00:00+00:00,-1,1.15915,4356.49,4226.924999999999,129.5650000000005,1.2152269736842034,128.3497730263163,290.17182891050794
2026-06-17 17:05:00+00:00,-1,1.159065,4359.435,4221.99,137.44500000000062,1.205533088235325,136.2394669117653,426.41129582227325
2026-06-17 17:10:00+00:00,-1,1.159075,4359.0650000000005,4230.975,128.09000000000015,1.0993307766059295,126.99066922339422,553.4019650456675
2026-06-17 17:15:00+00:00,-1,1.159135,4362.32,4238.73,123.59000000000015,0.8316833602585018,122.75831663974165,676.1602816854091
2026-06-17 17:20:00+00:00,-1,1.1591200000000002,4362.295,4238.27,124.02499999999964,0.7051193926845906,123.31988060731504,799.4801622927241
2026-06-17 17:25:00+00:00,-1,1.159075,4361.3515,4235.965,125.38649999999961,1.1386033824331863,124.24789661756643,923.7280589102905
2026-06-17 17:30:00+00:00,-1,1.159175,4377.715,4240.5165,137.19850000000042,1.237843766720195,135.96065623328022,1059.6887151435708
2026-06-17 17:35:00+00:00,-1,1.159215,4374.62,4254.3235,120.29649999999947,1.4066979381443565,118.88980206185511,1178.578517205426
2026-06-17 17:40:00+00:00,-1,1.1593,4376.5515,4257.705,118.84649999999965,1.451355102040839,117.39514489795882,1295.9736621033846
2026-06-17 17:45:00+00:00,-1,1.15936,4376.3150000000005,4267.38,108.9350000000004,1.4448363154407373,107.49016368455966,1403.4638257879442
2026-06-17 17:50:00+00:00,-1,1.159475,4378.121499999999,4259.9,118.22149999999965,1.4822998760842745,116.73920012391538,1520.2030259118596
