model,leader,entry_time,exit_time,direction,xau_entry,xau_exit,gross_per_oz,cost_per_oz,ounces,notional,pnl,pnl_per_dollar,desired_notional,equity
GC=F_60m_volz_follow_w6_q0.65_all_h8_cost2.0,GC=F,2026-05-28 02:00:00+00:00,2026-05-28 10:00:00,-1,4394.4465,4383.11,11.336500000000342,1.6649872426442913,113.77997206246566,500000.0,1100.424451333752,0.0022008489026675037,500000.0,1100.424451333752
GC=F_60m_volz_follow_w6_q0.65_all_h8_cost2.0,GC=F,2026-05-28 03:00:00+00:00,2026-05-28 11:00:00,-1,4374.93,4388.115,-13.18499999999949,1.713254647557658,114.28754288640046,500000.0,-1702.6849169652025,-0.0034053698339304053,500000.0,-602.2604656314506
GC=F_60m_volz_follow_w6_q0.65_all_h8_cost2.0,GC=F,2026-05-28 04:00:00+00:00,2026-05-28 12:00:00,-1,4373.135,4432.2365,-59.10149999999976,1.818033329738251,114.3344534298621,500000.0,-6965.201546457863,-0.013930403092915725,500000.0,-7567.462012089313
GC=F_60m_volz_follow_w6_q0.65_all_h8_cost2.0,GC=F,2026-05-28 05:00:00+00:00,2026-05-28 13:00:00,-1,4388.1385,4430.54,-42.40149999999994,1.7292972410821565,113.94353209225278,500000.0,-5028.418911695939,-0.010056837823391878,500000.0,-12595.880923785251
GC=F_60m_volz_follow_w6_q0.65_all_h8_cost2.0,GC=F,2026-05-28 06:00:00+00:00,2026-05-28 14:00:00,-1,4383.5765,4469.431500000001,-85.85500000000047,1.6887195592099233,114.06211343636868,500000.0,-9985.421671004304,-0.019970843342008607,500000.0,-22581.302594789555
GC=F_60m_volz_follow_w6_q0.65_all_h8_cost2.0,GC=F,2026-05-28 07:00:00+00:00,2026-05-28 15:00:00,-1,4387.635,4482.389999999999,-94.7549999999992,1.7442367669523497,113.95660760295694,500000.0,-10996.725658236333,-0.021993451316472668,500000.0,-33578.028253025885
GC=F_60m_volz_follow_w6_q0.65_all_h8_cost2.0,GC=F,2026-05-28 13:00:00+00:00,2026-05-28 22:00:00,1,4430.54,4491.3315,60.79150000000027,1.490764396314386,112.85306080071504,500000.0,6692.26952060989,0.01338453904121978,500000.0,-26885.758732415994
GC=F_60m_volz_follow_w6_q0.65_all_h8_cost2.0,GC=F,2026-05-28 14:00:00+00:00,2026-05-28 23:00:00,1,4469.431500000001,4495.2635,25.831999999999425,1.766677402815019,111.8710511616522,500000.0,2692.2129354912813,0.005384425870982563,500000.0,-24193.545796924715
GC=F_60m_volz_follow_w6_q0.65_all_h8_cost2.0,GC=F,2026-05-28 15:00:00+00:00,2026-05-29 00:00:00,1,4482.389999999999,4496.3,13.910000000000764,1.644557913330426,111.54763418622656,500000.0,1368.1810470162502,0.0027363620940325005,500000.0,-22825.364749908465
GC=F_60m_volz_follow_w6_q0.65_all_h8_cost2.0,GC=F,2026-05-28 16:00:00+00:00,2026-05-29 01:00:00,1,4511.0485,4506.69,-4.3585000000002765,1.5379692555485713,110.83897679220253,500000.0,-653.5586189717144,-0.0013071172379434289,500000.0,-23478.92336888018
GC=F_60m_volz_follow_w6_q0.65_all_h8_cost2.0,GC=F,2026-05-28 17:00:00+00:00,2026-05-29 02:00:00,1,4509.0615,4501.895,-7.16649999999936,1.3613842714441462,110.88782000422927,500000.0,-945.6384961087253,-0.0018912769922174507,500000.0,-24424.561864988904
GC=F_60m_volz_follow_w6_q0.65_all_h8_cost2.0,GC=F,2026-05-28 18:00:00+00:00,2026-05-29 03:00:00,1,4501.1615,4501.455,0.29349999999976717,1.3535588701307268,111.08243949922704,500000.0,-117.7539253069413,-0.0002355078506138826,500000.0,-24542.315790295845
GC=F_60m_volz_follow_w6_q0.65_all_h8_cost2.0,GC=F,2026-05-28 19:00:00+00:00,2026-05-29 04:00:00,1,4498.1015,4514.28,16.178499999999985,1.5547624059520722,111.15800743936082,500000.0,1625.5455322704383,0.0032510910645408768,500000.0,-22916.770258025404
GC=F_60m_volz_follow_w6_q0.65_all_h8_cost2.0,GC=F,2026-05-28 20:00:00+00:00,2026-05-29 05:00:00,1,4496.135,4514.945,18.80999999999949,1.7378477028459034,111.20662524590564,500000.0,1898.536442650586,0.003797072885301172,500000.0,-21018.233815374817
GC=F_60m_volz_follow_w6_q0.65_all_h8_cost2.0,GC=F,2026-05-29 15:00:00+00:00,2026-06-01 00:00:00,1,4571.215,4540.865,-30.350000000000364,1.8545691861022522,109.38011010201882,500000.0,-3522.539323363987,-0.007045078646727974,500000.0,-24540.773138738805
GC=F_60m_volz_follow_w6_q0.65_all_h8_cost2.0,GC=F,2026-05-29 16:00:00+00:00,2026-06-01 01:00:00,1,4567.045,4525.615,-41.43000000000029,1.8963244982266172,109.47998103806728,500000.0,-4743.365184515032,-0.009486730369030064,500000.0,-29284.138323253836
GC=F_60m_volz_follow_w6_q0.65_all_h8_cost2.0,GC=F,2026-05-31 23:00:00+00:00,2026-06-01 07:00:00,-1,4539.695,4503.275,36.42000000000007,1.626798159935764,110.13955783373113,500000.0,3832.107866284443,0.007664215732568886,500000.0,-25452.03045696939
GC=F_60m_volz_follow_w6_q0.65_all_h8_cost2.0,GC=F,2026-06-01 04:00:00+00:00,2026-06-01 12:00:00,-1,4514.51,4502.299999999999,12.210000000000946,1.3989957065764302,110.75399102006641,500000.0,1197.361872431838,0.002394723744863676,500000.0,-24254.668584537554
GC=F_60m_volz_follow_w6_q0.65_all_h8_cost2.0,GC=F,2026-06-01 07:00:00+00:00,2026-06-01 15:00:00,-1,4503.275,4474.25,29.024999999999636,1.2497780401771903,111.03030572194682,500000.0,3083.8913856940167,0.0061677827713880334,500000.0,-21170.777198843538
GC=F_60m_volz_follow_w6_q0.65_all_h8_cost2.0,GC=F,2026-06-01 14:00:00+00:00,2026-06-01 23:00:00,-1,4458.825000000001,4484.63,-25.80499999999938,1.0817452585767977,112.13716618167341,500000.0,-3015.0034211452767,-0.006030006842290553,500000.0,-24185.780619988815
GC=F_60m_volz_follow_w6_q0.65_all_h8_cost2.0,GC=F,2026-06-01 15:00:00+00:00,2026-06-02 00:00:00,-1,4474.25,4481.5465,-7.296500000000378,1.0234182994779977,111.7505727216852,500000.0,-929.7556349643377,-0.0018595112699286754,500000.0,-25115.536254953153
GC=F_60m_volz_follow_w6_q0.65_all_h8_cost2.0,GC=F,2026-06-01 20:00:00+00:00,2026-06-02 05:00:00,1,4485.025,4517.1865,32.16150000000016,1.201069576315394,111.4820987619913,500000.0,3451.533762206985,0.00690306752441397,500000.0,-21664.002492746167
GC=F_60m_volz_follow_w6_q0.65_all_h8_cost2.0,GC=F,2026-06-01 22:00:00+00:00,2026-06-02 06:00:00,1,4485.945,4535.780000000001,49.835000000000946,1.5586024489687704,111.45923545652032,500000.0,5380.850361633076,0.010761700723266153,500000.0,-16283.152131113091
GC=F_60m_volz_follow_w6_q0.65_all_h8_cost2.0,GC=F,2026-06-02 05:00:00+00:00,2026-06-02 13:00:00,1,4517.1865,4502.735000000001,-14.451499999999214,1.3742700038774762,110.68836763768776,500000.0,-1751.7286483385942,-0.0035034572966771886,500000.0,-18034.880779451683
GC=F_60m_volz_follow_w6_q0.65_all_h8_cost2.0,GC=F,2026-06-02 06:00:00+00:00,2026-06-02 14:00:00,1,4535.780000000001,4504.17,-31.610000000000582,1.2557789252817286,110.23462337238577,500000.0,-3622.9467616685893,-0.007245893523337179,500000.0,-21657.827541120274
GC=F_60m_volz_follow_w6_q0.65_all_h8_cost2.0,GC=F,2026-06-02 07:00:00+00:00,2026-06-02 15:00:00,1,4535.155000000001,4502.18,-32.975000000000364,1.2216561231110565,110.24981505593523,500000.0,-3770.1750131044487,-0.007540350026208897,500000.0,-25428.002554224724
GC=F_60m_volz_follow_w6_q0.65_all_h8_cost2.0,GC=F,2026-06-02 08:00:00+00:00,2026-06-02 16:00:00,1,4526.7815,4491.985000000001,-34.79649999999947,1.229604391467807,110.45375174392667,500000.0,-3979.2183907559133,-0.007958436781511827,500000.0,-29407.220944980636
GC=F_60m_volz_follow_w6_q0.65_all_h8_cost2.0,GC=F,2026-06-02 09:00:00+00:00,2026-06-02 17:00:00,1,4529.865,4484.735000000001,-45.1299999999992,1.1059203491781537,110.37856536563453,500000.0,-5103.454556501943,-0.010206909113003888,500000.0,-34510.675501482576
GC=F_60m_volz_follow_w6_q0.65_all_h8_cost2.0,GC=F,2026-06-02 10:00:00+00:00,2026-06-02 18:00:00,1,4533.245,4487.46,-45.784999999999854,1.0866025148397804,110.29626680225755,500000.0,-5169.762776426119,-0.010339525552852237,500000.0,-39680.438277908695
GC=F_60m_volz_follow_w6_q0.65_all_h8_cost2.0,GC=F,2026-06-02 14:00:00+00:00,2026-06-02 23:00:00,-1,4504.17,4474.485000000001,29.68499999999949,1.0507792263528377,111.00824347216025,500000.0,3178.634551276556,0.006357269102553112,500000.0,-36501.80372663214
GC=F_60m_volz_follow_w6_q0.65_all_h8_cost2.0,GC=F,2026-06-02 16:00:00+00:00,2026-06-03 01:00:00,-1,4491.985000000001,4475.93,16.05500000000029,1.114022262802534,111.30936545870031,500000.0,1663.0707512600504,0.003326141502520101,500000.0,-34838.73297537209
GC=F_60m_volz_follow_w6_q0.65_all_h8_cost2.0,GC=F,2026-06-02 17:00:00+00:00,2026-06-03 02:00:00,-1,4484.735000000001,4481.99,2.7450000000008004,1.0888155963132442,111.48930761795289,500000.0,184.64685245477781,0.0003692937049095556,500000.0,-34654.08612291732
GC=F_60m_volz_follow_w6_q0.65_all_h8_cost2.0,GC=F,2026-06-02 18:00:00+00:00,2026-06-03 03:00:00,-1,4487.46,4484.595,2.8649999999997817,1.0944405805725388,111.42160598646005,500000.0,197.27857400703772,0.0003945571480140754,500000.0,-34456.80754891028
GC=F_60m_volz_follow_w6_q0.65_all_h8_cost2.0,GC=F,2026-06-02 19:00:00+00:00,2026-06-03 04:00:00,-1,4488.22,4469.5985,18.621500000000196,1.1046683965275597,111.40273872492881,500000.0,1951.4230144102376,0.0039028460288204753,500000.0,-32505.38453450004
FXI_60m_divergence_follow_w6_q0.55_all_h8_cost2.0,FXI,2026-06-02 20:00:00+00:00,2026-06-03 13:00:00,1,4489.435,4447.155,-42.280000000000655,1.228855767255373,111.372589201091,500000.0,-4845.693919976125,-0.00969138783995225,500000.0,-37351.07845447616
GC=F_60m_volz_follow_w6_q0.65_all_h8_cost2.0,GC=F,2026-06-03 09:00:00+00:00,2026-06-03 17:00:00,-1,4443.2685,4439.02,4.248499999999694,1.1744724268129731,112.5297739715707,500000.0,345.91962799307777,0.0006918392559861555,500000.0,-37005.158826483086
GC=F_60m_volz_follow_w6_q0.65_all_h8_cost2.0,GC=F,2026-06-03 10:00:00+00:00,2026-06-03 18:00:00,-1,4459.07,4442.135,16.93499999999949,1.2325067248296429,112.13100489563968,500000.0,1760.7363503118195,0.003521472700623639,500000.0,-35244.42247617127
QQQ_60m_divergence_follow_w12_q0.65_all_h8_cost2.0,QQQ,2026-06-02 22:00:00+00:00,2026-06-03 20:00:00,1,4484.9765,4434.84,-50.136499999999614,1.5020543674996452,111.48330431608728,500000.0,-5756.836670994738,-0.011513673341989475,500000.0,-41001.259147166005
QQQ_60m_divergence_follow_w12_q0.65_all_h8_cost2.0,QQQ,2026-06-02 23:00:00+00:00,2026-06-03 22:00:00,1,4474.485000000001,4449.1515,-25.33350000000064,1.5795624643633062,111.74470358041204,500000.0,-3007.3921875214623,-0.006014784375042925,500000.0,-44008.65133468747
SPY_60m_divergence_follow_w12_q0.55_all_h6_cost2.0,SPY,2026-06-03 09:00:00+00:00,2026-06-03 22:00:00,1,4443.2685,4449.1515,5.882999999999811,1.1744724268129731,112.5297739715707,500000.0,529.8495435496231,0.0010596990870992463,500000.0,-43478.80179113785
QQQ_60m_divergence_follow_w12_q0.65_all_h8_cost2.0,QQQ,2026-06-03 08:00:00+00:00,2026-06-03 23:00:00,1,4444.148499999999,4457.48,13.331500000000233,1.1496181822787146,112.50749159259644,500000.0,1370.5529661893072,0.002741105932378614,500000.0,-42108.24882494854
FXI_60m_divergence_follow_w6_q0.55_all_h8_cost2.0,FXI,2026-06-03 08:00:00+00:00,2026-06-03 23:00:00,1,4444.148499999999,4457.48,13.331500000000233,1.1496181822787146,112.50749159259644,500000.0,1370.5529661893072,0.002741105932378614,500000.0,-40737.69585875923
GC=F_60m_volz_follow_w6_q0.65_all_h8_cost2.0,GC=F,2026-06-03 17:00:00+00:00,2026-06-04 02:00:00,-1,4439.02,4475.0935,-36.07349999999951,1.3017968094896526,112.63747403706222,500000.0,-4209.85902400633,-0.008419718048012661,500000.0,-44947.55488276556
GC=F_60m_volz_follow_w6_q0.65_all_h8_cost2.0,GC=F,2026-06-03 18:00:00+00:00,2026-06-04 03:00:00,-1,4442.135,4463.875,-21.73999999999978,1.2947246656766447,112.55848820443322,500000.0,-2592.753784573907,-0.005185507569147814,500000.0,-47540.308667339465
GC=F_60m_volz_follow_w6_q0.65_all_h8_cost2.0,GC=F,2026-06-03 22:00:00+00:00,2026-06-04 06:00:00,-1,4449.1515,4467.87,-18.71849999999995,1.5248681487564684,112.38097871021026,500000.0,-2274.9695249483434,-0.004549939049896687,500000.0,-49815.278192287806
EWJ_60m_divergence_follow_w12_q0.75_all_h8_cost2.0,EWJ,2026-06-03 09:00:00+00:00,2026-06-04 08:00:00,1,4443.2685,4463.45,20.181499999999687,1.1744724268129731,112.5297739715707,500000.0,2138.856516682113,0.004277713033364226,500000.0,-47676.42167560569
QQQ_60m_divergence_follow_w12_q0.65_all_h8_cost2.0,QQQ,2026-06-03 09:00:00+00:00,2026-06-04 08:00:00,1,4443.2685,4463.45,20.181499999999687,1.1744724268129731,112.5297739715707,500000.0,2138.856516682113,0.004277713033364226,500000.0,-45537.56515892358
SPY_60m_divergence_follow_w12_q0.55_all_h6_cost2.0,SPY,2026-06-03 13:00:00+00:00,2026-06-04 10:00:00,1,4447.155,4473.76,26.605000000000473,1.278474074711858,112.4314308810914,500000.0,2847.4975490272564,0.005694995098054513,500000.0,-42690.06760989632
GC=F_60m_volz_follow_w6_q0.65_all_h8_cost2.0,GC=F,2026-06-04 02:00:00+00:00,2026-06-04 10:00:00,1,4475.0935,4473.76,-1.3334999999997308,1.7644634561519112,111.72950911528442,500000.0,-346.13393621291283,-0.0006922678724258257,500000.0,-43036.20154610924
SPY_60m_divergence_follow_w12_q0.55_all_h6_cost2.0,SPY,2026-06-03 20:00:00+00:00,2026-06-04 11:00:00,1,4434.84,4511.525,76.68499999999949,1.301049374139182,112.7436390038874,500000.0,8499.060916048866,0.016998121832097732,500000.0,-34537.14063006037
GC=F_60m_volz_follow_w6_q0.65_all_h8_cost2.0,GC=F,2026-06-04 03:00:00+00:00,2026-06-04 11:00:00,1,4463.875,4511.525,47.649999999999636,1.7385030570311581,112.01030494805522,500000.0,5142.560773203604,0.010285121546407209,500000.0,-29394.579856856766
GC=F_60m_volz_follow_w6_q0.65_all_h8_cost2.0,GC=F,2026-06-04 07:00:00+00:00,2026-06-04 15:00:00,1,4461.795,4477.535,15.739999999999782,0.9823626205972483,112.06252192223084,500000.0,1653.7780623496299,0.0033075561246992597,500000.0,-27740.801794507137
EWJ_60m_divergence_follow_w12_q0.75_all_h8_cost2.0,EWJ,2026-06-03 22:00:00+00:00,2026-06-04 20:00:00,1,4449.1515,4474.93,25.77850000000035,1.5248681487564684,112.38097871021026,500000.0,2725.6468847199158,0.005451293769439832,500000.0,-25015.15490978722
EFA_60m_volz_follow_w6_q0.75_all_h8_cost2.0,EFA,2026-06-03 23:00:00+00:00,2026-06-04 22:00:00,-1,4457.48,4469.74,-12.260000000000218,1.6182743611830366,112.17100244981471,500000.0,-1556.7399473674875,-0.003113479894734975,500000.0,-26571.894857154708
EWJ_60m_divergence_follow_w12_q0.75_all_h8_cost2.0,EWJ,2026-06-03 23:00:00+00:00,2026-06-04 22:00:00,1,4457.48,4469.74,12.260000000000218,1.6182743611830366,112.17100244981471,500000.0,1193.693032702018,0.002387386065404036,500000.0,-25378.20182445269
EFA_60m_volz_follow_w6_q0.75_all_h8_cost2.0,EFA,2026-06-04 08:00:00+00:00,2026-06-04 23:00:00,-1,4463.45,4461.74,1.7100000000000364,1.0427764499829013,112.02097032564497,500000.0,74.74302949704096,0.00014948605899408194,500000.0,-25303.45879495565
EWJ_60m_divergence_follow_w12_q0.75_all_h8_cost2.0,EWJ,2026-06-04 08:00:00+00:00,2026-06-04 23:00:00,1,4463.45,4461.74,-1.7100000000000364,1.0427764499829013,112.02097032564497,500000.0,-308.368689016673,-0.000616737378033346,500000.0,-25611.827483972324
EEM_60m_divergence_follow_w12_q0.65_all_h6_cost2.0,EEM,2026-06-04 10:00:00+00:00,2026-06-04 23:00:00,-1,4473.76,4461.74,12.020000000000437,1.1403709302327008,111.76281248882371,500000.0,1215.937943672407,0.002431875887344814,500000.0,-24395.889540299915
SPY_60m_divergence_follow_w12_q0.55_all_h6_cost2.0,SPY,2026-06-04 10:00:00+00:00,2026-06-04 23:00:00,-1,4473.76,4461.74,12.020000000000437,1.1403709302327008,111.76281248882371,500000.0,1215.937943672407,0.002431875887344814,500000.0,-23179.951596627507
GC=F_60m_volz_follow_w6_q0.65_all_h8_cost2.0,GC=F,2026-06-04 18:00:00+00:00,2026-06-05 03:00:00,-1,4478.195,4442.47,35.724999999999454,1.084623890653327,111.6521276987715,500000.0,3867.6716968941873,0.007735343393788375,500000.0,-19312.27989973332
SPY_60m_divergence_follow_w12_q0.55_all_h6_cost2.0,SPY,2026-06-04 11:00:00+00:00,2026-06-05 08:00:00,-1,4511.525,4462.870000000001,48.654999999998836,1.1516972148571878,110.8272701580951,500000.0,5264.661371170686,0.010529322742341371,500000.0,-14047.618528562634
EEM_60m_divergence_follow_w12_q0.65_all_h6_cost2.0,EEM,2026-06-04 11:00:00+00:00,2026-06-05 08:00:00,-1,4511.525,4462.870000000001,48.654999999998836,1.1516972148571878,110.8272701580951,500000.0,5264.661371170686,0.010529322742341371,500000.0,-8782.95715739195
GC=F_60m_volz_follow_w6_q0.65_all_h8_cost2.0,GC=F,2026-06-05 02:00:00+00:00,2026-06-05 10:00:00,-1,4440.69,4466.785,-26.095000000000255,1.2758874904704312,112.5951147231624,500000.0,-3081.8282170643174,-0.006163656434128635,500000.0,-11864.785374456267
SPY_60m_divergence_follow_w12_q0.55_all_h6_cost2.0,SPY,2026-06-04 20:00:00+00:00,2026-06-05 11:00:00,-1,4474.93,4470.275,4.655000000000655,1.2096943516650303,111.73359136344031,500000.0,384.9563734332855,0.000769912746866571,500000.0,-11479.829001022981
GC=F_60m_volz_follow_w6_q0.65_all_h8_cost2.0,GC=F,2026-06-05 03:00:00+00:00,2026-06-05 11:00:00,-1,4442.47,4470.275,-27.80499999999938,1.2093348975993308,112.55000033764999,500000.0,-3265.563402521425,-0.00653112680504285,500000.0,-14745.392403544407
EEM_60m_divergence_follow_w12_q0.65_all_h6_cost2.0,EEM,2026-06-04 22:00:00+00:00,2026-06-05 12:00:00,-1,4469.74,4406.375,63.36499999999978,1.501472849275457,111.86332985811256,500000.0,6920.260143847777,0.013840520287695553,500000.0,-7825.13225969663
EEM_60m_divergence_follow_w12_q0.65_all_h6_cost2.0,EEM,2026-06-04 23:00:00+00:00,2026-06-05 13:00:00,-1,4461.74,4365.496499999999,96.2435000000005,1.5616634634729734,112.06390332022933,500000.0,10610.416175811177,0.021220832351622355,500000.0,2785.2839161145466
GC=F_60m_volz_follow_w6_q0.65_all_h8_cost2.0,GC=F,2026-06-05 10:00:00+00:00,2026-06-05 18:00:00,1,4466.785,4322.46,-144.32499999999982,1.0751619600103417,111.93733300349133,500000.0,-16275.70634807923,-0.03255141269615846,500000.0,-13490.422431964682
GC=F_60m_volz_follow_w6_q0.65_all_h8_cost2.0,GC=F,2026-06-05 11:00:00+00:00,2026-06-05 19:00:00,1,4470.275,4318.81,-151.46499999999924,1.0909039413515154,111.84994211765496,500000.0,-17063.369025546614,-0.034126738051093224,500000.0,-30553.791457511295
GC=F_60m_volz_follow_w6_q0.65_all_h8_cost2.0,GC=F,2026-06-05 12:00:00+00:00,2026-06-05 20:00:00,1,4406.375,4329.505,-76.86999999999989,1.2514728476900865,113.47195824231936,500000.0,-8864.596504801562,-0.017729193009603125,500000.0,-39418.38796231286
QQQ_60m_divergence_follow_w12_q0.65_all_h8_cost2.0,QQQ,2026-06-04 22:00:00+00:00,2026-06-05 20:00:00,-1,4469.74,4329.505,140.23499999999967,1.501472849275457,111.86332985811256,500000.0,15519.194310040879,0.031038388620081757,500000.0,-23899.19365227198
EEM_60m_divergence_follow_w12_q0.65_all_h6_cost2.0,EEM,2026-06-05 08:00:00+00:00,2026-06-05 20:00:00,-1,4462.870000000001,4329.505,133.3650000000007,1.1188475975322334,112.0355287068635,500000.0,14816.267603859,0.029632535207718,500000.0,-9082.92604841298
SPY_60m_divergence_follow_w12_q0.55_all_h6_cost2.0,SPY,2026-06-05 08:00:00+00:00,2026-06-05 20:00:00,-1,4462.870000000001,4329.505,133.3650000000007,1.1188475975322334,112.0355287068635,500000.0,14816.267603859,0.029632535207718,500000.0,5733.341555446019
GC=F_60m_volz_follow_w6_q0.65_all_h8_cost2.0,GC=F,2026-06-05 13:00:00+00:00,2026-06-07 22:00:00,-1,4365.496499999999,4317.375,48.12149999999929,1.174554580300008,114.53450941948988,500000.0,5377.045362388823,0.010754090724777647,500000.0,11110.386917834843
GC=F_60m_volz_follow_w6_q0.65_all_h8_cost2.0,GC=F,2026-06-05 18:00:00+00:00,2026-06-08 03:00:00,-1,4322.46,4317.055,5.404999999999745,1.132634349716242,115.67487032847036,500000.0,494.2053425923551,0.0009884106851847103,500000.0,11604.592260427198
GC=F_60m_volz_follow_w6_q0.65_all_h8_cost2.0,GC=F,2026-06-05 19:00:00+00:00,2026-06-08 04:00:00,-1,4318.81,4312.735000000001,6.074999999999818,1.175430919479967,115.77263181292994,500000.0,567.2360072010404,0.0011344720144020807,500000.0,12171.828267628238
GC=F_60m_volz_follow_w6_q0.65_all_h8_cost2.0,GC=F,2026-06-05 20:00:00+00:00,2026-06-08 05:00:00,-1,4329.505,4292.02,37.48499999999967,1.7101211028448207,115.48664339225847,500000.0,4131.520681596955,0.00826304136319391,500000.0,16303.348949225194
QQQ_60m_divergence_follow_w12_q0.65_all_h8_cost2.0,QQQ,2026-06-04 23:00:00+00:00,2026-06-08 08:00:00,-1,4461.74,4288.84,172.89999999999964,1.5616634634729734,112.06390332022933,500000.0,19200.842780678242,0.03840168556135649,500000.0,35504.19172990344
EFA_60m_volz_follow_w6_q0.75_all_h8_cost2.0,EFA,2026-06-04 23:00:00+00:00,2026-06-08 08:00:00,1,4461.74,4288.84,-172.89999999999964,1.5616634634729734,112.06390332022933,500000.0,-19550.85498745698,-0.03910170997491396,500000.0,15953.33674244646
EEM_60m_divergence_follow_w12_q0.65_all_h6_cost2.0,EEM,2026-06-05 11:00:00+00:00,2026-06-08 10:00:00,-1,4470.275,4302.145,168.1299999999992,1.0909039413515154,111.84994211765496,500000.0,18683.313225545153,0.037366626451090304,500000.0,34636.649967991616
SPY_60m_divergence_follow_w12_q0.55_all_h6_cost2.0,SPY,2026-06-05 20:00:00+00:00,2026-06-08 13:00:00,1,4329.505,4327.084999999999,-2.4200000000009823,1.7101211028448207,115.48664339225847,500000.0,-476.9738229711945,-0.000953947645942389,500000.0,34159.67614502042
GC=F_60m_volz_follow_w6_q0.65_all_h8_cost2.0,GC=F,2026-06-08 06:00:00+00:00,2026-06-08 14:00:00,-1,4300.1885,4331.1,-30.91150000000016,1.187467609337094,116.27397264096678,500000.0,-3732.274481611358,-0.0074645489632227165,500000.0,30427.401663409062
GC=F_60m_volz_follow_w6_q0.65_all_h8_cost2.0,GC=F,2026-06-08 07:00:00+00:00,2026-06-08 15:00:00,-1,4294.63,4341.85,-47.220000000000255,1.1148880413249889,116.42446497137122,500000.0,-5627.363479662421,-0.011254726959324841,500000.0,24800.03818374664
SPY_60m_divergence_follow_w12_q0.55_all_h6_cost2.0,SPY,2026-06-08 08:00:00+00:00,2026-06-08 20:00:00,1,4288.84,4328.37,39.529999999999745,1.1145736233404293,116.58163979071264,500000.0,4478.533400250338,0.008957066800500676,500000.0,29278.571583996978
EWJ_60m_divergence_follow_w12_q0.75_all_h8_cost2.0,EWJ,2026-06-05 20:00:00+00:00,2026-06-08 22:00:00,1,4329.505,4328.041499999999,-1.4635000000007494,1.7101211028448207,115.48664339225847,500000.0,-366.51084856647236,-0.0007330216971329447,500000.0,28912.060735430507
GDXJ_60m_divergence_follow_w12_q0.85_all_h8_cost2.0,GDXJ,2026-06-05 20:00:00+00:00,2026-06-08 22:00:00,1,4329.505,4328.041499999999,-1.4635000000007494,1.7101211028448207,115.48664339225847,500000.0,-366.51084856647236,-0.0007330216971329447,500000.0,28545.549886864035
SPY_60m_divergence_follow_w12_q0.55_all_h6_cost2.0,SPY,2026-06-08 09:00:00+00:00,2026-06-08 22:00:00,1,4294.38,4328.041499999999,33.66149999999925,1.0775221215577238,116.43124269393952,500000.0,3793.793036298782,0.007587586072597565,500000.0,32339.342923162818
EEM_60m_divergence_follow_w12_q0.65_all_h6_cost2.0,EEM,2026-06-08 10:00:00+00:00,2026-06-08 23:00:00,1,4302.145,4317.955,15.80999999999949,1.1112887345476803,116.22109436106871,500000.0,1708.3003089681786,0.003416600617936357,500000.0,34047.643232131
FXI_60m_divergence_follow_w6_q0.55_all_h8_cost2.0,FXI,2026-06-08 08:00:00+00:00,2026-06-08 23:00:00,1,4288.84,4317.955,29.11499999999978,1.1145736233404293,116.58163979071264,500000.0,3264.335621830069,0.006528671243660139,500000.0,37311.97885396107
EFA_60m_volz_follow_w6_q0.75_all_h8_cost2.0,EFA,2026-06-08 08:00:00+00:00,2026-06-08 23:00:00,-1,4288.84,4317.955,-29.11499999999978,1.1145736233404293,116.58163979071264,500000.0,-3524.2132631830764,-0.007048426526366153,500000.0,33787.76559077799
GC=F_60m_volz_follow_w6_q0.65_all_h8_cost2.0,GC=F,2026-06-08 15:00:00+00:00,2026-06-09 00:00:00,1,4341.85,4319.99,-21.860000000000582,1.090936112037796,115.15828506281883,500000.0,-2642.9904432486583,-0.0052859808864973165,500000.0,31144.775147529333
GC=F_60m_volz_follow_w6_q0.65_all_h8_cost2.0,GC=F,2026-06-08 16:00:00+00:00,2026-06-09 01:00:00,1,4340.745,4336.655,-4.0900000000001455,1.059741226000478,115.1876002852045,500000.0,-593.1863339127988,-0.0011863726678255975,500000.0,30551.588813616534
GC=F_60m_volz_follow_w6_q0.65_all_h8_cost2.0,GC=F,2026-06-08 17:00:00+00:00,2026-06-09 02:00:00,1,4339.1900000000005,4336.17,-3.0200000000004366,1.0743615431361755,115.22887912260121,500000.0,-471.78869133831563,-0.0009435773826766313,500000.0,30079.80012227822
EEM_60m_divergence_follow_w12_q0.65_all_h6_cost2.0,EEM,2026-06-08 20:00:00+00:00,2026-06-09 11:00:00,1,4328.37,4339.915,11.545000000000073,1.1907435335871643,115.51692669526867,500000.0,1196.0918852146315,0.002392183770429263,500000.0,31275.89200749285
FXI_60m_divergence_follow_w6_q0.55_all_h8_cost2.0,FXI,2026-06-08 22:00:00+00:00,2026-06-09 20:00:00,-1,4328.041499999999,4260.9400000000005,67.10149999999885,1.4389580548659964,115.52569447404792,500000.0,7585.710759142775,0.015171421518285549,500000.0,38861.602766635624
EEM_60m_divergence_follow_w12_q0.65_all_h6_cost2.0,EEM,2026-06-09 08:00:00+00:00,2026-06-09 20:00:00,1,4326.695,4260.9400000000005,-65.7549999999992,0.8679267507353114,115.56164693836752,500000.0,-7699.0551391691015,-0.015398110278338203,500000.0,31162.547627466523
FXI_60m_divergence_follow_w6_q0.55_all_h8_cost2.0,FXI,2026-06-08 23:00:00+00:00,2026-06-09 22:00:00,-1,4317.955,4237.415,80.53999999999996,1.5068197827472274,115.79555599815191,500000.0,9151.69104555892,0.018303382091117842,500000.0,40314.238673025444
QQQ_60m_divergence_follow_w12_q0.65_all_h8_cost2.0,QQQ,2026-06-09 08:00:00+00:00,2026-06-09 23:00:00,1,4326.695,4222.145,-104.54999999999927,0.8679267507353114,115.56164693836752,500000.0,-12182.269232143079,-0.024364538464286156,500000.0,28131.969440882363
ZB=F_60m_divergence_fade_w12_q0.85_all_h8_cost2.0,ZB=F,2026-06-09 16:00:00+00:00,2026-06-10 01:00:00,-1,4252.275,4188.805,63.469999999999345,1.6466722477469868,117.58411673751111,500000.0,7269.441387522252,0.014538882775044504,500000.0,35401.410828404616
GC=F_60m_volz_follow_w6_q0.65_all_h8_cost2.0,GC=F,2026-06-09 16:00:00+00:00,2026-06-10 01:00:00,-1,4252.275,4188.805,63.469999999999345,1.6466722477469868,117.58411673751111,500000.0,7269.441387522252,0.014538882775044504,500000.0,42670.85221592687
GC=F_60m_volz_follow_w6_q0.65_all_h8_cost2.0,GC=F,2026-06-09 17:00:00+00:00,2026-06-10 02:00:00,-1,4263.12,4174.12,89.0,1.564381568832024,117.2849931505564,500000.0,10254.8859088142,0.0205097718176284,500000.0,52925.73812474107
ZB=F_60m_divergence_fade_w12_q0.85_all_h8_cost2.0,ZB=F,2026-06-09 20:00:00+00:00,2026-06-10 05:00:00,-1,4260.9400000000005,4205.255,55.6850000000004,1.2186910392870656,117.34499899083299,500000.0,6391.348970029304,0.012782697940058608,500000.0,59317.08709477037
GC=F_60m_volz_follow_w6_q0.65_all_h8_cost2.0,GC=F,2026-06-09 20:00:00+00:00,2026-06-10 05:00:00,-1,4260.9400000000005,4205.255,55.6850000000004,1.2186910392870656,117.34499899083299,500000.0,6391.348970029304,0.012782697940058608,500000.0,65708.43606479968
GC=F_60m_volz_follow_w6_q0.65_all_h8_cost2.0,GC=F,2026-06-09 22:00:00+00:00,2026-06-10 06:00:00,-1,4237.415,4204.065,33.350000000000364,1.9073828831984387,117.99646718577246,500000.0,3710.117738857526,0.007420235477715052,500000.0,69418.55380365721
GC=F_60m_volz_follow_w6_q0.65_all_h8_cost2.0,GC=F,2026-06-09 23:00:00+00:00,2026-06-10 07:00:00,-1,4222.145,4186.17,35.975000000000364,1.5521014786452378,118.42321852991783,500000.0,4076.4704340276235,0.008152940868055247,500000.0,73495.02423768483
EEM_60m_divergence_follow_w12_q0.65_all_h6_cost2.0,EEM,2026-06-09 11:00:00+00:00,2026-06-10 08:00:00,1,4339.915,4169.115,-170.80000000000018,1.0463800594482753,115.20962968168732,500000.0,-19798.35780878755,-0.0395967156175751,500000.0,53696.66642889728
GDX_60m_divergence_follow_w12_q0.75_all_h8_cost2.0,GDX,2026-06-09 10:00:00+00:00,2026-06-10 09:00:00,-1,4339.29,4168.7985,170.4915000000001,1.0387659532600397,115.226223644882,500000.0,19525.398630506377,0.03905079726101275,500000.0,73222.06505940366
ZB=F_60m_divergence_fade_w12_q0.85_all_h8_cost2.0,ZB=F,2026-06-10 01:00:00+00:00,2026-06-10 09:00:00,-1,4188.805,4168.7985,20.006500000000415,1.274578114560155,119.36578570737954,500000.0,2235.9505736648352,0.0044719011473296705,500000.0,75458.01563306848
GC=F_60m_volz_follow_w6_q0.65_all_h8_cost2.0,GC=F,2026-06-10 01:00:00+00:00,2026-06-10 09:00:00,-1,4188.805,4168.7985,20.006500000000415,1.274578114560155,119.36578570737954,500000.0,2235.9505736648352,0.0044719011473296705,500000.0,77693.96620673331
QQQ_60m_divergence_follow_w12_q0.65_all_h8_cost2.0,QQQ,2026-06-09 11:00:00+00:00,2026-06-10 10:00:00,1,4339.915,4174.700000000001,-165.21499999999924,1.0463800594482753,115.20962968168732,500000.0,-19154.91202701522,-0.03830982405403044,500000.0,58539.05417971809
ZB=F_60m_divergence_fade_w12_q0.85_all_h8_cost2.0,ZB=F,2026-06-10 02:00:00+00:00,2026-06-10 10:00:00,-1,4174.12,4174.700000000001,-0.5800000000008367,1.1674203767547926,119.78572729102183,500000.0,-209.3160207128244,-0.0004186320414256488,500000.0,58329.73815900527
ZB=F_60m_divergence_fade_w12_q0.85_all_h8_cost2.0,ZB=F,2026-06-10 05:00:00+00:00,2026-06-10 13:00:00,-1,4205.255,4179.764999999999,25.49000000000069,1.3506798673088973,118.89885393394692,500000.0,2870.1374985217058,0.0057402749970434114,500000.0,61199.87565752697
GC=F_60m_volz_follow_w6_q0.65_all_h8_cost2.0,GC=F,2026-06-10 05:00:00+00:00,2026-06-10 13:00:00,-1,4205.255,4179.764999999999,25.49000000000069,1.3506798673088973,118.89885393394692,500000.0,2870.1374985217058,0.0057402749970434114,500000.0,64070.01315604868
ZB=F_60m_divergence_fade_w12_q0.85_all_h8_cost2.0,ZB=F,2026-06-10 08:00:00+00:00,2026-06-10 16:00:00,-1,4169.115,4122.07,47.04500000000007,1.0481183103054246,119.92952940851956,500000.0,5516.384375304429,0.011032768750608858,500000.0,69586.39753135311
ZB=F_60m_divergence_fade_w12_q0.85_all_h8_cost2.0,ZB=F,2026-06-10 09:00:00+00:00,2026-06-10 17:00:00,-1,4168.7985,4111.79,57.00849999999991,1.0311873898452242,119.9386345969948,500000.0,6713.842442871092,0.013427684885742185,500000.0,76300.2399742242
SPY_60m_divergence_follow_w12_q0.55_all_h6_cost2.0,SPY,2026-06-10 08:00:00+00:00,2026-06-10 20:00:00,1,4169.115,4072.385,-96.72999999999956,1.0481183103054246,119.92952940851956,500000.0,-11726.483715405428,-0.023452967430810854,500000.0,64573.75625881877
EEM_60m_divergence_follow_w12_q0.65_all_h6_cost2.0,EEM,2026-06-10 08:00:00+00:00,2026-06-10 20:00:00,1,4169.115,4072.385,-96.72999999999956,1.0481183103054246,119.92952940851956,500000.0,-11726.483715405428,-0.023452967430810854,500000.0,52847.272543413346
EEM_60m_divergence_follow_w12_q0.65_all_h6_cost2.0,EEM,2026-06-10 09:00:00+00:00,2026-06-10 22:00:00,1,4168.7985,4046.395,-122.4034999999999,1.0311873898452242,119.9386345969948,500000.0,-14804.587867444916,-0.02960917573488983,500000.0,38042.68467596843
SPY_60m_divergence_follow_w12_q0.55_all_h6_cost2.0,SPY,2026-06-10 09:00:00+00:00,2026-06-10 22:00:00,1,4168.7985,4046.395,-122.4034999999999,1.0311873898452242,119.9386345969948,500000.0,-14804.587867444916,-0.02960917573488983,500000.0,23238.09680852351
ZB=F_60m_divergence_fade_w12_q0.85_all_h8_cost2.0,ZB=F,2026-06-10 13:00:00+00:00,2026-06-10 22:00:00,-1,4179.764999999999,4046.395,133.36999999999944,1.2837045138000598,119.62395015030751,500000.0,15800.684426779902,0.031601368853559804,500000.0,39038.78123530341
GC=F_60m_volz_follow_w6_q0.65_all_h8_cost2.0,GC=F,2026-06-10 13:00:00+00:00,2026-06-10 22:00:00,-1,4179.764999999999,4046.395,133.36999999999944,1.2837045138000598,119.62395015030751,500000.0,15800.684426779902,0.031601368853559804,500000.0,54839.46566208331
EEM_60m_divergence_follow_w12_q0.65_all_h6_cost2.0,EEM,2026-06-10 10:00:00+00:00,2026-06-10 23:00:00,1,4174.700000000001,4047.205,-127.4950000000008,1.0426849829469482,119.76908520372719,500000.0,-15394.840944612515,-0.03078968188922503,500000.0,39444.6247174708
SPY_60m_divergence_follow_w12_q0.55_all_h6_cost2.0,SPY,2026-06-10 10:00:00+00:00,2026-06-10 23:00:00,1,4174.700000000001,4047.205,-127.4950000000008,1.0426849829469482,119.76908520372719,500000.0,-15394.840944612515,-0.03078968188922503,500000.0,24049.78377285828
GC=F_60m_volz_follow_w6_q0.65_all_h8_cost2.0,GC=F,2026-06-10 16:00:00+00:00,2026-06-11 01:00:00,-1,4122.07,4102.115,19.954999999999927,1.2271819983286838,121.29827974779663,500000.0,2271.65210703254,0.00454330421406508,500000.0,26321.43587989082
GC=F_60m_volz_follow_w6_q0.65_all_h8_cost2.0,GC=F,2026-06-10 17:00:00+00:00,2026-06-11 02:00:00,-1,4111.79,4067.98,43.809999999999945,1.2218977295679057,121.60154093472673,500000.0,5178.77886157027,0.01035755772314054,500000.0,31500.21474146109
GC=F_60m_volz_follow_w6_q0.65_all_h8_cost2.0,GC=F,2026-06-10 20:00:00+00:00,2026-06-11 05:00:00,-1,4072.385,4094.335,-21.949999999999818,1.1943406106019336,122.77817544264602,500000.0,-2841.6199119928187,-0.005683239823985637,500000.0,28658.594829468275
GC=F_60m_volz_follow_w6_q0.65_all_h8_cost2.0,GC=F,2026-06-10 22:00:00+00:00,2026-06-11 06:00:00,-1,4046.395,4094.49,-48.0949999999998,1.4959273508177855,123.56677981264805,500000.0,-6127.791200663502,-0.012255582401327006,500000.0,22530.803628804773
GC=F_60m_volz_follow_w6_q0.65_all_h8_cost2.0,GC=F,2026-06-10 23:00:00+00:00,2026-06-11 07:00:00,-1,4047.205,4105.045,-57.840000000000146,1.6323596977593944,123.54204938964051,500000.0,-7347.3371990990745,-0.01469467439819815,500000.0,15183.466429705699
GC=F_60m_volz_follow_w6_q0.65_all_h8_cost2.0,GC=F,2026-06-11 01:00:00+00:00,2026-06-11 09:00:00,-1,4102.115,4091.825,10.289999999999964,1.5478288848566608,121.88834296454391,500000.0,1065.5687511373162,0.0021311375022746324,500000.0,16249.035180843015
SPY_60m_divergence_follow_w12_q0.55_all_h6_cost2.0,SPY,2026-06-10 20:00:00+00:00,2026-06-11 11:00:00,1,4072.385,4080.37,7.984999999999673,1.1943406106019336,122.77817544264602,500000.0,833.744769882727,0.001667489539765454,500000.0,17082.77995072574
EEM_60m_divergence_follow_w12_q0.65_all_h6_cost2.0,EEM,2026-06-10 22:00:00+00:00,2026-06-11 12:00:00,1,4046.395,4082.07,35.67500000000018,1.4959273508177855,123.56677981264805,500000.0,4223.397944242022,0.008446795888484045,500000.0,21306.17789496776
SPY_60m_divergence_follow_w12_q0.55_all_h6_cost2.0,SPY,2026-06-10 22:00:00+00:00,2026-06-11 12:00:00,1,4046.395,4082.07,35.67500000000018,1.4959273508177855,123.56677981264805,500000.0,4223.397944242022,0.008446795888484045,500000.0,25529.575839209785
SPY_60m_divergence_follow_w12_q0.55_all_h6_cost2.0,SPY,2026-06-10 23:00:00+00:00,2026-06-11 13:00:00,1,4047.205,4083.285,36.07999999999993,1.6323596977593944,123.54204938964051,500000.0,4255.732079575971,0.008511464159151941,500000.0,29785.307918785755
GC=F_60m_volz_follow_w6_q0.65_all_h8_cost2.0,GC=F,2026-06-11 05:00:00+00:00,2026-06-11 13:00:00,1,4094.335,4083.285,-11.050000000000182,1.625333383593807,122.11995354556967,500000.0,-1547.9111239791064,-0.003095822247958213,500000.0,28237.39679480665
GC=F_60m_volz_follow_w6_q0.65_all_h8_cost2.0,GC=F,2026-06-11 06:00:00+00:00,2026-06-11 14:00:00,1,4094.49,4073.59,-20.899999999999636,1.4122087927678126,122.11533060283455,500000.0,-2724.662753208269,-0.005449325506416538,500000.0,25512.73404159838
SPY_60m_divergence_follow_w12_q0.55_all_h6_cost2.0,SPY,2026-06-11 08:00:00+00:00,2026-06-11 20:00:00,1,4084.4965,4212.46,127.96349999999984,1.0486931482582316,122.41410905848493,500000.0,15536.163007085646,0.031072326014171293,500000.0,41048.897048684026
EEM_60m_divergence_follow_w12_q0.65_all_h6_cost2.0,EEM,2026-06-11 08:00:00+00:00,2026-06-11 20:00:00,1,4084.4965,4212.46,127.96349999999984,1.0486931482582316,122.41410905848493,500000.0,15536.163007085646,0.031072326014171293,500000.0,56585.060055769674
FXI_60m_divergence_follow_w6_q0.55_all_h8_cost2.0,FXI,2026-06-10 22:00:00+00:00,2026-06-11 20:00:00,1,4046.395,4212.46,166.06500000000005,1.4959273508177855,123.56677981264805,500000.0,20335.270364013184,0.040670540728026366,500000.0,76920.33041978285
SPY_60m_divergence_follow_w12_q0.55_all_h6_cost2.0,SPY,2026-06-11 09:00:00+00:00,2026-06-11 22:00:00,1,4091.825,4243.295,151.47000000000025,1.0303199579673135,122.19486414985978,500000.0,18382.956265484587,0.036765912530969176,500000.0,95303.28668526743
ZB=F_60m_divergence_fade_w12_q0.85_all_h8_cost2.0,ZB=F,2026-06-11 14:00:00+00:00,2026-06-11 23:00:00,-1,4073.59,4219.975,-146.38500000000022,1.1766896011940358,122.7418566915178,500000.0,-18111.995758188015,-0.03622399151637603,500000.0,77191.29092707942
GC=F_60m_volz_follow_w6_q0.65_all_h8_cost2.0,GC=F,2026-06-11 20:00:00+00:00,2026-06-12 05:00:00,1,4212.46,4173.49,-38.970000000000255,1.4829402452187141,118.69548909663237,500000.0,-4801.581527803109,-0.009603163055606217,500000.0,72389.70939927631
GC=F_60m_volz_follow_w6_q0.65_all_h8_cost2.0,GC=F,2026-06-11 22:00:00+00:00,2026-06-12 06:00:00,1,4243.295,4184.26,-59.034999999999854,1.5278917842943744,117.83295764258672,500000.0,-7136.304662331305,-0.01427260932466261,500000.0,65253.404736945005
GC=F_60m_volz_follow_w6_q0.65_all_h8_cost2.0,GC=F,2026-06-11 23:00:00+00:00,2026-06-12 07:00:00,1,4219.975,4194.52,-25.454999999999927,1.5726799140932435,118.48411424238294,500000.0,-3202.350714647974,-0.006404701429295948,500000.0,62051.05402229703
SPY_60m_divergence_follow_w12_q0.55_all_h6_cost2.0,SPY,2026-06-11 11:00:00+00:00,2026-06-12 08:00:00,1,4080.37,4219.685,139.3150000000005,1.0348613968184366,122.53790710156187,500000.0,16944.558778147824,0.03388911755629565,500000.0,78995.61280044485
EEM_60m_divergence_follow_w12_q0.65_all_h6_cost2.0,EEM,2026-06-11 12:00:00+00:00,2026-06-12 09:00:00,1,4082.07,4221.895,139.82500000000027,1.1065751221436342,122.48687553128681,500000.0,16991.186441910188,0.033982372883820375,500000.0,95986.79924235505
EEM_60m_divergence_follow_w12_q0.65_all_h6_cost2.0,EEM,2026-06-11 13:00:00+00:00,2026-06-12 10:00:00,1,4083.285,4210.975,127.69000000000051,1.1561179756736844,122.45042900507802,500000.0,15494.12813755675,0.0309882562751135,500000.0,111480.9273799118
FXI_60m_divergence_follow_w6_q0.55_all_h8_cost2.0,FXI,2026-06-11 12:00:00+00:00,2026-06-12 11:00:00,-1,4082.07,4207.01,-124.94000000000005,1.1065751221436342,122.48687553128681,500000.0,-15439.05115813101,-0.030878102316262018,500000.0,96041.87622178078
EEM_60m_divergence_follow_w12_q0.65_all_h6_cost2.0,EEM,2026-06-11 20:00:00+00:00,2026-06-12 11:00:00,1,4212.46,4207.01,-5.449999999999818,1.4829402452187141,118.69548909663237,500000.0,-822.90873328394,-0.00164581746656788,500000.0,95218.96748849684
SPY_60m_divergence_follow_w12_q0.55_all_h6_cost2.0,SPY,2026-06-11 20:00:00+00:00,2026-06-12 11:00:00,1,4212.46,4207.01,-5.449999999999818,1.4829402452187141,118.69548909663237,500000.0,-822.90873328394,-0.00164581746656788,500000.0,94396.0587552129
FXI_60m_divergence_follow_w6_q0.55_all_h8_cost2.0,FXI,2026-06-11 13:00:00+00:00,2026-06-12 12:00:00,-1,4083.285,4191.84,-108.55500000000029,1.1561179756736844,122.45042900507802,500000.0,-13434.173462748005,-0.02686834692549601,500000.0,80961.8852924649
GC=F_60m_volz_follow_w6_q0.65_all_h8_cost2.0,GC=F,2026-06-12 05:00:00+00:00,2026-06-12 13:00:00,-1,4173.49,4186.475,-12.985000000000582,1.316051956202994,119.80380928191994,500000.0,-1713.3205010918412,-0.0034266410021836823,500000.0,79248.56479137305
GC=F_60m_volz_follow_w6_q0.65_all_h8_cost2.0,GC=F,2026-06-12 06:00:00+00:00,2026-06-12 14:00:00,-1,4184.26,4204.1,-19.840000000000146,1.425332800121147,119.49544244382518,500000.0,-2541.1103516656817,-0.005082220703331364,500000.0,76707.45443970736
GC=F_60m_volz_follow_w6_q0.65_all_h8_cost2.0,GC=F,2026-06-14 23:00:00+00:00,2026-06-15 07:00:00,1,4294.205,4323.344999999999,29.139999999999418,1.5841321215335118,116.43598756929397,500000.0,3208.4946897581635,0.006416989379516327,500000.0,79915.94912946553
GC=F_60m_volz_follow_w6_q0.65_all_h8_cost2.0,GC=F,2026-06-15 00:00:00+00:00,2026-06-15 08:00:00,1,4292.67,4334.245,41.57499999999982,1.3609229197044572,116.47762348375254,500000.0,4684.040128905245,0.00936808025781049,500000.0,84599.98925837077
EFA_60m_volz_follow_w6_q0.75_all_h8_cost2.0,EFA,2026-06-12 08:00:00+00:00,2026-06-15 09:00:00,1,4219.685,4336.74,117.05499999999938,1.1734965001308677,118.49225712345826,500000.0,13731.060908559348,0.027462121817118695,500000.0,98331.05016693012
GC=F_60m_volz_follow_w6_q0.65_all_h8_cost2.0,GC=F,2026-06-15 01:00:00+00:00,2026-06-15 09:00:00,1,4316.805,4336.74,19.93499999999949,1.3944793813294485,115.8264040187129,500000.0,2147.4818318953535,0.004294963663790707,500000.0,100478.53199882546
EFA_60m_volz_follow_w6_q0.75_all_h8_cost2.0,EFA,2026-06-12 09:00:00+00:00,2026-06-15 10:00:00,1,4221.895,4338.1900000000005,116.29500000000007,1.1354321617376073,118.43023097447946,500000.0,13638.37421800666,0.02727674843601332,500000.0,114116.90621683213
EFA_60m_volz_follow_w6_q0.75_all_h8_cost2.0,EFA,2026-06-12 10:00:00+00:00,2026-06-15 11:00:00,1,4210.975,4335.295,124.31999999999971,1.1383090547549783,118.73734705145482,500000.0,14626.267188150574,0.029252534376301147,500000.0,128743.17340498269
EFA_60m_volz_follow_w6_q0.75_all_h8_cost2.0,EFA,2026-06-12 11:00:00+00:00,2026-06-15 12:00:00,1,4207.01,4349.15,142.13999999999942,1.1337602990491211,118.84925398323274,500000.0,16758.48639543884,0.033516972790877675,500000.0,145501.65980042153
FXI_60m_divergence_follow_w6_q0.55_all_h8_cost2.0,FXI,2026-06-12 12:00:00+00:00,2026-06-15 13:00:00,1,4191.84,4355.4485,163.60850000000028,1.1406549855878343,119.27936180770259,500000.0,19379.06086759185,0.0387581217351837,500000.0,164880.72066801338
FXI_60m_divergence_follow_w6_q0.55_all_h8_cost2.0,FXI,2026-06-12 13:00:00+00:00,2026-06-15 20:00:00,1,4186.475,4309.68,123.20499999999993,1.1277205931863261,119.43221922978161,500000.0,14579.960397089866,0.02915992079417973,500000.0,179460.68106510324
GC=F_60m_volz_follow_w6_q0.65_all_h8_cost2.0,GC=F,2026-06-15 13:00:00+00:00,2026-06-15 22:00:00,1,4355.4485,4312.07,-43.37850000000071,1.1686278772495837,114.79874001494908,500000.0,-5113.954151593147,-0.010227908303186295,500000.0,174346.7269135101
FXI_60m_divergence_follow_w6_q0.55_all_h8_cost2.0,FXI,2026-06-12 20:00:00+00:00,2026-06-15 22:00:00,1,4219.780000000001,4312.07,92.28999999999905,1.6561635463582516,118.4895895046661,500000.0,10739.16607662494,0.02147833215324988,500000.0,185085.89299013503
GC=F_60m_volz_follow_w6_q0.65_all_h8_cost2.0,GC=F,2026-06-15 20:00:00+00:00,2026-06-16 05:00:00,-1,4309.68,4315.93,-6.25,1.210236168896297,116.0178946000631,500000.0,-865.5208935345892,-0.0017310417870691783,500000.0,184220.37209660045
GC=F_60m_volz_follow_w6_q0.65_all_h8_cost2.0,GC=F,2026-06-15 22:00:00+00:00,2026-06-16 06:00:00,-1,4312.07,4324.035,-11.965000000000146,1.492865834764311,115.9535907348443,500000.0,-1560.4878671687216,-0.003120975734337443,500000.0,182659.88422943171
GC=F_60m_volz_follow_w6_q0.65_all_h8_cost2.0,GC=F,2026-06-15 23:00:00+00:00,2026-06-16 07:00:00,-1,4315.745000000001,4335.174999999999,-19.429999999998472,1.5468744611156453,115.85485240671075,500000.0,-2430.2726946464763,-0.004860545389292953,500000.0,180229.61153478525
FXI_60m_divergence_follow_w6_q0.55_all_h8_cost2.0,FXI,2026-06-15 09:00:00+00:00,2026-06-16 08:00:00,-1,4336.74,4347.145,-10.405000000000655,1.0212430727128081,115.29397658148748,500000.0,-1317.3770012398097,-0.0026347540024796194,500000.0,178912.23453354544
FXI_60m_divergence_follow_w6_q0.55_all_h8_cost2.0,FXI,2026-06-15 10:00:00+00:00,2026-06-16 09:00:00,-1,4338.1900000000005,4345.435,-7.244999999999891,1.0490502248871867,115.25544063307507,500000.0,-955.9344133022156,-0.0019118688266044311,500000.0,177956.30012024322
FXI_60m_divergence_follow_w6_q0.55_all_h8_cost2.0,FXI,2026-06-15 11:00:00+00:00,2026-06-16 10:00:00,-1,4335.295,4349.0650000000005,-13.770000000000437,0.9003317468493403,115.33240529191208,500000.0,-1691.9646467944833,-0.0033839292935889664,500000.0,176264.33547344874
FXI_60m_divergence_follow_w6_q0.55_all_h8_cost2.0,FXI,2026-06-15 12:00:00+00:00,2026-06-16 11:00:00,-1,4349.15,4340.97,8.179999999999382,0.9638052163043532,114.96499315958292,500000.0,829.6097839457169,0.0016592195678914337,500000.0,177093.94525739446
FXI_60m_divergence_follow_w6_q0.55_all_h8_cost2.0,FXI,2026-06-15 13:00:00+00:00,2026-06-16 12:00:00,-1,4355.4485,4354.71,0.7385000000003856,1.1686278772495837,114.79874001494908,500000.0,-49.378138353512625,-9.875627670702525e-05,500000.0,177044.56711904093
FXI_60m_divergence_follow_w6_q0.55_all_h8_cost2.0,FXI,2026-06-15 20:00:00+00:00,2026-06-16 13:00:00,-1,4309.68,4331.775,-22.094999999999345,1.210236168896297,116.0178946000631,500000.0,-2703.824433472513,-0.005407648866945026,500000.0,174340.74268556843
GC=F_60m_volz_follow_w6_q0.65_all_h8_cost2.0,GC=F,2026-06-16 09:00:00+00:00,2026-06-16 17:00:00,1,4345.435,4340.385,-5.050000000000182,0.880271229466746,115.06327905031371,500000.0,-682.3564533202,-0.0013647129066404,500000.0,173658.38623224825
GDX_60m_divergence_follow_w12_q0.75_all_h8_cost2.0,GDX,2026-06-15 22:00:00+00:00,2026-06-16 20:00:00,1,4312.07,4331.405,19.335000000000036,1.492865834764311,115.9535907348443,500000.0,2068.8595228319264,0.004137719045663853,500000.0,175727.24575508016
GC=F_60m_volz_follow_w6_q0.65_all_h8_cost2.0,GC=F,2026-06-16 13:00:00+00:00,2026-06-16 22:00:00,1,4331.775,4335.49,3.7150000000001455,1.0465644312060174,115.42612439473427,500000.0,308.0071759029645,0.000616014351805929,500000.0,176035.25293098312
GDX_60m_divergence_follow_w12_q0.75_all_h8_cost2.0,GDX,2026-06-16 08:00:00+00:00,2026-06-16 23:00:00,1,4347.145,4331.075,-16.07000000000062,1.020252494922824,115.0180175724527,500000.0,-1965.6869617787586,-0.003931373923557517,500000.0,174069.56596920436
FXI_60m_divergence_follow_w6_q0.55_all_h8_cost2.0,FXI,2026-06-16 09:00:00+00:00,2026-06-17 08:00:00,-1,4345.435,4324.76,20.675000000000182,0.880271229466746,115.06327905031371,500000.0,2277.646400249162,0.004555292800498324,500000.0,176347.2123694535
FXI_60m_divergence_follow_w6_q0.55_all_h8_cost2.0,FXI,2026-06-16 10:00:00+00:00,2026-06-17 09:00:00,-1,4349.0650000000005,4329.645,19.420000000000073,0.8400590965357213,114.96724008493779,500000.0,2136.0845266125416,0.004272169053225083,500000.0,178483.29689606605
GDX_60m_divergence_follow_w12_q0.75_all_h8_cost2.0,GDX,2026-06-16 10:00:00+00:00,2026-06-17 09:00:00,1,4349.0650000000005,4329.645,-19.420000000000073,0.8400590965357213,114.96724008493779,500000.0,-2329.2430782864585,-0.004658486156572917,500000.0,176154.05381777958
FXI_60m_divergence_follow_w6_q0.55_all_h8_cost2.0,FXI,2026-06-16 11:00:00+00:00,2026-06-17 10:00:00,-1,4340.97,4331.495000000001,9.474999999999454,0.9002314558965862,115.18162991220855,500000.0,987.6558170297039,0.001975311634059408,500000.0,177141.7096348093
FXI_60m_divergence_follow_w6_q0.55_all_h8_cost2.0,FXI,2026-06-16 12:00:00+00:00,2026-06-17 11:00:00,-1,4354.71,4323.245000000001,31.464999999999236,1.0286705538639949,114.81820833074993,500000.0,3494.644815169694,0.006989289630339388,500000.0,180636.35444997897
FXI_60m_divergence_follow_w6_q0.55_all_h8_cost2.0,FXI,2026-06-16 13:00:00+00:00,2026-06-17 12:00:00,-1,4331.775,4333.665,-1.8900000000003274,1.0465644312060174,115.42612439473427,500000.0,-338.95625132957565,-0.0006779125026591513,500000.0,180297.3981986494
FXI_60m_divergence_follow_w6_q0.55_all_h8_cost2.0,FXI,2026-06-16 20:00:00+00:00,2026-06-17 13:00:00,-1,4331.405,4339.8315,-8.426500000000487,0.7915994519081964,115.43598439767236,500000.0,-1064.1003845067228,-0.0021282007690134456,500000.0,179233.2978141427
