model,leader,entry_time,exit_time,direction,xau_entry,xau_exit,gross_per_oz,cost_per_oz,ounces,notional,pnl,pnl_per_dollar,equity
GC=F_60m_volz_follow_w6_q0.65_all_h8_cost2.0,GC=F,2026-05-28 02:00:00+00:00,2026-05-28 10:00:00,-1,4394.4465,4383.11,11.336500000000342,1.6649872426442913,113.77997206246566,500000.0,1100.4244513337517,0.0022008489026675037,1100.4244513337517
GC=F_60m_volz_follow_w6_q0.65_all_h8_cost2.0,GC=F,2026-05-28 03:00:00+00:00,2026-05-28 11:00:00,-1,4374.93,4388.115,-13.18499999999949,1.713254647557658,114.28754288640046,500000.0,-1702.6849169652025,-0.0034053698339304053,-602.2604656314509
GC=F_60m_volz_follow_w6_q0.65_all_h8_cost2.0,GC=F,2026-05-28 04:00:00+00:00,2026-05-28 12:00:00,-1,4373.135,4432.2365,-59.10149999999976,1.818033329738251,114.3344534298621,500000.0,-6965.201546457862,-0.013930403092915725,-7567.462012089312
GC=F_60m_volz_follow_w6_q0.65_all_h8_cost2.0,GC=F,2026-05-28 05:00:00+00:00,2026-05-28 13:00:00,-1,4388.1385,4430.54,-42.40149999999994,1.7292972410821565,113.94353209225278,500000.0,-5028.418911695939,-0.010056837823391878,-12595.880923785251
GC=F_60m_volz_follow_w6_q0.65_all_h8_cost2.0,GC=F,2026-05-28 06:00:00+00:00,2026-05-28 14:00:00,-1,4383.5765,4469.431500000001,-85.85500000000047,1.6887195592099233,114.06211343636868,500000.0,-9985.421671004304,-0.019970843342008607,-22581.302594789555
GC=F_60m_volz_follow_w6_q0.65_all_h8_cost2.0,GC=F,2026-05-28 07:00:00+00:00,2026-05-28 15:00:00,-1,4387.635,4482.389999999999,-94.7549999999992,1.7442367669523497,113.95660760295694,500000.0,-10996.725658236333,-0.021993451316472668,-33578.028253025885
GC=F_60m_volz_follow_w6_q0.65_all_h8_cost2.0,GC=F,2026-05-28 13:00:00+00:00,2026-05-28 22:00:00,1,4430.54,4491.3315,60.79150000000027,1.490764396314386,112.85306080071504,500000.0,6692.269520609891,0.01338453904121978,-26885.758732415994
GC=F_60m_volz_follow_w6_q0.65_all_h8_cost2.0,GC=F,2026-05-28 14:00:00+00:00,2026-05-28 23:00:00,1,4469.431500000001,4495.2635,25.831999999999425,1.766677402815019,111.8710511616522,500000.0,2692.2129354912813,0.005384425870982563,-24193.545796924715
GC=F_60m_volz_follow_w6_q0.65_all_h8_cost2.0,GC=F,2026-05-28 15:00:00+00:00,2026-05-29 00:00:00,1,4482.389999999999,4496.3,13.910000000000764,1.644557913330426,111.54763418622656,500000.0,1368.1810470162502,0.0027363620940325005,-22825.364749908465
GC=F_60m_volz_follow_w6_q0.65_all_h8_cost2.0,GC=F,2026-05-28 16:00:00+00:00,2026-05-29 01:00:00,1,4511.0485,4506.69,-4.3585000000002765,1.5379692555485713,110.83897679220253,500000.0,-653.5586189717144,-0.0013071172379434289,-23478.92336888018
GC=F_60m_volz_follow_w6_q0.65_all_h8_cost2.0,GC=F,2026-05-28 17:00:00+00:00,2026-05-29 02:00:00,1,4509.0615,4501.895,-7.16649999999936,1.3613842714441462,110.88782000422927,500000.0,-945.6384961087253,-0.0018912769922174507,-24424.561864988904
GC=F_60m_volz_follow_w6_q0.65_all_h8_cost2.0,GC=F,2026-05-28 18:00:00+00:00,2026-05-29 03:00:00,1,4501.1615,4501.455,0.29349999999976717,1.3535588701307268,111.08243949922704,500000.0,-117.7539253069413,-0.0002355078506138826,-24542.315790295845
GC=F_60m_volz_follow_w6_q0.65_all_h8_cost2.0,GC=F,2026-05-28 19:00:00+00:00,2026-05-29 04:00:00,1,4498.1015,4514.28,16.178499999999985,1.5547624059520722,111.15800743936082,500000.0,1625.5455322704383,0.0032510910645408768,-22916.770258025404
GC=F_60m_volz_follow_w6_q0.65_all_h8_cost2.0,GC=F,2026-05-28 20:00:00+00:00,2026-05-29 05:00:00,1,4496.135,4514.945,18.80999999999949,1.7378477028459034,111.20662524590564,500000.0,1898.536442650586,0.003797072885301172,-21018.233815374817
GC=F_60m_volz_follow_w6_q0.65_all_h8_cost2.0,GC=F,2026-05-29 15:00:00+00:00,2026-06-01 00:00:00,1,4571.215,4540.865,-30.350000000000364,1.8545691861022522,109.38011010201882,500000.0,-3522.539323363987,-0.007045078646727974,-24540.773138738805
GC=F_60m_volz_follow_w6_q0.65_all_h8_cost2.0,GC=F,2026-05-29 16:00:00+00:00,2026-06-01 01:00:00,1,4567.045,4525.615,-41.43000000000029,1.8963244982266172,109.47998103806728,500000.0,-4743.365184515032,-0.009486730369030064,-29284.138323253836
GC=F_60m_volz_follow_w6_q0.65_all_h8_cost2.0,GC=F,2026-05-31 23:00:00+00:00,2026-06-01 07:00:00,-1,4539.695,4503.275,36.42000000000007,1.626798159935764,110.13955783373113,500000.0,3832.107866284443,0.007664215732568886,-25452.03045696939
GC=F_60m_volz_follow_w6_q0.65_all_h8_cost2.0,GC=F,2026-06-01 04:00:00+00:00,2026-06-01 12:00:00,-1,4514.51,4502.299999999999,12.210000000000946,1.3989957065764302,110.75399102006641,500000.0,1197.3618724318383,0.002394723744863676,-24254.668584537554
GC=F_60m_volz_follow_w6_q0.65_all_h8_cost2.0,GC=F,2026-06-01 07:00:00+00:00,2026-06-01 15:00:00,-1,4503.275,4474.25,29.024999999999636,1.2497780401771903,111.03030572194682,500000.0,3083.891385694017,0.0061677827713880334,-21170.777198843538
GC=F_60m_volz_follow_w6_q0.65_all_h8_cost2.0,GC=F,2026-06-01 14:00:00+00:00,2026-06-01 23:00:00,-1,4458.825000000001,4484.63,-25.80499999999938,1.0817452585767977,112.13716618167341,500000.0,-3015.0034211452767,-0.006030006842290553,-24185.780619988815
GC=F_60m_volz_follow_w6_q0.65_all_h8_cost2.0,GC=F,2026-06-01 15:00:00+00:00,2026-06-02 00:00:00,-1,4474.25,4481.5465,-7.296500000000378,1.0234182994779977,111.7505727216852,500000.0,-929.7556349643377,-0.0018595112699286754,-25115.536254953153
GC=F_60m_volz_follow_w6_q0.65_all_h8_cost2.0,GC=F,2026-06-01 20:00:00+00:00,2026-06-02 05:00:00,1,4485.025,4517.1865,32.16150000000016,1.201069576315394,111.4820987619913,500000.0,3451.533762206985,0.00690306752441397,-21664.002492746167
GC=F_60m_volz_follow_w6_q0.65_all_h8_cost2.0,GC=F,2026-06-01 22:00:00+00:00,2026-06-02 06:00:00,1,4485.945,4535.780000000001,49.835000000000946,1.5586024489687704,111.45923545652032,500000.0,5380.850361633076,0.010761700723266153,-16283.152131113091
GC=F_60m_volz_follow_w6_q0.65_all_h8_cost2.0,GC=F,2026-06-02 05:00:00+00:00,2026-06-02 13:00:00,1,4517.1865,4502.735000000001,-14.451499999999214,1.3742700038774762,110.68836763768776,500000.0,-1751.7286483385944,-0.0035034572966771886,-18034.880779451687
GC=F_60m_volz_follow_w6_q0.65_all_h8_cost2.0,GC=F,2026-06-02 06:00:00+00:00,2026-06-02 14:00:00,1,4535.780000000001,4504.17,-31.610000000000582,1.2557789252817286,110.23462337238577,500000.0,-3622.9467616685893,-0.007245893523337179,-21657.827541120278
GC=F_60m_volz_follow_w6_q0.65_all_h8_cost2.0,GC=F,2026-06-02 07:00:00+00:00,2026-06-02 15:00:00,1,4535.155000000001,4502.18,-32.975000000000364,1.2216561231110565,110.24981505593523,500000.0,-3770.1750131044487,-0.007540350026208897,-25428.002554224728
GC=F_60m_volz_follow_w6_q0.65_all_h8_cost2.0,GC=F,2026-06-02 08:00:00+00:00,2026-06-02 16:00:00,1,4526.7815,4491.985000000001,-34.79649999999947,1.229604391467807,110.45375174392667,500000.0,-3979.2183907559133,-0.007958436781511827,-29407.22094498064
GC=F_60m_volz_follow_w6_q0.65_all_h8_cost2.0,GC=F,2026-06-02 09:00:00+00:00,2026-06-02 17:00:00,1,4529.865,4484.735000000001,-45.1299999999992,1.1059203491781537,110.37856536563453,500000.0,-5103.454556501944,-0.010206909113003888,-34510.67550148258
GC=F_60m_volz_follow_w6_q0.65_all_h8_cost2.0,GC=F,2026-06-02 10:00:00+00:00,2026-06-02 18:00:00,1,4533.245,4487.46,-45.784999999999854,1.0866025148397804,110.29626680225755,500000.0,-5169.762776426119,-0.010339525552852237,-39680.4382779087
GC=F_60m_volz_follow_w6_q0.65_all_h8_cost2.0,GC=F,2026-06-02 14:00:00+00:00,2026-06-02 23:00:00,-1,4504.17,4474.485000000001,29.68499999999949,1.0507792263528377,111.00824347216025,500000.0,3178.6345512765565,0.006357269102553112,-36501.80372663215
GC=F_60m_volz_follow_w6_q0.65_all_h8_cost2.0,GC=F,2026-06-02 16:00:00+00:00,2026-06-03 01:00:00,-1,4491.985000000001,4475.93,16.05500000000029,1.114022262802534,111.30936545870031,500000.0,1663.0707512600504,0.003326141502520101,-34838.7329753721
GC=F_60m_volz_follow_w6_q0.65_all_h8_cost2.0,GC=F,2026-06-02 17:00:00+00:00,2026-06-03 02:00:00,-1,4484.735000000001,4481.99,2.7450000000008004,1.0888155963132442,111.48930761795289,500000.0,184.64685245477781,0.0003692937049095556,-34654.086122917324
GC=F_60m_volz_follow_w6_q0.65_all_h8_cost2.0,GC=F,2026-06-02 18:00:00+00:00,2026-06-03 03:00:00,-1,4487.46,4484.595,2.8649999999997817,1.0944405805725388,111.42160598646005,500000.0,197.27857400703772,0.0003945571480140754,-34456.807548910285
GC=F_60m_volz_follow_w6_q0.65_all_h8_cost2.0,GC=F,2026-06-02 19:00:00+00:00,2026-06-03 04:00:00,-1,4488.22,4469.5985,18.621500000000196,1.1046683965275597,111.40273872492881,500000.0,1951.4230144102378,0.0039028460288204753,-32505.384534500048
FXI_60m_divergence_follow_w6_q0.55_all_h8_cost2.0,FXI,2026-06-02 20:00:00+00:00,2026-06-03 13:00:00,1,4489.435,4447.155,-42.280000000000655,1.228855767255373,111.372589201091,500000.0,-4845.693919976125,-0.00969138783995225,-37351.07845447617
GC=F_60m_volz_follow_w6_q0.65_all_h8_cost2.0,GC=F,2026-06-03 09:00:00+00:00,2026-06-03 17:00:00,-1,4443.2685,4439.02,4.248499999999694,1.1744724268129731,112.5297739715707,500000.0,345.91962799307777,0.0006918392559861555,-37005.15882648309
GC=F_60m_volz_follow_w6_q0.65_all_h8_cost2.0,GC=F,2026-06-03 10:00:00+00:00,2026-06-03 18:00:00,-1,4459.07,4442.135,16.93499999999949,1.2325067248296429,112.13100489563968,500000.0,1760.7363503118193,0.003521472700623639,-35244.422476171276
QQQ_60m_divergence_follow_w12_q0.65_all_h8_cost2.0,QQQ,2026-06-02 22:00:00+00:00,2026-06-03 20:00:00,1,4484.9765,4434.84,-50.136499999999614,1.5020543674996452,111.48330431608728,500000.0,-5756.836670994739,-0.011513673341989475,-41001.25914716601
QQQ_60m_divergence_follow_w12_q0.65_all_h8_cost2.0,QQQ,2026-06-02 23:00:00+00:00,2026-06-03 22:00:00,1,4474.485000000001,4449.1515,-25.33350000000064,1.5795624643633062,111.74470358041204,500000.0,-3007.392187521463,-0.006014784375042925,-44008.65133468748
SPY_60m_divergence_follow_w12_q0.55_all_h6_cost2.0,SPY,2026-06-03 09:00:00+00:00,2026-06-03 22:00:00,1,4443.2685,4449.1515,5.882999999999811,1.1744724268129731,112.5297739715707,500000.0,529.8495435496231,0.0010596990870992463,-43478.801791137856
QQQ_60m_divergence_follow_w12_q0.65_all_h8_cost2.0,QQQ,2026-06-03 08:00:00+00:00,2026-06-03 23:00:00,1,4444.148499999999,4457.48,13.331500000000233,1.1496181822787146,112.50749159259644,500000.0,1370.552966189307,0.002741105932378614,-42108.24882494855
FXI_60m_divergence_follow_w6_q0.55_all_h8_cost2.0,FXI,2026-06-03 08:00:00+00:00,2026-06-03 23:00:00,1,4444.148499999999,4457.48,13.331500000000233,1.1496181822787146,112.50749159259644,500000.0,1370.552966189307,0.002741105932378614,-40737.69585875924
SPY_60m_divergence_follow_w12_q0.55_all_h6_cost2.0,SPY,2026-06-03 10:00:00+00:00,2026-06-03 23:00:00,1,4459.07,4457.48,-1.5900000000001455,1.2325067248296429,112.13100489563968,500000.0,-316.4905153798649,-0.0006329810307597298,-41054.186374139106
GC=F_60m_volz_follow_w6_q0.65_all_h8_cost2.0,GC=F,2026-06-03 17:00:00+00:00,2026-06-04 02:00:00,-1,4439.02,4475.0935,-36.07349999999951,1.3017968094896526,112.63747403706222,500000.0,-4209.85902400633,-0.008419718048012661,-45264.045398145434
GC=F_60m_volz_follow_w6_q0.65_all_h8_cost2.0,GC=F,2026-06-03 18:00:00+00:00,2026-06-04 03:00:00,-1,4442.135,4463.875,-21.73999999999978,1.2947246656766447,112.55848820443322,500000.0,-2592.7537845739066,-0.005185507569147814,-47856.79918271934
GC=F_60m_volz_follow_w6_q0.65_all_h8_cost2.0,GC=F,2026-06-03 19:00:00+00:00,2026-06-04 04:00:00,-1,4443.99,4481.15,-37.159999999999854,1.2847167550806742,112.51150430131482,500000.0,-4325.472914552072,-0.008650945829104145,-52182.272097271416
GC=F_60m_volz_follow_w6_q0.65_all_h8_cost2.0,GC=F,2026-06-03 22:00:00+00:00,2026-06-04 06:00:00,-1,4449.1515,4467.87,-18.71849999999995,1.5248681487564684,112.38097871021026,500000.0,-2274.9695249483434,-0.004549939049896687,-54457.24162221976
EWJ_60m_divergence_follow_w12_q0.75_all_h8_cost2.0,EWJ,2026-06-03 09:00:00+00:00,2026-06-04 08:00:00,1,4443.2685,4463.45,20.181499999999687,1.1744724268129731,112.5297739715707,500000.0,2138.856516682113,0.004277713033364226,-52318.38510553764
QQQ_60m_divergence_follow_w12_q0.65_all_h8_cost2.0,QQQ,2026-06-03 09:00:00+00:00,2026-06-04 08:00:00,1,4443.2685,4463.45,20.181499999999687,1.1744724268129731,112.5297739715707,500000.0,2138.856516682113,0.004277713033364226,-50179.52858885553
SPY_60m_divergence_follow_w12_q0.55_all_h6_cost2.0,SPY,2026-06-03 11:00:00+00:00,2026-06-04 08:00:00,1,4462.435,4463.45,1.014999999999418,1.1642871770389418,112.04644997630217,500000.0,-16.727098214262377,-3.3454196428524754e-05,-50196.255687069795
EEM_60m_divergence_follow_w12_q0.65_all_h6_cost2.0,EEM,2026-06-03 12:00:00+00:00,2026-06-04 09:00:00,1,4460.495,4470.469999999999,9.974999999999454,1.203275585647475,112.0951822611616,500000.0,983.2680469714661,0.001966536093942932,-49212.98764009833
EWJ_60m_divergence_follow_w12_q0.75_all_h8_cost2.0,EWJ,2026-06-03 10:00:00+00:00,2026-06-04 09:00:00,1,4459.07,4470.469999999999,11.399999999999636,1.2325067248296429,112.13100489563968,500000.0,1140.09123821447,0.00228018247642894,-48072.89640188386
SPY_60m_divergence_follow_w12_q0.55_all_h6_cost2.0,SPY,2026-06-03 12:00:00+00:00,2026-06-04 09:00:00,1,4460.495,4470.469999999999,9.974999999999454,1.203275585647475,112.0951822611616,500000.0,983.2680469714661,0.001966536093942932,-47089.62835491239
QQQ_60m_divergence_follow_w12_q0.65_all_h8_cost2.0,QQQ,2026-06-03 10:00:00+00:00,2026-06-04 09:00:00,1,4459.07,4470.469999999999,11.399999999999636,1.2325067248296429,112.13100489563968,500000.0,1140.09123821447,0.00228018247642894,-45949.537116697924
GC=F_60m_volz_follow_w6_q0.65_all_h8_cost2.0,GC=F,2026-06-04 02:00:00+00:00,2026-06-04 10:00:00,1,4475.0935,4473.76,-1.3334999999997308,1.7644634561519112,111.72950911528442,500000.0,-346.1339362129129,-0.0006922678724258257,-46295.67105291084
EWJ_60m_divergence_follow_w12_q0.75_all_h8_cost2.0,EWJ,2026-06-03 11:00:00+00:00,2026-06-04 10:00:00,1,4462.435,4473.76,11.324999999999818,1.1642871770389418,112.04644997630217,500000.0,1138.4718010414579,0.0022769436020829157,-45157.19925186938
SPY_60m_divergence_follow_w12_q0.55_all_h6_cost2.0,SPY,2026-06-03 13:00:00+00:00,2026-06-04 10:00:00,1,4447.155,4473.76,26.605000000000473,1.278474074711858,112.4314308810914,500000.0,2847.4975490272564,0.005694995098054513,-42309.701702842125
QQQ_60m_divergence_follow_w12_q0.65_all_h8_cost2.0,QQQ,2026-06-03 11:00:00+00:00,2026-06-04 10:00:00,1,4462.435,4473.76,11.324999999999818,1.1642871770389418,112.04644997630217,500000.0,1138.4718010414579,0.0022769436020829157,-41171.22990180067
GC=F_60m_volz_follow_w6_q0.65_all_h8_cost2.0,GC=F,2026-06-04 03:00:00+00:00,2026-06-04 11:00:00,1,4463.875,4511.525,47.649999999999636,1.7385030570311581,112.01030494805522,500000.0,5142.560773203604,0.010285121546407209,-36028.66912859706
QQQ_60m_divergence_follow_w12_q0.65_all_h8_cost2.0,QQQ,2026-06-03 12:00:00+00:00,2026-06-04 11:00:00,1,4460.495,4511.525,51.029999999999745,1.203275585647475,112.0951822611616,500000.0,5585.335754703488,0.011170671509406977,-30443.33337389357
SPY_60m_divergence_follow_w12_q0.55_all_h6_cost2.0,SPY,2026-06-03 20:00:00+00:00,2026-06-04 11:00:00,1,4434.84,4511.525,76.68499999999949,1.301049374139182,112.7436390038874,500000.0,8499.060916048866,0.016998121832097732,-21944.2724578447
EEM_60m_divergence_follow_w12_q0.65_all_h6_cost2.0,EEM,2026-06-03 20:00:00+00:00,2026-06-04 11:00:00,1,4434.84,4511.525,76.68499999999949,1.301049374139182,112.7436390038874,500000.0,8499.060916048866,0.016998121832097732,-13445.211541795836
EWJ_60m_divergence_follow_w12_q0.75_all_h8_cost2.0,EWJ,2026-06-03 12:00:00+00:00,2026-06-04 11:00:00,1,4460.495,4511.525,51.029999999999745,1.203275585647475,112.0951822611616,500000.0,5585.335754703488,0.011170671509406977,-7859.875787092347
GC=F_60m_volz_follow_w6_q0.65_all_h8_cost2.0,GC=F,2026-06-04 04:00:00+00:00,2026-06-04 12:00:00,1,4481.15,4504.26,23.110000000000582,1.2705860713098558,111.57850105441685,500000.0,2436.809070070264,0.004873618140140528,-5423.066717022083
EWJ_60m_divergence_follow_w12_q0.75_all_h8_cost2.0,EWJ,2026-06-03 13:00:00+00:00,2026-06-04 12:00:00,1,4447.155,4504.26,57.10500000000047,1.278474074711858,112.4314308810914,500000.0,6276.656190900544,0.012553312381801088,853.5894738784609
QQQ_60m_divergence_follow_w12_q0.65_all_h8_cost2.0,QQQ,2026-06-03 13:00:00+00:00,2026-06-04 12:00:00,1,4447.155,4504.26,57.10500000000047,1.278474074711858,112.4314308810914,500000.0,6276.656190900544,0.012553312381801088,7130.245664779005
QQQ_60m_divergence_follow_w12_q0.65_all_h8_cost2.0,QQQ,2026-06-03 20:00:00+00:00,2026-06-04 13:00:00,1,4434.84,4495.9,61.05999999999949,1.301049374139182,112.7436390038874,500000.0,6737.441556613126,0.013474883113226251,13867.68722139213
GC=F_60m_volz_follow_w6_q0.65_all_h8_cost2.0,GC=F,2026-06-04 05:00:00+00:00,2026-06-04 13:00:00,1,4469.375,4495.9,26.524999999999636,1.2492015803105152,111.87246538945602,500000.0,2827.6658838975386,0.005655331767795077,16695.35310528967
EWJ_60m_divergence_follow_w12_q0.75_all_h8_cost2.0,EWJ,2026-06-03 20:00:00+00:00,2026-06-04 13:00:00,1,4434.84,4495.9,61.05999999999949,1.301049374139182,112.7436390038874,500000.0,6737.441556613126,0.013474883113226251,23432.794661902793
GC=F_60m_volz_follow_w6_q0.65_all_h8_cost2.0,GC=F,2026-06-04 07:00:00+00:00,2026-06-04 15:00:00,1,4461.795,4477.535,15.739999999999782,0.9823626205972483,112.06252192223084,500000.0,1653.7780623496296,0.0033075561246992597,25086.572724252423
EWJ_60m_divergence_follow_w12_q0.75_all_h8_cost2.0,EWJ,2026-06-03 22:00:00+00:00,2026-06-04 20:00:00,1,4449.1515,4474.93,25.77850000000035,1.5248681487564684,112.38097871021026,500000.0,2725.646884719916,0.005451293769439832,27812.21960897234
GC=F_60m_volz_follow_w6_q0.65_all_h8_cost2.0,GC=F,2026-06-04 12:00:00+00:00,2026-06-04 20:00:00,1,4504.26,4474.93,-29.329999999999927,1.1386518770872598,111.00602540705908,500000.0,-3382.203944386779,-0.006764407888773557,24430.01566458556
EFA_60m_volz_follow_w6_q0.75_all_h8_cost2.0,EFA,2026-06-03 22:00:00+00:00,2026-06-04 20:00:00,-1,4449.1515,4474.93,-25.77850000000035,1.5248681487564684,112.38097871021026,500000.0,-3068.379234642473,-0.006136758469284945,21361.636429943086
SPY_60m_divergence_follow_w12_q0.55_all_h6_cost2.0,SPY,2026-06-04 09:00:00+00:00,2026-06-04 22:00:00,-1,4470.469999999999,4469.74,0.7299999999995634,1.0921276959755557,111.8450632707523,500000.0,-40.50219506852661,-8.100439013705322e-05,21321.13423487456
GC=F_60m_volz_follow_w6_q0.65_all_h8_cost2.0,GC=F,2026-06-04 13:00:00+00:00,2026-06-04 22:00:00,1,4495.9,4469.74,-26.159999999999854,1.153865247988896,111.21243799906583,500000.0,-3037.641545406788,-0.006075283090813575,18283.492689467774
EWJ_60m_divergence_follow_w12_q0.75_all_h8_cost2.0,EWJ,2026-06-03 23:00:00+00:00,2026-06-04 22:00:00,1,4457.48,4469.74,12.260000000000218,1.6182743611830366,112.17100244981471,500000.0,1193.693032702018,0.002387386065404036,19477.18572216979
EFA_60m_volz_follow_w6_q0.75_all_h8_cost2.0,EFA,2026-06-03 23:00:00+00:00,2026-06-04 22:00:00,-1,4457.48,4469.74,-12.260000000000218,1.6182743611830366,112.17100244981471,500000.0,-1556.7399473674875,-0.003113479894734975,17920.4457748023
EEM_60m_divergence_follow_w12_q0.65_all_h6_cost2.0,EEM,2026-06-04 10:00:00+00:00,2026-06-04 23:00:00,-1,4473.76,4461.74,12.020000000000437,1.1403709302327008,111.76281248882371,500000.0,1215.937943672407,0.002431875887344814,19136.38371847471
EFA_60m_volz_follow_w6_q0.75_all_h8_cost2.0,EFA,2026-06-04 08:00:00+00:00,2026-06-04 23:00:00,-1,4463.45,4461.74,1.7100000000000364,1.0427764499829013,112.02097032564497,500000.0,74.74302949704098,0.00014948605899408194,19211.12674797175
EWJ_60m_divergence_follow_w12_q0.75_all_h8_cost2.0,EWJ,2026-06-04 08:00:00+00:00,2026-06-04 23:00:00,1,4463.45,4461.74,-1.7100000000000364,1.0427764499829013,112.02097032564497,500000.0,-308.368689016673,-0.000616737378033346,18902.758058955078
GC=F_60m_volz_follow_w6_q0.65_all_h8_cost2.0,GC=F,2026-06-04 14:00:00+00:00,2026-06-04 23:00:00,1,4465.945,4461.74,-4.204999999999927,1.1241942600100316,111.95838730660589,500000.0,-596.6479949943359,-0.0011932959899886718,18306.110063960743
SPY_60m_divergence_follow_w12_q0.55_all_h6_cost2.0,SPY,2026-06-04 10:00:00+00:00,2026-06-04 23:00:00,-1,4473.76,4461.74,12.020000000000437,1.1403709302327008,111.76281248882371,500000.0,1215.937943672407,0.002431875887344814,19522.04800763315
GC=F_60m_volz_follow_w6_q0.65_all_h8_cost2.0,GC=F,2026-06-04 18:00:00+00:00,2026-06-05 03:00:00,-1,4478.195,4442.47,35.724999999999454,1.084623890653327,111.6521276987715,500000.0,3867.6716968941873,0.007735343393788375,23389.71970452734
GC=F_60m_volz_follow_w6_q0.65_all_h8_cost2.0,GC=F,2026-06-04 19:00:00+00:00,2026-06-05 04:00:00,-1,4480.99,4445.08,35.909999999999854,1.0379323561402645,111.58248512047561,500000.0,3891.1119689911816,0.007782223937982363,27280.83167351852
EFA_60m_volz_follow_w6_q0.75_all_h8_cost2.0,EFA,2026-06-04 09:00:00+00:00,2026-06-05 08:00:00,-1,4470.469999999999,4462.870000000001,7.599999999998545,1.0921276959755557,111.8450632707523,500000.0,727.8733896014278,0.0014557467792028556,28008.70506311995
SPY_60m_divergence_follow_w12_q0.55_all_h6_cost2.0,SPY,2026-06-04 11:00:00+00:00,2026-06-05 08:00:00,-1,4511.525,4462.870000000001,48.654999999998836,1.1516972148571878,110.8272701580951,500000.0,5264.661371170685,0.010529322742341371,33273.366434290634
EEM_60m_divergence_follow_w12_q0.65_all_h6_cost2.0,EEM,2026-06-04 11:00:00+00:00,2026-06-05 08:00:00,-1,4511.525,4462.870000000001,48.654999999998836,1.1516972148571878,110.8272701580951,500000.0,5264.661371170685,0.010529322742341371,38538.027805461315
GDX_60m_divergence_follow_w12_q0.75_all_h8_cost2.0,GDX,2026-06-04 10:00:00+00:00,2026-06-05 09:00:00,-1,4473.76,4464.965,8.795000000000073,1.1403709302327008,111.76281248882371,500000.0,855.5028733959099,0.0017110057467918198,39393.53067885723
QQQ_60m_divergence_follow_w12_q0.65_all_h8_cost2.0,QQQ,2026-06-04 10:00:00+00:00,2026-06-05 09:00:00,-1,4473.76,4464.965,8.795000000000073,1.1403709302327008,111.76281248882371,500000.0,855.5028733959099,0.0017110057467918198,40249.03355225314
SPY_60m_divergence_follow_w12_q0.55_all_h6_cost2.0,SPY,2026-06-04 12:00:00+00:00,2026-06-05 09:00:00,-1,4504.26,4464.965,39.29500000000007,1.1386518770872598,111.00602540705908,500000.0,4235.58454917265,0.008471169098345301,44484.61810142579
EEM_60m_divergence_follow_w12_q0.65_all_h6_cost2.0,EEM,2026-06-04 12:00:00+00:00,2026-06-05 09:00:00,-1,4504.26,4464.965,39.29500000000007,1.1386518770872598,111.00602540705908,500000.0,4235.58454917265,0.008471169098345301,48720.20265059844
GDXJ_60m_divergence_follow_w12_q0.85_all_h8_cost2.0,GDXJ,2026-06-04 10:00:00+00:00,2026-06-05 09:00:00,-1,4473.76,4464.965,8.795000000000073,1.1403709302327008,111.76281248882371,500000.0,855.5028733959099,0.0017110057467918198,49575.70552399435
QQQ_60m_divergence_follow_w12_q0.65_all_h8_cost2.0,QQQ,2026-06-04 11:00:00+00:00,2026-06-05 10:00:00,-1,4511.525,4466.785,44.73999999999978,1.1516972148571878,110.8272701580951,500000.0,4830.772608501848,0.009661545217003695,54406.478132496195
GDX_60m_divergence_follow_w12_q0.75_all_h8_cost2.0,GDX,2026-06-04 11:00:00+00:00,2026-06-05 10:00:00,-1,4511.525,4466.785,44.73999999999978,1.1516972148571878,110.8272701580951,500000.0,4830.772608501848,0.009661545217003695,59237.250740998046
SPY_60m_divergence_follow_w12_q0.55_all_h6_cost2.0,SPY,2026-06-04 13:00:00+00:00,2026-06-05 10:00:00,-1,4495.9,4466.785,29.11499999999978,1.153865247988896,111.21243799906583,500000.0,3109.6259649915355,0.006219251929983071,62346.87670598958
EEM_60m_divergence_follow_w12_q0.65_all_h6_cost2.0,EEM,2026-06-04 13:00:00+00:00,2026-06-05 10:00:00,-1,4495.9,4466.785,29.11499999999978,1.153865247988896,111.21243799906583,500000.0,3109.6259649915355,0.006219251929983071,65456.50267098112
GC=F_60m_volz_follow_w6_q0.65_all_h8_cost2.0,GC=F,2026-06-05 02:00:00+00:00,2026-06-05 10:00:00,-1,4440.69,4466.785,-26.095000000000255,1.2758874904704312,112.5951147231624,500000.0,-3081.8282170643174,-0.006163656434128635,62374.67445391681
GDXJ_60m_divergence_follow_w12_q0.85_all_h8_cost2.0,GDXJ,2026-06-04 11:00:00+00:00,2026-06-05 10:00:00,-1,4511.525,4466.785,44.73999999999978,1.1516972148571878,110.8272701580951,500000.0,4830.772608501848,0.009661545217003695,67205.44706241865
GDX_60m_divergence_follow_w12_q0.75_all_h8_cost2.0,GDX,2026-06-04 12:00:00+00:00,2026-06-05 11:00:00,-1,4504.26,4470.275,33.98500000000058,1.1386518770872598,111.00602540705908,500000.0,3646.1425542612233,0.007292285108522447,70851.58961667988
GC=F_60m_volz_follow_w6_q0.65_all_h8_cost2.0,GC=F,2026-06-05 03:00:00+00:00,2026-06-05 11:00:00,-1,4442.47,4470.275,-27.80499999999938,1.2093348975993308,112.55000033764999,500000.0,-3265.563402521425,-0.00653112680504285,67586.02621415845
FXI_60m_divergence_follow_w6_q0.55_all_h8_cost2.0,FXI,2026-06-04 12:00:00+00:00,2026-06-05 11:00:00,-1,4504.26,4470.275,33.98500000000058,1.1386518770872598,111.00602540705908,500000.0,3646.1425542612233,0.007292285108522447,71232.16876841968
SPY_60m_divergence_follow_w12_q0.55_all_h6_cost2.0,SPY,2026-06-04 20:00:00+00:00,2026-06-05 11:00:00,-1,4474.93,4470.275,4.655000000000655,1.2096943516650303,111.73359136344031,500000.0,384.9563734332855,0.000769912746866571,71617.12514185297
EWJ_60m_divergence_follow_w12_q0.75_all_h8_cost2.0,EWJ,2026-06-04 12:00:00+00:00,2026-06-05 11:00:00,-1,4504.26,4470.275,33.98500000000058,1.1386518770872598,111.00602540705908,500000.0,3646.1425542612233,0.007292285108522447,75263.2676961142
GDXJ_60m_divergence_follow_w12_q0.85_all_h8_cost2.0,GDXJ,2026-06-04 12:00:00+00:00,2026-06-05 11:00:00,-1,4504.26,4470.275,33.98500000000058,1.1386518770872598,111.00602540705908,500000.0,3646.1425542612233,0.007292285108522447,78909.41025037543
QQQ_60m_divergence_follow_w12_q0.65_all_h8_cost2.0,QQQ,2026-06-04 12:00:00+00:00,2026-06-05 11:00:00,-1,4504.26,4470.275,33.98500000000058,1.1386518770872598,111.00602540705908,500000.0,3646.1425542612233,0.007292285108522447,82555.55280463665
EEM_60m_divergence_follow_w12_q0.65_all_h6_cost2.0,EEM,2026-06-04 20:00:00+00:00,2026-06-05 11:00:00,-1,4474.93,4470.275,4.655000000000655,1.2096943516650303,111.73359136344031,500000.0,384.9563734332855,0.000769912746866571,82940.50917806994
EFA_60m_volz_follow_w6_q0.75_all_h8_cost2.0,EFA,2026-06-04 13:00:00+00:00,2026-06-05 12:00:00,1,4495.9,4406.375,-89.52499999999964,1.153865247988896,111.21243799906583,500000.0,-10084.617679217568,-0.020169235358435136,72855.89149885238
GDX_60m_divergence_follow_w12_q0.75_all_h8_cost2.0,GDX,2026-06-04 13:00:00+00:00,2026-06-05 12:00:00,-1,4495.9,4406.375,89.52499999999964,1.153865247988896,111.21243799906583,500000.0,9827.969344515086,0.019655938689030174,82683.86084336747
EWJ_60m_divergence_follow_w12_q0.75_all_h8_cost2.0,EWJ,2026-06-04 13:00:00+00:00,2026-06-05 12:00:00,-1,4495.9,4406.375,89.52499999999964,1.153865247988896,111.21243799906583,500000.0,9827.969344515086,0.019655938689030174,92511.83018788256
GDXJ_60m_divergence_follow_w12_q0.85_all_h8_cost2.0,GDXJ,2026-06-04 13:00:00+00:00,2026-06-05 12:00:00,-1,4495.9,4406.375,89.52499999999964,1.153865247988896,111.21243799906583,500000.0,9827.969344515086,0.019655938689030174,102339.79953239765
QQQ_60m_divergence_follow_w12_q0.65_all_h8_cost2.0,QQQ,2026-06-04 13:00:00+00:00,2026-06-05 12:00:00,-1,4495.9,4406.375,89.52499999999964,1.153865247988896,111.21243799906583,500000.0,9827.969344515086,0.019655938689030174,112167.76887691274
EEM_60m_divergence_follow_w12_q0.65_all_h6_cost2.0,EEM,2026-06-04 22:00:00+00:00,2026-06-05 12:00:00,-1,4469.74,4406.375,63.36499999999978,1.501472849275457,111.86332985811256,500000.0,6920.260143847778,0.013840520287695553,119088.02902076051
GC=F_60m_volz_follow_w6_q0.65_all_h8_cost2.0,GC=F,2026-06-05 04:00:00+00:00,2026-06-05 12:00:00,-1,4445.08,4406.375,38.70499999999993,1.1989536060192099,112.48391480018357,500000.0,4218.826927072259,0.008437653854144519,123306.85594783278
FXI_60m_divergence_follow_w6_q0.55_all_h8_cost2.0,FXI,2026-06-04 13:00:00+00:00,2026-06-05 12:00:00,-1,4495.9,4406.375,89.52499999999964,1.153865247988896,111.21243799906583,500000.0,9827.969344515086,0.019655938689030174,133134.82529234787
GC=F_60m_volz_follow_w6_q0.65_all_h8_cost2.0,GC=F,2026-06-05 05:00:00+00:00,2026-06-05 13:00:00,-1,4440.025,4365.496499999999,74.52850000000035,1.2261740365688971,112.6119785361569,500000.0,8254.71995804432,0.01650943991608864,141389.5452503922
EEM_60m_divergence_follow_w12_q0.65_all_h6_cost2.0,EEM,2026-06-04 23:00:00+00:00,2026-06-05 13:00:00,-1,4461.74,4365.496499999999,96.2435000000005,1.5616634634729734,112.06390332022933,500000.0,10610.416175811179,0.021220832351622355,151999.96142620337
GDXJ_60m_divergence_follow_w12_q0.85_all_h8_cost2.0,GDXJ,2026-06-04 20:00:00+00:00,2026-06-05 13:00:00,-1,4474.93,4365.496499999999,109.433500000001,1.2096943516650303,111.73359136344031,500000.0,12092.234476107555,0.02418446895221511,164092.19590231092
QQQ_60m_divergence_follow_w12_q0.65_all_h8_cost2.0,QQQ,2026-06-04 20:00:00+00:00,2026-06-05 13:00:00,-1,4474.93,4365.496499999999,109.433500000001,1.2096943516650303,111.73359136344031,500000.0,12092.234476107555,0.02418446895221511,176184.43037841847
EFA_60m_volz_follow_w6_q0.75_all_h8_cost2.0,EFA,2026-06-04 20:00:00+00:00,2026-06-05 13:00:00,1,4474.93,4365.496499999999,-109.433500000001,1.2096943516650303,111.73359136344031,500000.0,-12362.56146483476,-0.02472512292966952,163821.86891358372
GDX_60m_divergence_follow_w12_q0.75_all_h8_cost2.0,GDX,2026-06-04 20:00:00+00:00,2026-06-05 13:00:00,-1,4474.93,4365.496499999999,109.433500000001,1.2096943516650303,111.73359136344031,500000.0,12092.234476107555,0.02418446895221511,175914.10338969127
EWJ_60m_divergence_follow_w12_q0.75_all_h8_cost2.0,EWJ,2026-06-04 20:00:00+00:00,2026-06-05 13:00:00,-1,4474.93,4365.496499999999,109.433500000001,1.2096943516650303,111.73359136344031,500000.0,12092.234476107555,0.02418446895221511,188006.33786579882
GC=F_60m_volz_follow_w6_q0.65_all_h8_cost2.0,GC=F,2026-06-05 06:00:00+00:00,2026-06-05 14:00:00,-1,4452.895,4369.83,83.06500000000051,1.203784625003158,112.28650125367878,500000.0,9191.90946283231,0.018383818925664618,197198.24732863114
GC=F_60m_volz_follow_w6_q0.65_all_h8_cost2.0,GC=F,2026-06-05 09:00:00+00:00,2026-06-05 17:00:00,1,4464.965,4341.825000000001,-123.13999999999942,1.1365013749694033,111.98296067270404,500000.0,-13916.850566014382,-0.027833701132028765,183281.39676261676
GC=F_60m_volz_follow_w6_q0.65_all_h8_cost2.0,GC=F,2026-06-05 10:00:00+00:00,2026-06-05 18:00:00,1,4466.785,4322.46,-144.32499999999982,1.0751619600103417,111.93733300349133,500000.0,-16275.706348079231,-0.03255141269615846,167005.69041453753
GC=F_60m_volz_follow_w6_q0.65_all_h8_cost2.0,GC=F,2026-06-05 11:00:00+00:00,2026-06-05 19:00:00,1,4470.275,4318.81,-151.46499999999924,1.0909039413515154,111.84994211765496,500000.0,-17063.369025546614,-0.034126738051093224,149942.3213889909
GC=F_60m_volz_follow_w6_q0.65_all_h8_cost2.0,GC=F,2026-06-05 12:00:00+00:00,2026-06-05 20:00:00,1,4406.375,4329.505,-76.86999999999989,1.2514728476900865,113.47195824231936,500000.0,-8864.596504801562,-0.017729193009603125,141077.72488418935
EEM_60m_divergence_follow_w12_q0.65_all_h6_cost2.0,EEM,2026-06-05 08:00:00+00:00,2026-06-05 20:00:00,-1,4462.870000000001,4329.505,133.3650000000007,1.1188475975322334,112.0355287068635,500000.0,14816.267603859,0.029632535207718,155893.99248804833
QQQ_60m_divergence_follow_w12_q0.65_all_h8_cost2.0,QQQ,2026-06-04 22:00:00+00:00,2026-06-05 20:00:00,-1,4469.74,4329.505,140.23499999999967,1.501472849275457,111.86332985811256,500000.0,15519.194310040879,0.031038388620081757,171413.1867980892
SPY_60m_divergence_follow_w12_q0.55_all_h6_cost2.0,SPY,2026-06-05 08:00:00+00:00,2026-06-05 20:00:00,-1,4462.870000000001,4329.505,133.3650000000007,1.1188475975322334,112.0355287068635,500000.0,14816.267603859,0.029632535207718,186229.4544019482
GC=F_60m_volz_follow_w6_q0.65_all_h8_cost2.0,GC=F,2026-06-05 13:00:00+00:00,2026-06-07 22:00:00,-1,4365.496499999999,4317.375,48.12149999999929,1.174554580300008,114.53450941948988,500000.0,5377.045362388824,0.010754090724777647,191606.49976433703
GC=F_60m_volz_follow_w6_q0.65_all_h8_cost2.0,GC=F,2026-06-05 14:00:00+00:00,2026-06-07 23:00:00,-1,4369.83,4344.1,25.729999999999563,1.1000718498644033,114.42092712988836,500000.0,2818.179214081001,0.005636358428162002,194424.67897841803
GC=F_60m_volz_follow_w6_q0.65_all_h8_cost2.0,GC=F,2026-06-05 15:00:00+00:00,2026-06-08 00:00:00,-1,4335.49,4342.34,-6.850000000000364,1.081108843155732,115.32721791539134,500000.0,-914.6727178653505,-0.0018293454357307009,193510.00626055268
GC=F_60m_volz_follow_w6_q0.65_all_h8_cost2.0,GC=F,2026-06-05 16:00:00+00:00,2026-06-08 01:00:00,-1,4344.74,4325.81,18.92999999999938,1.0830548670259048,115.08168497999881,500000.0,2053.8565176481766,0.004107713035296353,195563.86277820086
GC=F_60m_volz_follow_w6_q0.65_all_h8_cost2.0,GC=F,2026-06-05 17:00:00+00:00,2026-06-08 02:00:00,-1,4341.825000000001,4310.68,31.145000000000437,1.0913471283431864,115.15894813816769,500000.0,3460.9470524096714,0.006921894104819343,199024.80983061052
GC=F_60m_volz_follow_w6_q0.65_all_h8_cost2.0,GC=F,2026-06-05 18:00:00+00:00,2026-06-08 03:00:00,-1,4322.46,4317.055,5.404999999999745,1.132634349716242,115.67487032847036,500000.0,494.2053425923552,0.0009884106851847103,199519.01517320288
GC=F_60m_volz_follow_w6_q0.65_all_h8_cost2.0,GC=F,2026-06-05 19:00:00+00:00,2026-06-08 04:00:00,-1,4318.81,4312.735000000001,6.074999999999818,1.175430919479967,115.77263181292994,500000.0,567.2360072010404,0.0011344720144020807,200086.25118040392
GC=F_60m_volz_follow_w6_q0.65_all_h8_cost2.0,GC=F,2026-06-05 20:00:00+00:00,2026-06-08 05:00:00,-1,4329.505,4292.02,37.48499999999967,1.7101211028448207,115.48664339225847,500000.0,4131.520681596955,0.00826304136319391,204217.77186200087
QQQ_60m_divergence_follow_w12_q0.65_all_h8_cost2.0,QQQ,2026-06-04 23:00:00+00:00,2026-06-08 08:00:00,-1,4461.74,4288.84,172.89999999999964,1.5616634634729734,112.06390332022933,500000.0,19200.842780678242,0.03840168556135649,223418.6146426791
EFA_60m_volz_follow_w6_q0.75_all_h8_cost2.0,EFA,2026-06-04 23:00:00+00:00,2026-06-08 08:00:00,1,4461.74,4288.84,-172.89999999999964,1.5616634634729734,112.06390332022933,500000.0,-19550.85498745698,-0.03910170997491396,203867.75965522212
EEM_60m_divergence_follow_w12_q0.65_all_h6_cost2.0,EEM,2026-06-05 09:00:00+00:00,2026-06-08 08:00:00,-1,4464.965,4288.84,176.125,1.1365013749694033,111.98296067270404,500000.0,19595.730159702325,0.03919146031940465,223463.48981492445
EEM_60m_divergence_follow_w12_q0.65_all_h6_cost2.0,EEM,2026-06-05 10:00:00+00:00,2026-06-08 09:00:00,-1,4466.785,4294.38,172.40499999999975,1.0751619600103417,111.93733300349133,500000.0,19178.20513411653,0.03835641026823306,242641.69494904098
GDXJ_60m_divergence_follow_w12_q0.85_all_h8_cost2.0,GDXJ,2026-06-05 08:00:00+00:00,2026-06-08 09:00:00,-1,4462.870000000001,4294.38,168.4900000000007,1.1188475975322334,112.0355287068635,500000.0,18751.51554968758,0.03750303109937516,261393.21049872856
QQQ_60m_divergence_follow_w12_q0.65_all_h8_cost2.0,QQQ,2026-06-05 08:00:00+00:00,2026-06-08 09:00:00,-1,4462.870000000001,4294.38,168.4900000000007,1.1188475975322334,112.0355287068635,500000.0,18751.51554968758,0.03750303109937516,280144.7260484161
EEM_60m_divergence_follow_w12_q0.65_all_h6_cost2.0,EEM,2026-06-05 11:00:00+00:00,2026-06-08 10:00:00,-1,4470.275,4302.145,168.1299999999992,1.0909039413515154,111.84994211765496,500000.0,18683.31322554515,0.037366626451090304,298828.0392739613
QQQ_60m_divergence_follow_w12_q0.65_all_h8_cost2.0,QQQ,2026-06-05 09:00:00+00:00,2026-06-08 10:00:00,-1,4464.965,4302.145,162.8199999999997,1.1365013749694033,111.98296067270404,500000.0,18105.796867951965,0.03621159373590393,316933.83614191326
QQQ_60m_divergence_follow_w12_q0.65_all_h8_cost2.0,QQQ,2026-06-05 10:00:00+00:00,2026-06-08 11:00:00,-1,4466.785,4331.4400000000005,135.34499999999935,1.0751619600103417,111.93733300349133,500000.0,15029.807573007096,0.03005961514601419,331963.6437149203
SPY_60m_divergence_follow_w12_q0.55_all_h6_cost2.0,SPY,2026-06-05 13:00:00+00:00,2026-06-08 12:00:00,1,4365.496499999999,4333.280000000001,-32.21649999999863,1.174554580300008,114.53450941948988,500000.0,-3824.4280553539156,-0.007648856110707831,328139.2156595664
SPY_60m_divergence_follow_w12_q0.55_all_h6_cost2.0,SPY,2026-06-05 20:00:00+00:00,2026-06-08 13:00:00,1,4329.505,4327.084999999999,-2.4200000000009823,1.7101211028448207,115.48664339225847,500000.0,-476.9738229711945,-0.000953947645942389,327662.24183659523
GC=F_60m_volz_follow_w6_q0.65_all_h8_cost2.0,GC=F,2026-06-08 06:00:00+00:00,2026-06-08 14:00:00,-1,4300.1885,4331.1,-30.91150000000016,1.187467609337094,116.27397264096678,500000.0,-3732.274481611358,-0.0074645489632227165,323929.96735498385
GC=F_60m_volz_follow_w6_q0.65_all_h8_cost2.0,GC=F,2026-06-08 07:00:00+00:00,2026-06-08 15:00:00,-1,4294.63,4341.85,-47.220000000000255,1.1148880413249889,116.42446497137122,500000.0,-5627.36347966242,-0.011254726959324841,318302.60387532145
GDX_60m_divergence_follow_w12_q0.75_all_h8_cost2.0,GDX,2026-06-05 13:00:00+00:00,2026-06-08 20:00:00,1,4365.496499999999,4328.37,-37.126499999999396,1.174554580300008,114.53450941948988,500000.0,-4386.792496603698,-0.008773584993207396,313915.8113787178
GDXJ_60m_divergence_follow_w12_q0.85_all_h8_cost2.0,GDXJ,2026-06-05 13:00:00+00:00,2026-06-08 20:00:00,1,4365.496499999999,4328.37,-37.126499999999396,1.174554580300008,114.53450941948988,500000.0,-4386.792496603698,-0.008773584993207396,309529.0188821141
SPY_60m_divergence_follow_w12_q0.55_all_h6_cost2.0,SPY,2026-06-08 08:00:00+00:00,2026-06-08 20:00:00,1,4288.84,4328.37,39.529999999999745,1.1145736233404293,116.58163979071264,500000.0,4478.533400250338,0.008957066800500676,314007.55228236446
FXI_60m_divergence_follow_w6_q0.55_all_h8_cost2.0,FXI,2026-06-05 13:00:00+00:00,2026-06-08 20:00:00,1,4365.496499999999,4328.37,-37.126499999999396,1.174554580300008,114.53450941948988,500000.0,-4386.792496603698,-0.008773584993207396,309620.7597857608
GC=F_60m_volz_follow_w6_q0.65_all_h8_cost2.0,GC=F,2026-06-08 12:00:00+00:00,2026-06-08 20:00:00,1,4333.280000000001,4328.37,-4.910000000000764,1.0825218427930998,115.38603552043716,500000.0,-691.4533382096083,-0.0013829066764192166,308929.3064475512
EWJ_60m_divergence_follow_w12_q0.75_all_h8_cost2.0,EWJ,2026-06-05 20:00:00+00:00,2026-06-08 22:00:00,1,4329.505,4328.041499999999,-1.4635000000007494,1.7101211028448207,115.48664339225847,500000.0,-366.5108485664724,-0.0007330216971329447,308562.7955989847
SPY_60m_divergence_follow_w12_q0.55_all_h6_cost2.0,SPY,2026-06-08 09:00:00+00:00,2026-06-08 22:00:00,1,4294.38,4328.041499999999,33.66149999999925,1.0775221215577238,116.43124269393952,500000.0,3793.7930362987827,0.007587586072597565,312356.58863528346
GDXJ_60m_divergence_follow_w12_q0.85_all_h8_cost2.0,GDXJ,2026-06-05 20:00:00+00:00,2026-06-08 22:00:00,1,4329.505,4328.041499999999,-1.4635000000007494,1.7101211028448207,115.48664339225847,500000.0,-366.5108485664724,-0.0007330216971329447,311990.077786717
FXI_60m_divergence_follow_w6_q0.55_all_h8_cost2.0,FXI,2026-06-05 20:00:00+00:00,2026-06-08 22:00:00,1,4329.505,4328.041499999999,-1.4635000000007494,1.7101211028448207,115.48664339225847,500000.0,-366.5108485664724,-0.0007330216971329447,311623.5669381505
GDX_60m_divergence_follow_w12_q0.75_all_h8_cost2.0,GDX,2026-06-05 20:00:00+00:00,2026-06-08 22:00:00,1,4329.505,4328.041499999999,-1.4635000000007494,1.7101211028448207,115.48664339225847,500000.0,-366.5108485664724,-0.0007330216971329447,311257.056089584
EEM_60m_divergence_follow_w12_q0.65_all_h6_cost2.0,EEM,2026-06-08 09:00:00+00:00,2026-06-08 22:00:00,1,4294.38,4328.041499999999,33.66149999999925,1.0775221215577238,116.43124269393952,500000.0,3793.7930362987827,0.007587586072597565,315050.8491258828
EEM_60m_divergence_follow_w12_q0.65_all_h6_cost2.0,EEM,2026-06-08 10:00:00+00:00,2026-06-08 23:00:00,1,4302.145,4317.955,15.80999999999949,1.1112887345476803,116.22109436106871,500000.0,1708.3003089681786,0.003416600617936357,316759.14943485096
FXI_60m_divergence_follow_w6_q0.55_all_h8_cost2.0,FXI,2026-06-08 08:00:00+00:00,2026-06-08 23:00:00,1,4288.84,4317.955,29.11499999999978,1.1145736233404293,116.58163979071264,500000.0,3264.3356218300696,0.006528671243660139,320023.48505668103
SPY_60m_divergence_follow_w12_q0.55_all_h6_cost2.0,SPY,2026-06-08 10:00:00+00:00,2026-06-08 23:00:00,1,4302.145,4317.955,15.80999999999949,1.1112887345476803,116.22109436106871,500000.0,1708.3003089681786,0.003416600617936357,321731.7853656492
EFA_60m_volz_follow_w6_q0.75_all_h8_cost2.0,EFA,2026-06-08 08:00:00+00:00,2026-06-08 23:00:00,-1,4288.84,4317.955,-29.11499999999978,1.1145736233404293,116.58163979071264,500000.0,-3524.2132631830764,-0.007048426526366153,318207.57210246613
GC=F_60m_volz_follow_w6_q0.65_all_h8_cost2.0,GC=F,2026-06-08 15:00:00+00:00,2026-06-09 00:00:00,1,4341.85,4319.99,-21.860000000000582,1.090936112037796,115.15828506281883,500000.0,-2642.9904432486583,-0.0052859808864973165,315564.5816592175
GC=F_60m_volz_follow_w6_q0.65_all_h8_cost2.0,GC=F,2026-06-08 16:00:00+00:00,2026-06-09 01:00:00,1,4340.745,4336.655,-4.0900000000001455,1.059741226000478,115.1876002852045,500000.0,-593.1863339127988,-0.0011863726678255975,314971.3953253047
GC=F_60m_volz_follow_w6_q0.65_all_h8_cost2.0,GC=F,2026-06-08 17:00:00+00:00,2026-06-09 02:00:00,1,4339.1900000000005,4336.17,-3.0200000000004366,1.0743615431361755,115.22887912260121,500000.0,-471.7886913383157,-0.0009435773826766313,314499.6066339664
SPY_60m_divergence_follow_w12_q0.55_all_h6_cost2.0,SPY,2026-06-08 11:00:00+00:00,2026-06-09 08:00:00,1,4331.4400000000005,4326.695,-4.7450000000008,1.104558383093919,115.43505162255508,500000.0,-675.2440739216888,-0.0013504881478433775,313824.3625600447
GDXJ_60m_divergence_follow_w12_q0.85_all_h8_cost2.0,GDXJ,2026-06-08 09:00:00+00:00,2026-06-09 08:00:00,1,4294.38,4326.695,32.3149999999996,1.0775221215577238,116.43124269393952,500000.0,3637.0183680114333,0.007274036736022866,317461.38092805614
FXI_60m_divergence_follow_w6_q0.55_all_h8_cost2.0,FXI,2026-06-08 09:00:00+00:00,2026-06-09 08:00:00,1,4294.38,4326.695,32.3149999999996,1.0775221215577238,116.43124269393952,500000.0,3637.0183680114333,0.007274036736022866,321098.3992960676
QQQ_60m_divergence_follow_w12_q0.65_all_h8_cost2.0,QQQ,2026-06-08 09:00:00+00:00,2026-06-09 08:00:00,1,4294.38,4326.695,32.3149999999996,1.0775221215577238,116.43124269393952,500000.0,3637.0183680114333,0.007274036736022866,324735.41766407905
EFA_60m_volz_follow_w6_q0.75_all_h8_cost2.0,EFA,2026-06-08 09:00:00+00:00,2026-06-09 08:00:00,-1,4294.38,4326.695,-32.3149999999996,1.0775221215577238,116.43124269393952,500000.0,-3887.9328472977845,-0.007775865694595569,320847.48481678125
GDX_60m_divergence_follow_w12_q0.75_all_h8_cost2.0,GDX,2026-06-08 09:00:00+00:00,2026-06-09 08:00:00,1,4294.38,4326.695,32.3149999999996,1.0775221215577238,116.43124269393952,500000.0,3637.0183680114333,0.007274036736022866,324484.5031847927
QQQ_60m_divergence_follow_w12_q0.65_all_h8_cost2.0,QQQ,2026-06-08 10:00:00+00:00,2026-06-09 09:00:00,1,4302.145,4332.32,30.174999999999272,1.1112887345476803,116.22109436106871,500000.0,3377.816329464905,0.00675563265892981,327862.3195142576
FXI_60m_divergence_follow_w6_q0.55_all_h8_cost2.0,FXI,2026-06-08 10:00:00+00:00,2026-06-09 09:00:00,1,4302.145,4332.32,30.174999999999272,1.1112887345476803,116.22109436106871,500000.0,3377.816329464905,0.00675563265892981,331240.1358437225
EFA_60m_volz_follow_w6_q0.75_all_h8_cost2.0,EFA,2026-06-08 10:00:00+00:00,2026-06-09 09:00:00,-1,4302.145,4332.32,-30.174999999999272,1.1112887345476803,116.22109436106871,500000.0,-3636.1267152254222,-0.007272253430450845,327604.0091284971
EFA_60m_volz_follow_w6_q0.75_all_h8_cost2.0,EFA,2026-06-08 11:00:00+00:00,2026-06-09 10:00:00,-1,4331.4400000000005,4339.29,-7.849999999999454,1.104558383093919,115.43505162255508,500000.0,-1033.6699092095669,-0.0020673398184191333,326570.3392192875
FXI_60m_divergence_follow_w6_q0.55_all_h8_cost2.0,FXI,2026-06-08 11:00:00+00:00,2026-06-09 10:00:00,1,4331.4400000000005,4339.29,7.849999999999454,1.104558383093919,115.43505162255508,500000.0,778.6604012644218,0.0015573208025288436,327348.99962055194
EEM_60m_divergence_follow_w12_q0.65_all_h6_cost2.0,EEM,2026-06-08 20:00:00+00:00,2026-06-09 11:00:00,1,4328.37,4339.915,11.545000000000073,1.1907435335871643,115.51692669526867,500000.0,1196.0918852146315,0.002392183770429263,328545.09150576656
SPY_60m_divergence_follow_w12_q0.55_all_h6_cost2.0,SPY,2026-06-08 20:00:00+00:00,2026-06-09 11:00:00,1,4328.37,4339.915,11.545000000000073,1.1907435335871643,115.51692669526867,500000.0,1196.0918852146315,0.002392183770429263,329741.18339098117
EFA_60m_volz_follow_w6_q0.75_all_h8_cost2.0,EFA,2026-06-08 12:00:00+00:00,2026-06-09 11:00:00,-1,4333.280000000001,4339.915,-6.634999999999309,1.0825218427930998,115.38603552043716,500000.0,-890.4942494821945,-0.001780988498964389,328850.689141499
EEM_60m_divergence_follow_w12_q0.65_all_h6_cost2.0,EEM,2026-06-09 08:00:00+00:00,2026-06-09 20:00:00,1,4326.695,4260.9400000000005,-65.7549999999992,0.8679267507353114,115.56164693836752,500000.0,-7699.0551391691015,-0.015398110278338203,321151.6340023299
FXI_60m_divergence_follow_w6_q0.55_all_h8_cost2.0,FXI,2026-06-08 22:00:00+00:00,2026-06-09 20:00:00,-1,4328.041499999999,4260.9400000000005,67.10149999999885,1.4389580548659964,115.52569447404792,500000.0,7585.710759142775,0.015171421518285549,328737.34476147266
FXI_60m_divergence_follow_w6_q0.55_all_h8_cost2.0,FXI,2026-06-08 23:00:00+00:00,2026-06-09 22:00:00,-1,4317.955,4237.415,80.53999999999996,1.5068197827472274,115.79555599815191,500000.0,9151.69104555892,0.018303382091117842,337889.03580703156
QQQ_60m_divergence_follow_w12_q0.65_all_h8_cost2.0,QQQ,2026-06-09 08:00:00+00:00,2026-06-09 23:00:00,1,4326.695,4222.145,-104.54999999999927,0.8679267507353114,115.56164693836752,500000.0,-12182.269232143079,-0.024364538464286156,325706.7665748885
ZB=F_60m_divergence_fade_w12_q0.85_all_h8_cost2.0,ZB=F,2026-06-09 16:00:00+00:00,2026-06-10 01:00:00,-1,4252.275,4188.805,63.469999999999345,1.6466722477469868,117.58411673751111,500000.0,7269.441387522252,0.014538882775044504,332976.20796241076
GC=F_60m_volz_follow_w6_q0.65_all_h8_cost2.0,GC=F,2026-06-09 16:00:00+00:00,2026-06-10 01:00:00,-1,4252.275,4188.805,63.469999999999345,1.6466722477469868,117.58411673751111,500000.0,7269.441387522252,0.014538882775044504,340245.649349933
GC=F_60m_volz_follow_w6_q0.65_all_h8_cost2.0,GC=F,2026-06-09 17:00:00+00:00,2026-06-10 02:00:00,-1,4263.12,4174.12,89.0,1.564381568832024,117.2849931505564,500000.0,10254.8859088142,0.0205097718176284,350500.53525874723
ZB=F_60m_divergence_fade_w12_q0.85_all_h8_cost2.0,ZB=F,2026-06-09 17:00:00+00:00,2026-06-10 02:00:00,-1,4263.12,4174.12,89.0,1.564381568832024,117.2849931505564,500000.0,10254.8859088142,0.0205097718176284,360755.42116756144
ZB=F_60m_divergence_fade_w12_q0.85_all_h8_cost2.0,ZB=F,2026-06-09 18:00:00+00:00,2026-06-10 03:00:00,-1,4270.04,4184.975,85.0649999999996,1.2219327710121526,117.09492182743018,500000.0,9817.59740295026,0.019635194805900518,370573.0185705117
GC=F_60m_volz_follow_w6_q0.65_all_h8_cost2.0,GC=F,2026-06-09 18:00:00+00:00,2026-06-10 03:00:00,-1,4270.04,4184.975,85.0649999999996,1.2219327710121526,117.09492182743018,500000.0,9817.59740295026,0.019635194805900518,380390.615973462
GC=F_60m_volz_follow_w6_q0.65_all_h8_cost2.0,GC=F,2026-06-09 19:00:00+00:00,2026-06-10 04:00:00,-1,4258.666499999999,4174.83,83.83649999999943,1.2195378210849441,117.40764391858345,500000.0,9699.862877137068,0.01939972575427414,390090.4788505991
ZB=F_60m_divergence_fade_w12_q0.85_all_h8_cost2.0,ZB=F,2026-06-09 19:00:00+00:00,2026-06-10 04:00:00,-1,4258.666499999999,4174.83,83.83649999999943,1.2195378210849441,117.40764391858345,500000.0,9699.862877137068,0.01939972575427414,399790.3417277362
ZB=F_60m_divergence_fade_w12_q0.85_all_h8_cost2.0,ZB=F,2026-06-09 20:00:00+00:00,2026-06-10 05:00:00,-1,4260.9400000000005,4205.255,55.6850000000004,1.2186910392870656,117.34499899083299,500000.0,6391.348970029304,0.012782697940058608,406181.6906977655
GC=F_60m_volz_follow_w6_q0.65_all_h8_cost2.0,GC=F,2026-06-09 20:00:00+00:00,2026-06-10 05:00:00,-1,4260.9400000000005,4205.255,55.6850000000004,1.2186910392870656,117.34499899083299,500000.0,6391.348970029304,0.012782697940058608,412573.03966779483
GC=F_60m_volz_follow_w6_q0.65_all_h8_cost2.0,GC=F,2026-06-09 22:00:00+00:00,2026-06-10 06:00:00,-1,4237.415,4204.065,33.350000000000364,1.9073828831984387,117.99646718577246,500000.0,3710.117738857526,0.007420235477715052,416283.15740665235
ZB=F_60m_divergence_fade_w12_q0.85_all_h8_cost2.0,ZB=F,2026-06-09 22:00:00+00:00,2026-06-10 06:00:00,-1,4237.415,4204.065,33.350000000000364,1.9073828831984387,117.99646718577246,500000.0,3710.117738857526,0.007420235477715052,419993.27514550986
GC=F_60m_volz_follow_w6_q0.65_all_h8_cost2.0,GC=F,2026-06-09 23:00:00+00:00,2026-06-10 07:00:00,-1,4222.145,4186.17,35.975000000000364,1.5521014786452378,118.42321852991783,500000.0,4076.470434027623,0.008152940868055247,424069.74557953747
ZB=F_60m_divergence_fade_w12_q0.85_all_h8_cost2.0,ZB=F,2026-06-09 23:00:00+00:00,2026-06-10 07:00:00,-1,4222.145,4186.17,35.975000000000364,1.5521014786452378,118.42321852991783,500000.0,4076.470434027623,0.008152940868055247,428146.2160135651
GC=F_60m_volz_follow_w6_q0.65_all_h8_cost2.0,GC=F,2026-06-10 00:00:00+00:00,2026-06-10 08:00:00,-1,4218.3150000000005,4169.115,49.20000000000073,1.387233357856702,118.53074035485731,500000.0,5667.282628507357,0.011334565257014713,433813.49864207243
EEM_60m_divergence_follow_w12_q0.65_all_h6_cost2.0,EEM,2026-06-09 11:00:00+00:00,2026-06-10 08:00:00,1,4339.915,4169.115,-170.80000000000018,1.0463800594482753,115.20962968168732,500000.0,-19798.35780878755,-0.0395967156175751,414015.1408332849
ZB=F_60m_divergence_fade_w12_q0.85_all_h8_cost2.0,ZB=F,2026-06-10 00:00:00+00:00,2026-06-10 08:00:00,-1,4218.3150000000005,4169.115,49.20000000000073,1.387233357856702,118.53074035485731,500000.0,5667.282628507357,0.011334565257014713,419682.42346179223
ZB=F_60m_divergence_fade_w12_q0.85_all_h8_cost2.0,ZB=F,2026-06-10 01:00:00+00:00,2026-06-10 09:00:00,-1,4188.805,4168.7985,20.006500000000415,1.274578114560155,119.36578570737954,500000.0,2235.9505736648352,0.0044719011473296705,421918.3740354571
GC=F_60m_volz_follow_w6_q0.65_all_h8_cost2.0,GC=F,2026-06-10 01:00:00+00:00,2026-06-10 09:00:00,-1,4188.805,4168.7985,20.006500000000415,1.274578114560155,119.36578570737954,500000.0,2235.9505736648352,0.0044719011473296705,424154.32460912195
GDX_60m_divergence_follow_w12_q0.75_all_h8_cost2.0,GDX,2026-06-09 10:00:00+00:00,2026-06-10 09:00:00,-1,4339.29,4168.7985,170.4915000000001,1.0387659532600397,115.226223644882,500000.0,19525.398630506377,0.03905079726101275,443679.7232396283
ZB=F_60m_divergence_fade_w12_q0.85_all_h8_cost2.0,ZB=F,2026-06-10 02:00:00+00:00,2026-06-10 10:00:00,-1,4174.12,4174.700000000001,-0.5800000000008367,1.1674203767547926,119.78572729102183,500000.0,-209.31602071282444,-0.0004186320414256488,443470.40721891547
GC=F_60m_volz_follow_w6_q0.65_all_h8_cost2.0,GC=F,2026-06-10 02:00:00+00:00,2026-06-10 10:00:00,-1,4174.12,4174.700000000001,-0.5800000000008367,1.1674203767547926,119.78572729102183,500000.0,-209.31602071282444,-0.0004186320414256488,443261.09119820263
QQQ_60m_divergence_follow_w12_q0.65_all_h8_cost2.0,QQQ,2026-06-09 11:00:00+00:00,2026-06-10 10:00:00,1,4339.915,4174.700000000001,-165.21499999999924,1.0463800594482753,115.20962968168732,500000.0,-19154.91202701522,-0.03830982405403044,424106.1791711874
ZB=F_60m_divergence_fade_w12_q0.85_all_h8_cost2.0,ZB=F,2026-06-10 03:00:00+00:00,2026-06-10 11:00:00,-1,4184.975,4147.764999999999,37.210000000000946,1.3433570012704747,119.47502673253722,500000.0,4285.168131079691,0.008570336262159384,428391.3473022671
GC=F_60m_volz_follow_w6_q0.65_all_h8_cost2.0,GC=F,2026-06-10 03:00:00+00:00,2026-06-10 11:00:00,-1,4184.975,4147.764999999999,37.210000000000946,1.3433570012704747,119.47502673253722,500000.0,4285.168131079691,0.008570336262159384,432676.5154333468
ZB=F_60m_divergence_fade_w12_q0.85_all_h8_cost2.0,ZB=F,2026-06-10 04:00:00+00:00,2026-06-10 12:00:00,-1,4174.83,4147.095,27.734999999999673,1.3360091472355393,119.76535571508302,500000.0,3161.6845300005193,0.006323369060001038,435838.1999633473
GC=F_60m_volz_follow_w6_q0.65_all_h8_cost2.0,GC=F,2026-06-10 04:00:00+00:00,2026-06-10 12:00:00,-1,4174.83,4147.095,27.734999999999673,1.3360091472355393,119.76535571508302,500000.0,3161.6845300005193,0.006323369060001038,438999.8844933478
EEM_60m_divergence_follow_w12_q0.65_all_h6_cost2.0,EEM,2026-06-09 22:00:00+00:00,2026-06-10 12:00:00,1,4237.415,4147.095,-90.31999999999971,1.9073828831984387,117.99646718577246,500000.0,-10882.505358006963,-0.021765010716013927,428117.3791353408
ZB=F_60m_divergence_fade_w12_q0.85_all_h8_cost2.0,ZB=F,2026-06-10 05:00:00+00:00,2026-06-10 13:00:00,-1,4205.255,4179.764999999999,25.49000000000069,1.3506798673088973,118.89885393394692,500000.0,2870.1374985217058,0.0057402749970434114,430987.5166338625
GC=F_60m_volz_follow_w6_q0.65_all_h8_cost2.0,GC=F,2026-06-10 05:00:00+00:00,2026-06-10 13:00:00,-1,4205.255,4179.764999999999,25.49000000000069,1.3506798673088973,118.89885393394692,500000.0,2870.1374985217058,0.0057402749970434114,433857.6541323842
EEM_60m_divergence_follow_w12_q0.65_all_h6_cost2.0,EEM,2026-06-09 23:00:00+00:00,2026-06-10 13:00:00,1,4222.145,4179.764999999999,-42.38000000000102,1.5521014786452378,118.42321852991783,500000.0,-5202.580853884252,-0.010405161707768505,428655.0732785
ZB=F_60m_divergence_fade_w12_q0.85_all_h8_cost2.0,ZB=F,2026-06-10 08:00:00+00:00,2026-06-10 16:00:00,-1,4169.115,4122.07,47.04500000000007,1.0481183103054246,119.92952940851956,500000.0,5516.384375304428,0.011032768750608858,434171.45765380445
ZB=F_60m_divergence_fade_w12_q0.85_all_h8_cost2.0,ZB=F,2026-06-10 09:00:00+00:00,2026-06-10 17:00:00,-1,4168.7985,4111.79,57.00849999999991,1.0311873898452242,119.9386345969948,500000.0,6713.842442871093,0.013427684885742185,440885.3000966755
SPY_60m_divergence_follow_w12_q0.55_all_h6_cost2.0,SPY,2026-06-10 08:00:00+00:00,2026-06-10 20:00:00,1,4169.115,4072.385,-96.72999999999956,1.0481183103054246,119.92952940851956,500000.0,-11726.483715405428,-0.023452967430810854,429158.81638127007
GC=F_60m_volz_follow_w6_q0.65_all_h8_cost2.0,GC=F,2026-06-10 12:00:00+00:00,2026-06-10 20:00:00,-1,4147.095,4072.385,74.71000000000004,1.4154073961856728,120.56632413773978,500000.0,8836.859609415067,0.017673719218830135,437995.6759906851
EEM_60m_divergence_follow_w12_q0.65_all_h6_cost2.0,EEM,2026-06-10 08:00:00+00:00,2026-06-10 20:00:00,1,4169.115,4072.385,-96.72999999999956,1.0481183103054246,119.92952940851956,500000.0,-11726.483715405428,-0.023452967430810854,426269.19227527967
EEM_60m_divergence_follow_w12_q0.65_all_h6_cost2.0,EEM,2026-06-10 09:00:00+00:00,2026-06-10 22:00:00,1,4168.7985,4046.395,-122.4034999999999,1.0311873898452242,119.9386345969948,500000.0,-14804.587867444916,-0.02960917573488983,411464.60440783476
SPY_60m_divergence_follow_w12_q0.55_all_h6_cost2.0,SPY,2026-06-10 09:00:00+00:00,2026-06-10 22:00:00,1,4168.7985,4046.395,-122.4034999999999,1.0311873898452242,119.9386345969948,500000.0,-14804.587867444916,-0.02960917573488983,396660.01654038986
ZB=F_60m_divergence_fade_w12_q0.85_all_h8_cost2.0,ZB=F,2026-06-10 13:00:00+00:00,2026-06-10 22:00:00,-1,4179.764999999999,4046.395,133.36999999999944,1.2837045138000598,119.62395015030751,500000.0,15800.684426779904,0.031601368853559804,412460.7009671698
FXI_60m_divergence_follow_w6_q0.55_all_h8_cost2.0,FXI,2026-06-09 23:00:00+00:00,2026-06-10 22:00:00,1,4222.145,4046.395,-175.75000000000045,1.5521014786452378,118.42321852991783,500000.0,-20996.685509219325,-0.041993371018438655,391464.0154579505
GC=F_60m_volz_follow_w6_q0.65_all_h8_cost2.0,GC=F,2026-06-10 13:00:00+00:00,2026-06-10 22:00:00,-1,4179.764999999999,4046.395,133.36999999999944,1.2837045138000598,119.62395015030751,500000.0,15800.684426779904,0.031601368853559804,407264.6998847304
GDXJ_60m_divergence_follow_w12_q0.85_all_h8_cost2.0,GDXJ,2026-06-10 08:00:00+00:00,2026-06-10 23:00:00,1,4169.115,4047.205,-121.90999999999985,1.0481183103054246,119.92952940851956,500000.0,-14746.309265911985,-0.02949261853182397,392518.3906188184
EEM_60m_divergence_follow_w12_q0.65_all_h6_cost2.0,EEM,2026-06-10 10:00:00+00:00,2026-06-10 23:00:00,1,4174.700000000001,4047.205,-127.4950000000008,1.0426849829469482,119.76908520372719,500000.0,-15394.840944612513,-0.03078968188922503,377123.5496742059
SPY_60m_divergence_follow_w12_q0.55_all_h6_cost2.0,SPY,2026-06-10 10:00:00+00:00,2026-06-10 23:00:00,1,4174.700000000001,4047.205,-127.4950000000008,1.0426849829469482,119.76908520372719,500000.0,-15394.840944612513,-0.03078968188922503,361728.7087295934
FXI_60m_divergence_follow_w6_q0.55_all_h8_cost2.0,FXI,2026-06-10 08:00:00+00:00,2026-06-10 23:00:00,1,4169.115,4047.205,-121.90999999999985,1.0481183103054246,119.92952940851956,500000.0,-14746.309265911985,-0.02949261853182397,346982.3994636814
GDX_60m_divergence_follow_w12_q0.75_all_h8_cost2.0,GDX,2026-06-10 08:00:00+00:00,2026-06-10 23:00:00,1,4169.115,4047.205,-121.90999999999985,1.0481183103054246,119.92952940851956,500000.0,-14746.309265911985,-0.02949261853182397,332236.0901977694
GC=F_60m_volz_follow_w6_q0.65_all_h8_cost2.0,GC=F,2026-06-10 15:00:00+00:00,2026-06-11 00:00:00,-1,4129.02,4075.91,53.11000000000058,1.1855444134380027,121.09410949813756,500000.0,6287.745710430389,0.01257549142086078,338523.8359081998
GC=F_60m_volz_follow_w6_q0.65_all_h8_cost2.0,GC=F,2026-06-10 16:00:00+00:00,2026-06-11 01:00:00,-1,4122.07,4102.115,19.954999999999927,1.2271819983286838,121.29827974779663,500000.0,2271.65210703254,0.00454330421406508,340795.4880152323
GC=F_60m_volz_follow_w6_q0.65_all_h8_cost2.0,GC=F,2026-06-10 17:00:00+00:00,2026-06-11 02:00:00,-1,4111.79,4067.98,43.809999999999945,1.2218977295679057,121.60154093472673,500000.0,5178.77886157027,0.01035755772314054,345974.2668768026
GC=F_60m_volz_follow_w6_q0.65_all_h8_cost2.0,GC=F,2026-06-10 18:00:00+00:00,2026-06-11 03:00:00,-1,4101.639999999999,4072.885,28.7549999999992,1.2181872674814838,121.90245852878363,500000.0,3356.805172140622,0.006713610344281244,349331.0720489432
ZB=F_60m_divergence_fade_w12_q0.85_all_h8_cost2.0,ZB=F,2026-06-10 19:00:00+00:00,2026-06-11 04:00:00,-1,4082.81,4082.695,0.11499999999978172,1.139092719644292,122.46467506447765,500000.0,-125.41518214716214,-0.0002508303642943243,349205.656866796
GC=F_60m_volz_follow_w6_q0.65_all_h8_cost2.0,GC=F,2026-06-10 19:00:00+00:00,2026-06-11 04:00:00,-1,4082.81,4082.695,0.11499999999978172,1.139092719644292,122.46467506447765,500000.0,-125.41518214716214,-0.0002508303642943243,349080.24168464885
GC=F_60m_volz_follow_w6_q0.65_all_h8_cost2.0,GC=F,2026-06-10 20:00:00+00:00,2026-06-11 05:00:00,-1,4072.385,4094.335,-21.949999999999818,1.1943406106019336,122.77817544264602,500000.0,-2841.6199119928187,-0.005683239823985637,346238.62177265604
GC=F_60m_volz_follow_w6_q0.65_all_h8_cost2.0,GC=F,2026-06-10 22:00:00+00:00,2026-06-11 06:00:00,-1,4046.395,4094.49,-48.0949999999998,1.4959273508177855,123.56677981264805,500000.0,-6127.791200663502,-0.012255582401327006,340110.83057199256
GC=F_60m_volz_follow_w6_q0.65_all_h8_cost2.0,GC=F,2026-06-10 23:00:00+00:00,2026-06-11 07:00:00,-1,4047.205,4105.045,-57.840000000000146,1.6323596977593944,123.54204938964051,500000.0,-7347.337199099075,-0.01469467439819815,332763.4933728935
FXI_60m_divergence_follow_w6_q0.55_all_h8_cost2.0,FXI,2026-06-10 09:00:00+00:00,2026-06-11 08:00:00,1,4168.7985,4084.4965,-84.30199999999968,1.0311873898452242,119.9386345969948,500000.0,-10234.745981347492,-0.020469491962694986,322528.74739154597
QQQ_60m_divergence_follow_w12_q0.65_all_h8_cost2.0,QQQ,2026-06-10 09:00:00+00:00,2026-06-11 08:00:00,1,4168.7985,4084.4965,-84.30199999999968,1.0311873898452242,119.9386345969948,500000.0,-10234.745981347492,-0.020469491962694986,312294.00141019846
GC=F_60m_volz_follow_w6_q0.65_all_h8_cost2.0,GC=F,2026-06-11 00:00:00+00:00,2026-06-11 08:00:00,-1,4075.91,4084.4965,-8.586500000000342,1.4654788296559225,122.67199226675761,500000.0,-1233.0962692572045,-0.0024661925385144087,311060.90514094126
GDX_60m_divergence_follow_w12_q0.75_all_h8_cost2.0,GDX,2026-06-10 09:00:00+00:00,2026-06-11 08:00:00,1,4168.7985,4084.4965,-84.30199999999968,1.0311873898452242,119.9386345969948,500000.0,-10234.745981347492,-0.020469491962694986,300826.15915959375
EEM_60m_divergence_follow_w12_q0.65_all_h6_cost2.0,EEM,2026-06-10 11:00:00+00:00,2026-06-11 08:00:00,1,4147.764999999999,4084.4965,-63.26849999999922,1.0768432555577283,120.54684872455408,500000.0,-7756.62835955713,-0.01551325671911426,293069.5308000366
EFA_60m_volz_follow_w6_q0.75_all_h8_cost2.0,EFA,2026-06-10 09:00:00+00:00,2026-06-11 08:00:00,-1,4168.7985,4084.4965,84.30199999999968,1.0311873898452242,119.9386345969948,500000.0,9987.387566244142,0.01997477513248828,303056.91836628073
GDXJ_60m_divergence_follow_w12_q0.85_all_h8_cost2.0,GDXJ,2026-06-10 09:00:00+00:00,2026-06-11 08:00:00,1,4168.7985,4084.4965,-84.30199999999968,1.0311873898452242,119.9386345969948,500000.0,-10234.745981347492,-0.020469491962694986,292822.1723849332
SPY_60m_divergence_follow_w12_q0.55_all_h6_cost2.0,SPY,2026-06-10 11:00:00+00:00,2026-06-11 08:00:00,1,4147.764999999999,4084.4965,-63.26849999999922,1.0768432555577283,120.54684872455408,500000.0,-7756.62835955713,-0.01551325671911426,285065.5440253761
EFA_60m_volz_follow_w6_q0.75_all_h8_cost2.0,EFA,2026-06-10 10:00:00+00:00,2026-06-11 09:00:00,-1,4174.700000000001,4091.825,82.87500000000091,1.0426849829469482,119.76908520372719,500000.0,9800.98150969578,0.019601963019391558,294866.52553507185
GDXJ_60m_divergence_follow_w12_q0.85_all_h8_cost2.0,GDXJ,2026-06-10 10:00:00+00:00,2026-06-11 09:00:00,1,4174.700000000001,4091.825,-82.87500000000091,1.0426849829469482,119.76908520372719,500000.0,-10050.744362822219,-0.02010148872564444,284815.78117224964
FXI_60m_divergence_follow_w6_q0.55_all_h8_cost2.0,FXI,2026-06-10 10:00:00+00:00,2026-06-11 09:00:00,1,4174.700000000001,4091.825,-82.87500000000091,1.0426849829469482,119.76908520372719,500000.0,-10050.744362822219,-0.02010148872564444,274765.03680942743
SPY_60m_divergence_follow_w12_q0.55_all_h6_cost2.0,SPY,2026-06-10 12:00:00+00:00,2026-06-11 09:00:00,1,4147.095,4091.825,-55.27000000000044,1.4154073961856728,120.56632413773978,500000.0,-6834.351202008406,-0.013668702404016813,267930.685607419
GC=F_60m_volz_follow_w6_q0.65_all_h8_cost2.0,GC=F,2026-06-11 01:00:00+00:00,2026-06-11 09:00:00,-1,4102.115,4091.825,10.289999999999964,1.5478288848566608,121.88834296454391,500000.0,1065.5687511373162,0.0021311375022746324,268996.2543585563
QQQ_60m_divergence_follow_w12_q0.65_all_h8_cost2.0,QQQ,2026-06-10 10:00:00+00:00,2026-06-11 09:00:00,1,4174.700000000001,4091.825,-82.87500000000091,1.0426849829469482,119.76908520372719,500000.0,-10050.744362822219,-0.02010148872564444,258945.5099957341
GDX_60m_divergence_follow_w12_q0.75_all_h8_cost2.0,GDX,2026-06-10 10:00:00+00:00,2026-06-11 09:00:00,1,4174.700000000001,4091.825,-82.87500000000091,1.0426849829469482,119.76908520372719,500000.0,-10050.744362822219,-0.02010148872564444,248894.76563291188
EEM_60m_divergence_follow_w12_q0.65_all_h6_cost2.0,EEM,2026-06-10 12:00:00+00:00,2026-06-11 09:00:00,1,4147.095,4091.825,-55.27000000000044,1.4154073961856728,120.56632413773978,500000.0,-6834.351202008406,-0.013668702404016813,242060.41443090347
GDX_60m_divergence_follow_w12_q0.75_all_h8_cost2.0,GDX,2026-06-10 11:00:00+00:00,2026-06-11 10:00:00,1,4147.764999999999,4090.07,-57.694999999999254,1.0768432555577283,120.54684872455408,500000.0,-7084.760498190832,-0.014169520996381663,234975.65393271265
QQQ_60m_divergence_follow_w12_q0.65_all_h8_cost2.0,QQQ,2026-06-10 11:00:00+00:00,2026-06-11 10:00:00,1,4147.764999999999,4090.07,-57.694999999999254,1.0768432555577283,120.54684872455408,500000.0,-7084.760498190832,-0.014169520996381663,227890.89343452183
EFA_60m_volz_follow_w6_q0.75_all_h8_cost2.0,EFA,2026-06-10 11:00:00+00:00,2026-06-11 10:00:00,-1,4147.764999999999,4090.07,57.694999999999254,1.0768432555577283,120.54684872455408,500000.0,6825.140376135284,0.01365028075227057,234716.0338106571
GDXJ_60m_divergence_follow_w12_q0.85_all_h8_cost2.0,GDXJ,2026-06-10 11:00:00+00:00,2026-06-11 10:00:00,1,4147.764999999999,4090.07,-57.694999999999254,1.0768432555577283,120.54684872455408,500000.0,-7084.760498190832,-0.014169520996381663,227631.27331246628
EEM_60m_divergence_follow_w12_q0.65_all_h6_cost2.0,EEM,2026-06-10 13:00:00+00:00,2026-06-11 10:00:00,1,4179.764999999999,4090.07,-89.69499999999925,1.2837045138000598,119.62395015030751,500000.0,-10883.232013498286,-0.02176646402699657,216748.041298968
SPY_60m_divergence_follow_w12_q0.55_all_h6_cost2.0,SPY,2026-06-10 13:00:00+00:00,2026-06-11 10:00:00,1,4179.764999999999,4090.07,-89.69499999999925,1.2837045138000598,119.62395015030751,500000.0,-10883.232013498286,-0.02176646402699657,205864.8092854697
FXI_60m_divergence_follow_w6_q0.55_all_h8_cost2.0,FXI,2026-06-10 11:00:00+00:00,2026-06-11 10:00:00,1,4147.764999999999,4090.07,-57.694999999999254,1.0768432555577283,120.54684872455408,500000.0,-7084.760498190832,-0.014169520996381663,198780.04878727888
GDX_60m_divergence_follow_w12_q0.75_all_h8_cost2.0,GDX,2026-06-10 12:00:00+00:00,2026-06-11 11:00:00,1,4147.095,4080.37,-66.72500000000036,1.4154073961856728,120.56632413773978,500000.0,-8215.438445006206,-0.016430876890012415,190564.61034227267
SPY_60m_divergence_follow_w12_q0.55_all_h6_cost2.0,SPY,2026-06-10 20:00:00+00:00,2026-06-11 11:00:00,1,4072.385,4080.37,7.984999999999673,1.1943406106019336,122.77817544264602,500000.0,833.744769882727,0.001667489539765454,191398.3551121554
EEM_60m_divergence_follow_w12_q0.65_all_h6_cost2.0,EEM,2026-06-10 20:00:00+00:00,2026-06-11 11:00:00,1,4072.385,4080.37,7.984999999999673,1.1943406106019336,122.77817544264602,500000.0,833.744769882727,0.001667489539765454,192232.09988203814
QQQ_60m_divergence_follow_w12_q0.65_all_h8_cost2.0,QQQ,2026-06-10 12:00:00+00:00,2026-06-11 11:00:00,1,4147.095,4080.37,-66.72500000000036,1.4154073961856728,120.56632413773978,500000.0,-8215.438445006206,-0.016430876890012415,184016.66143703193
GDXJ_60m_divergence_follow_w12_q0.85_all_h8_cost2.0,GDXJ,2026-06-10 12:00:00+00:00,2026-06-11 11:00:00,1,4147.095,4080.37,-66.72500000000036,1.4154073961856728,120.56632413773978,500000.0,-8215.438445006206,-0.016430876890012415,175801.22299202572
FXI_60m_divergence_follow_w6_q0.55_all_h8_cost2.0,FXI,2026-06-10 12:00:00+00:00,2026-06-11 11:00:00,1,4147.095,4080.37,-66.72500000000036,1.4154073961856728,120.56632413773978,500000.0,-8215.438445006206,-0.016430876890012415,167585.78454701952
EEM_60m_divergence_follow_w12_q0.65_all_h6_cost2.0,EEM,2026-06-10 22:00:00+00:00,2026-06-11 12:00:00,1,4046.395,4082.07,35.67500000000018,1.4959273508177855,123.56677981264805,500000.0,4223.397944242022,0.008446795888484045,171809.18249126154
EFA_60m_volz_follow_w6_q0.75_all_h8_cost2.0,EFA,2026-06-10 12:00:00+00:00,2026-06-11 12:00:00,-1,4147.095,4082.07,65.02500000000009,1.4154073961856728,120.56632413773978,500000.0,7669.174760141064,0.01533834952028213,179478.3572514026
FXI_60m_divergence_follow_w6_q0.55_all_h8_cost2.0,FXI,2026-06-10 13:00:00+00:00,2026-06-11 12:00:00,1,4179.764999999999,4082.07,-97.69499999999925,1.2837045138000598,119.62395015030751,500000.0,-11840.223614700746,-0.02368044722940149,167638.13363670185
GDXJ_60m_divergence_follow_w12_q0.85_all_h8_cost2.0,GDXJ,2026-06-10 13:00:00+00:00,2026-06-11 12:00:00,1,4179.764999999999,4082.07,-97.69499999999925,1.2837045138000598,119.62395015030751,500000.0,-11840.223614700746,-0.02368044722940149,155797.9100220011
QQQ_60m_divergence_follow_w12_q0.65_all_h8_cost2.0,QQQ,2026-06-10 13:00:00+00:00,2026-06-11 12:00:00,1,4179.764999999999,4082.07,-97.69499999999925,1.2837045138000598,119.62395015030751,500000.0,-11840.223614700746,-0.02368044722940149,143957.68640730035
SPY_60m_divergence_follow_w12_q0.55_all_h6_cost2.0,SPY,2026-06-10 22:00:00+00:00,2026-06-11 12:00:00,1,4046.395,4082.07,35.67500000000018,1.4959273508177855,123.56677981264805,500000.0,4223.397944242022,0.008446795888484045,148181.08435154238
GDX_60m_divergence_follow_w12_q0.75_all_h8_cost2.0,GDX,2026-06-10 13:00:00+00:00,2026-06-11 12:00:00,1,4179.764999999999,4082.07,-97.69499999999925,1.2837045138000598,119.62395015030751,500000.0,-11840.223614700746,-0.02368044722940149,136340.86073684163
GDXJ_60m_divergence_follow_w12_q0.85_all_h8_cost2.0,GDXJ,2026-06-10 20:00:00+00:00,2026-06-11 13:00:00,1,4072.385,4083.285,10.899999999999636,1.1943406106019336,122.77817544264602,500000.0,1191.6431512980357,0.002383286302596071,137532.50388813968
SPY_60m_divergence_follow_w12_q0.55_all_h6_cost2.0,SPY,2026-06-10 23:00:00+00:00,2026-06-11 13:00:00,1,4047.205,4083.285,36.07999999999993,1.6323596977593944,123.54204938964051,500000.0,4255.732079575971,0.008511464159151941,141788.23596771565
EEM_60m_divergence_follow_w12_q0.65_all_h6_cost2.0,EEM,2026-06-10 23:00:00+00:00,2026-06-11 13:00:00,1,4047.205,4083.285,36.07999999999993,1.6323596977593944,123.54204938964051,500000.0,4255.732079575971,0.008511464159151941,146043.96804729162
GC=F_60m_volz_follow_w6_q0.65_all_h8_cost2.0,GC=F,2026-06-11 05:00:00+00:00,2026-06-11 13:00:00,1,4094.335,4083.285,-11.050000000000182,1.625333383593807,122.11995354556967,500000.0,-1547.9111239791064,-0.003095822247958213,144496.0569233125
GDX_60m_divergence_follow_w12_q0.75_all_h8_cost2.0,GDX,2026-06-10 20:00:00+00:00,2026-06-11 13:00:00,1,4072.385,4083.285,10.899999999999636,1.1943406106019336,122.77817544264602,500000.0,1191.6431512980357,0.002383286302596071,145687.70007461056
QQQ_60m_divergence_follow_w12_q0.65_all_h8_cost2.0,QQQ,2026-06-10 20:00:00+00:00,2026-06-11 13:00:00,1,4072.385,4083.285,10.899999999999636,1.1943406106019336,122.77817544264602,500000.0,1191.6431512980357,0.002383286302596071,146879.3432259086
FXI_60m_divergence_follow_w6_q0.55_all_h8_cost2.0,FXI,2026-06-10 20:00:00+00:00,2026-06-11 13:00:00,1,4072.385,4083.285,10.899999999999636,1.1943406106019336,122.77817544264602,500000.0,1191.6431512980357,0.002383286302596071,148070.98637720666
GC=F_60m_volz_follow_w6_q0.65_all_h8_cost2.0,GC=F,2026-06-11 06:00:00+00:00,2026-06-11 14:00:00,1,4094.49,4073.59,-20.899999999999636,1.4122087927678126,122.11533060283455,500000.0,-2724.662753208269,-0.005449325506416538,145346.32362399838
FXI_60m_divergence_follow_w6_q0.55_all_h8_cost2.0,FXI,2026-06-10 22:00:00+00:00,2026-06-11 20:00:00,1,4046.395,4212.46,166.06500000000005,1.4959273508177855,123.56677981264805,500000.0,20335.270364013184,0.040670540728026366,165681.59398801156
GDXJ_60m_divergence_follow_w12_q0.85_all_h8_cost2.0,GDXJ,2026-06-10 22:00:00+00:00,2026-06-11 20:00:00,1,4046.395,4212.46,166.06500000000005,1.4959273508177855,123.56677981264805,500000.0,20335.270364013184,0.040670540728026366,186016.86435202474
EWJ_60m_divergence_follow_w12_q0.75_all_h8_cost2.0,EWJ,2026-06-10 22:00:00+00:00,2026-06-11 20:00:00,1,4046.395,4212.46,166.06500000000005,1.4959273508177855,123.56677981264805,500000.0,20335.270364013184,0.040670540728026366,206352.13471603792
SPY_60m_divergence_follow_w12_q0.55_all_h6_cost2.0,SPY,2026-06-11 08:00:00+00:00,2026-06-11 20:00:00,1,4084.4965,4212.46,127.96349999999984,1.0486931482582316,122.41410905848493,500000.0,15536.163007085646,0.031072326014171293,221888.29772312357
EEM_60m_divergence_follow_w12_q0.65_all_h6_cost2.0,EEM,2026-06-11 08:00:00+00:00,2026-06-11 20:00:00,1,4084.4965,4212.46,127.96349999999984,1.0486931482582316,122.41410905848493,500000.0,15536.163007085646,0.031072326014171293,237424.46073020922
GDX_60m_divergence_follow_w12_q0.75_all_h8_cost2.0,GDX,2026-06-10 22:00:00+00:00,2026-06-11 20:00:00,1,4046.395,4212.46,166.06500000000005,1.4959273508177855,123.56677981264805,500000.0,20335.270364013184,0.040670540728026366,257759.7310942224
QQQ_60m_divergence_follow_w12_q0.65_all_h8_cost2.0,QQQ,2026-06-10 22:00:00+00:00,2026-06-11 20:00:00,1,4046.395,4212.46,166.06500000000005,1.4959273508177855,123.56677981264805,500000.0,20335.270364013184,0.040670540728026366,278095.0014582356
FXI_60m_divergence_follow_w6_q0.55_all_h8_cost2.0,FXI,2026-06-10 23:00:00+00:00,2026-06-11 22:00:00,1,4047.205,4243.295,196.09000000000015,1.6323596977593944,123.54204938964051,500000.0,24023.695402412377,0.04804739080482475,302118.696860648
SPY_60m_divergence_follow_w12_q0.55_all_h6_cost2.0,SPY,2026-06-11 09:00:00+00:00,2026-06-11 22:00:00,1,4091.825,4243.295,151.47000000000025,1.0303199579673135,122.19486414985978,500000.0,18382.956265484587,0.036765912530969176,320501.65312613256
EWJ_60m_divergence_follow_w12_q0.75_all_h8_cost2.0,EWJ,2026-06-10 23:00:00+00:00,2026-06-11 22:00:00,1,4047.205,4243.295,196.09000000000015,1.6323596977593944,123.54204938964051,500000.0,24023.695402412377,0.04804739080482475,344525.34852854494
GDX_60m_divergence_follow_w12_q0.75_all_h8_cost2.0,GDX,2026-06-10 23:00:00+00:00,2026-06-11 22:00:00,1,4047.205,4243.295,196.09000000000015,1.6323596977593944,123.54204938964051,500000.0,24023.695402412377,0.04804739080482475,368549.0439309573
EEM_60m_divergence_follow_w12_q0.65_all_h6_cost2.0,EEM,2026-06-11 09:00:00+00:00,2026-06-11 22:00:00,1,4091.825,4243.295,151.47000000000025,1.0303199579673135,122.19486414985978,500000.0,18382.956265484587,0.036765912530969176,386932.0001964419
QQQ_60m_divergence_follow_w12_q0.65_all_h8_cost2.0,QQQ,2026-06-10 23:00:00+00:00,2026-06-11 22:00:00,1,4047.205,4243.295,196.09000000000015,1.6323596977593944,123.54204938964051,500000.0,24023.695402412377,0.04804739080482475,410955.6955988543
GDXJ_60m_divergence_follow_w12_q0.85_all_h8_cost2.0,GDXJ,2026-06-10 23:00:00+00:00,2026-06-11 22:00:00,1,4047.205,4243.295,196.09000000000015,1.6323596977593944,123.54204938964051,500000.0,24023.695402412377,0.04804739080482475,434979.39100126666
FXI_60m_divergence_follow_w6_q0.55_all_h8_cost2.0,FXI,2026-06-11 08:00:00+00:00,2026-06-11 23:00:00,1,4084.4965,4219.975,135.47850000000017,1.0486931482582316,122.41410905848493,500000.0,16456.105036660203,0.0329122100733204,451435.4960379269
EEM_60m_divergence_follow_w12_q0.65_all_h6_cost2.0,EEM,2026-06-11 10:00:00+00:00,2026-06-11 23:00:00,1,4090.07,4219.975,129.9050000000002,1.016738494811051,122.24729650103788,500000.0,15756.241519728164,0.03151248303945633,467191.737557655
GDX_60m_divergence_follow_w12_q0.75_all_h8_cost2.0,GDX,2026-06-11 08:00:00+00:00,2026-06-11 23:00:00,1,4084.4965,4219.975,135.47850000000017,1.0486931482582316,122.41410905848493,500000.0,16456.105036660203,0.0329122100733204,483647.84259431524
SPY_60m_divergence_follow_w12_q0.55_all_h6_cost2.0,SPY,2026-06-11 10:00:00+00:00,2026-06-11 23:00:00,1,4090.07,4219.975,129.9050000000002,1.016738494811051,122.24729650103788,500000.0,15756.241519728164,0.03151248303945633,499404.0841140434
ZB=F_60m_divergence_fade_w12_q0.85_all_h8_cost2.0,ZB=F,2026-06-11 14:00:00+00:00,2026-06-11 23:00:00,-1,4073.59,4219.975,-146.38500000000022,1.1766896011940358,122.7418566915178,500000.0,-18111.995758188015,-0.03622399151637603,481292.0883558554
GDXJ_60m_divergence_follow_w12_q0.85_all_h8_cost2.0,GDXJ,2026-06-11 08:00:00+00:00,2026-06-11 23:00:00,1,4084.4965,4219.975,135.47850000000017,1.0486931482582316,122.41410905848493,500000.0,16456.105036660203,0.0329122100733204,497748.1933925156
QQQ_60m_divergence_follow_w12_q0.65_all_h8_cost2.0,QQQ,2026-06-11 08:00:00+00:00,2026-06-11 23:00:00,1,4084.4965,4219.975,135.47850000000017,1.0486931482582316,122.41410905848493,500000.0,16456.105036660203,0.0329122100733204,514204.2984291758
GC=F_60m_volz_follow_w6_q0.65_all_h8_cost2.0,GC=F,2026-06-11 18:00:00+00:00,2026-06-12 03:00:00,1,4161.81,4197.165,35.35499999999956,1.1858865228955635,120.14003522505831,500000.0,4105.078496748289,0.008210156993496578,518309.3769259241
GC=F_60m_volz_follow_w6_q0.65_all_h8_cost2.0,GC=F,2026-06-11 19:00:00+00:00,2026-06-12 04:00:00,1,4208.7765,4190.015,-18.761499999999614,1.179609813643977,118.79937079101255,500000.0,-2368.991298735344,-0.004737982597470688,515940.3856271888
GC=F_60m_volz_follow_w6_q0.65_all_h8_cost2.0,GC=F,2026-06-11 20:00:00+00:00,2026-06-12 05:00:00,1,4212.46,4173.49,-38.970000000000255,1.4829402452187141,118.69548909663237,500000.0,-4801.581527803109,-0.009603163055606217,511138.8040993857
GC=F_60m_volz_follow_w6_q0.65_all_h8_cost2.0,GC=F,2026-06-11 22:00:00+00:00,2026-06-12 06:00:00,1,4243.295,4184.26,-59.034999999999854,1.5278917842943744,117.83295764258672,500000.0,-7136.304662331306,-0.01427260932466261,504002.4994370544
GC=F_60m_volz_follow_w6_q0.65_all_h8_cost2.0,GC=F,2026-06-11 23:00:00+00:00,2026-06-12 07:00:00,1,4219.975,4194.52,-25.454999999999927,1.5726799140932435,118.48411424238294,500000.0,-3202.350714647974,-0.006404701429295948,500800.1487224064
GC=F_60m_volz_follow_w6_q0.65_all_h8_cost2.0,GC=F,2026-06-12 00:00:00+00:00,2026-06-12 08:00:00,1,4208.63,4219.685,11.055000000000291,1.4010660748015917,118.80350612907287,500000.0,1146.9211982520083,0.0022938423965040166,501947.0699206584
SPY_60m_divergence_follow_w12_q0.55_all_h6_cost2.0,SPY,2026-06-11 11:00:00+00:00,2026-06-12 08:00:00,1,4080.37,4219.685,139.3150000000005,1.0348613968184366,122.53790710156187,500000.0,16944.558778147824,0.03388911755629565,518891.6286988063
QQQ_60m_divergence_follow_w12_q0.65_all_h8_cost2.0,QQQ,2026-06-11 09:00:00+00:00,2026-06-12 08:00:00,1,4091.825,4219.685,127.86000000000058,1.0303199579673135,122.19486414985978,500000.0,15497.935522906439,0.03099587104581288,534389.5642217128
EWJ_60m_divergence_follow_w12_q0.75_all_h8_cost2.0,EWJ,2026-06-11 09:00:00+00:00,2026-06-12 08:00:00,1,4091.825,4219.685,127.86000000000058,1.0303199579673135,122.19486414985978,500000.0,15497.935522906439,0.03099587104581288,549887.4997446192
EEM_60m_divergence_follow_w12_q0.65_all_h6_cost2.0,EEM,2026-06-11 11:00:00+00:00,2026-06-12 08:00:00,1,4080.37,4219.685,139.3150000000005,1.0348613968184366,122.53790710156187,500000.0,16944.558778147824,0.03388911755629565,566832.058522767
GDXJ_60m_divergence_follow_w12_q0.85_all_h8_cost2.0,GDXJ,2026-06-11 09:00:00+00:00,2026-06-12 08:00:00,1,4091.825,4219.685,127.86000000000058,1.0303199579673135,122.19486414985978,500000.0,15497.935522906439,0.03099587104581288,582329.9940456735
GDX_60m_divergence_follow_w12_q0.75_all_h8_cost2.0,GDX,2026-06-11 09:00:00+00:00,2026-06-12 08:00:00,1,4091.825,4219.685,127.86000000000058,1.0303199579673135,122.19486414985978,500000.0,15497.935522906439,0.03099587104581288,597827.92956858
QQQ_60m_divergence_follow_w12_q0.65_all_h8_cost2.0,QQQ,2026-06-11 10:00:00+00:00,2026-06-12 09:00:00,1,4090.07,4221.895,131.82500000000027,1.016738494811051,122.24729650103788,500000.0,15990.956329010167,0.031981912658020334,613818.8858975902
GC=F_60m_volz_follow_w6_q0.65_all_h8_cost2.0,GC=F,2026-06-12 01:00:00+00:00,2026-06-12 09:00:00,1,4186.844999999999,4221.895,35.05000000000109,1.193253087714709,119.42166476189114,500000.0,4043.229079687257,0.008086458159374515,617862.1149772775
EEM_60m_divergence_follow_w12_q0.65_all_h6_cost2.0,EEM,2026-06-11 12:00:00+00:00,2026-06-12 09:00:00,1,4082.07,4221.895,139.82500000000027,1.1065751221436342,122.48687553128681,500000.0,16991.186441910188,0.033982372883820375,634853.3014191877
EWJ_60m_divergence_follow_w12_q0.75_all_h8_cost2.0,EWJ,2026-06-11 10:00:00+00:00,2026-06-12 09:00:00,1,4090.07,4221.895,131.82500000000027,1.016738494811051,122.24729650103788,500000.0,15990.956329010167,0.031981912658020334,650844.2577481979
QQQ_60m_divergence_follow_w12_q0.65_all_h8_cost2.0,QQQ,2026-06-11 11:00:00+00:00,2026-06-12 10:00:00,1,4080.37,4210.975,130.60500000000047,1.0348613968184366,122.53790710156187,500000.0,15877.253607293216,0.03175450721458643,666721.5113554911
EWJ_60m_divergence_follow_w12_q0.75_all_h8_cost2.0,EWJ,2026-06-11 11:00:00+00:00,2026-06-12 10:00:00,1,4080.37,4210.975,130.60500000000047,1.0348613968184366,122.53790710156187,500000.0,15877.253607293216,0.03175450721458643,682598.7649627844
EEM_60m_divergence_follow_w12_q0.65_all_h6_cost2.0,EEM,2026-06-11 13:00:00+00:00,2026-06-12 10:00:00,1,4083.285,4210.975,127.69000000000051,1.1561179756736844,122.45042900507802,500000.0,15494.12813755675,0.0309882562751135,698092.8931003411
EEM_60m_divergence_follow_w12_q0.65_all_h6_cost2.0,EEM,2026-06-11 20:00:00+00:00,2026-06-12 11:00:00,1,4212.46,4207.01,-5.449999999999818,1.4829402452187141,118.69548909663237,500000.0,-822.90873328394,-0.00164581746656788,697269.9843670571
SPY_60m_divergence_follow_w12_q0.55_all_h6_cost2.0,SPY,2026-06-11 20:00:00+00:00,2026-06-12 11:00:00,1,4212.46,4207.01,-5.449999999999818,1.4829402452187141,118.69548909663237,500000.0,-822.90873328394,-0.00164581746656788,696447.0756337731
FXI_60m_divergence_follow_w6_q0.55_all_h8_cost2.0,FXI,2026-06-11 12:00:00+00:00,2026-06-12 11:00:00,-1,4082.07,4207.01,-124.94000000000005,1.1065751221436342,122.48687553128681,500000.0,-15439.051158131007,-0.030878102316262018,681008.0244756421
GDX_60m_divergence_follow_w12_q0.75_all_h8_cost2.0,GDX,2026-06-11 12:00:00+00:00,2026-06-12 11:00:00,1,4082.07,4207.01,124.94000000000005,1.1065751221436342,122.48687553128681,500000.0,15167.969299626955,0.03033593859925391,696175.9937752691
FXI_60m_divergence_follow_w6_q0.55_all_h8_cost2.0,FXI,2026-06-11 13:00:00+00:00,2026-06-12 12:00:00,-1,4083.285,4191.84,-108.55500000000029,1.1561179756736844,122.45042900507802,500000.0,-13434.173462748005,-0.02686834692549601,682741.8203125211
FXI_60m_divergence_follow_w6_q0.55_all_h8_cost2.0,FXI,2026-06-11 20:00:00+00:00,2026-06-12 13:00:00,-1,4212.46,4186.475,25.984999999999673,1.4829402452187141,118.69548909663237,500000.0,2908.283966468638,0.005816567932937276,685650.1042789897
GC=F_60m_volz_follow_w6_q0.65_all_h8_cost2.0,GC=F,2026-06-12 05:00:00+00:00,2026-06-12 13:00:00,-1,4173.49,4186.475,-12.985000000000582,1.316051956202994,119.80380928191994,500000.0,-1713.3205010918414,-0.0034266410021836823,683936.7837778978
EFA_60m_volz_follow_w6_q0.75_all_h8_cost2.0,EFA,2026-06-11 20:00:00+00:00,2026-06-12 13:00:00,1,4212.46,4186.475,-25.984999999999673,1.4829402452187141,118.69548909663237,500000.0,-3260.3206018832684,-0.006520641203766537,680676.4631760146
GC=F_60m_volz_follow_w6_q0.65_all_h8_cost2.0,GC=F,2026-06-12 06:00:00+00:00,2026-06-12 14:00:00,-1,4184.26,4204.1,-19.840000000000146,1.425332800121147,119.49544244382518,500000.0,-2541.1103516656817,-0.005082220703331364,678135.352824349
EFA_60m_volz_follow_w6_q0.75_all_h8_cost2.0,EFA,2026-06-11 22:00:00+00:00,2026-06-12 20:00:00,1,4243.295,4219.780000000001,-23.514999999999418,1.5278917842943744,117.83295764258672,500000.0,-2950.8780068665737,-0.005901756013733147,675184.4748174824
GC=F_60m_volz_follow_w6_q0.65_all_h8_cost2.0,GC=F,2026-06-14 23:00:00+00:00,2026-06-15 07:00:00,1,4294.205,4323.344999999999,29.139999999999418,1.5841321215335118,116.43598756929397,500000.0,3208.4946897581635,0.006416989379516327,678392.9695072406
GC=F_60m_volz_follow_w6_q0.65_all_h8_cost2.0,GC=F,2026-06-15 00:00:00+00:00,2026-06-15 08:00:00,1,4292.67,4334.245,41.57499999999982,1.3609229197044572,116.47762348375254,500000.0,4684.040128905246,0.00936808025781049,683077.0096361458
EFA_60m_volz_follow_w6_q0.75_all_h8_cost2.0,EFA,2026-06-11 23:00:00+00:00,2026-06-15 08:00:00,1,4219.975,4334.245,114.26999999999953,1.5726799140932435,118.48411424238294,500000.0,13352.842147868918,0.026705684295737837,696429.8517840147
EFA_60m_volz_follow_w6_q0.75_all_h8_cost2.0,EFA,2026-06-12 08:00:00+00:00,2026-06-15 09:00:00,1,4219.685,4336.74,117.05499999999938,1.1734965001308677,118.49225712345826,500000.0,13731.060908559348,0.027462121817118695,710160.9126925741
GC=F_60m_volz_follow_w6_q0.65_all_h8_cost2.0,GC=F,2026-06-15 01:00:00+00:00,2026-06-15 09:00:00,1,4316.805,4336.74,19.93499999999949,1.3944793813294485,115.8264040187129,500000.0,2147.4818318953535,0.004294963663790707,712308.3945244694
GC=F_60m_volz_follow_w6_q0.65_all_h8_cost2.0,GC=F,2026-06-15 02:00:00+00:00,2026-06-15 10:00:00,1,4329.74,4338.1900000000005,8.450000000000728,1.3569156529465591,115.48037526502746,500000.0,819.1120421843077,0.0016382240843686154,713127.5065666537
EFA_60m_volz_follow_w6_q0.75_all_h8_cost2.0,EFA,2026-06-12 09:00:00+00:00,2026-06-15 10:00:00,1,4221.895,4338.1900000000005,116.29500000000007,1.1354321617376073,118.43023097447946,500000.0,13638.374218006658,0.02727674843601332,726765.8807846603
GC=F_60m_volz_follow_w6_q0.65_all_h8_cost2.0,GC=F,2026-06-15 03:00:00+00:00,2026-06-15 11:00:00,1,4324.969999999999,4335.295,10.325000000000728,1.3779787662937342,115.60773831957218,500000.0,1034.3448895260537,0.002068689779052108,727800.2256741864
EFA_60m_volz_follow_w6_q0.75_all_h8_cost2.0,EFA,2026-06-12 10:00:00+00:00,2026-06-15 11:00:00,1,4210.975,4335.295,124.31999999999971,1.1383090547549783,118.73734705145482,500000.0,14626.267188150572,0.029252534376301147,742426.4928623369
GC=F_60m_volz_follow_w6_q0.65_all_h8_cost2.0,GC=F,2026-06-15 04:00:00+00:00,2026-06-15 12:00:00,1,4328.4735,4349.15,20.676499999999578,1.3534979232162063,115.51416452012471,500000.0,2232.0804409202656,0.004464160881840531,744658.5733032572
EFA_60m_volz_follow_w6_q0.75_all_h8_cost2.0,EFA,2026-06-12 11:00:00+00:00,2026-06-15 12:00:00,1,4207.01,4349.15,142.13999999999942,1.1337602990491211,118.84925398323274,500000.0,16758.48639543884,0.033516972790877675,761417.059698696
GC=F_60m_volz_follow_w6_q0.65_all_h8_cost2.0,GC=F,2026-06-15 05:00:00+00:00,2026-06-15 13:00:00,1,4310.09,4355.4485,45.35850000000028,1.3522914823635057,116.0068583254642,500000.0,5105.021996946325,0.010210043993892649,766522.0816956423
FXI_60m_divergence_follow_w6_q0.55_all_h8_cost2.0,FXI,2026-06-12 12:00:00+00:00,2026-06-15 13:00:00,1,4191.84,4355.4485,163.60850000000028,1.1406549855878343,119.27936180770259,500000.0,19379.06086759185,0.0387581217351837,785901.1425632342
FXI_60m_divergence_follow_w6_q0.55_all_h8_cost2.0,FXI,2026-06-12 13:00:00+00:00,2026-06-15 20:00:00,1,4186.475,4309.68,123.20499999999993,1.1277205931863261,119.43221922978161,500000.0,14579.960397089866,0.02915992079417973,800481.102960324
GC=F_60m_volz_follow_w6_q0.65_all_h8_cost2.0,GC=F,2026-06-15 13:00:00+00:00,2026-06-15 22:00:00,1,4355.4485,4312.07,-43.37850000000071,1.1686278772495837,114.79874001494908,500000.0,-5113.954151593147,-0.010227908303186295,795367.1488087309
FXI_60m_divergence_follow_w6_q0.55_all_h8_cost2.0,FXI,2026-06-12 20:00:00+00:00,2026-06-15 22:00:00,1,4219.780000000001,4312.07,92.28999999999905,1.6561635463582516,118.4895895046661,500000.0,10739.16607662494,0.02147833215324988,806106.3148853558
GC=F_60m_volz_follow_w6_q0.65_all_h8_cost2.0,GC=F,2026-06-15 20:00:00+00:00,2026-06-16 05:00:00,-1,4309.68,4315.93,-6.25,1.210236168896297,116.0178946000631,500000.0,-865.5208935345892,-0.0017310417870691783,805240.7939918211
GC=F_60m_volz_follow_w6_q0.65_all_h8_cost2.0,GC=F,2026-06-15 22:00:00+00:00,2026-06-16 06:00:00,-1,4312.07,4324.035,-11.965000000000146,1.492865834764311,115.9535907348443,500000.0,-1560.4878671687216,-0.003120975734337443,803680.3061246524
GC=F_60m_volz_follow_w6_q0.65_all_h8_cost2.0,GC=F,2026-06-15 23:00:00+00:00,2026-06-16 07:00:00,-1,4315.745000000001,4335.174999999999,-19.429999999998472,1.5468744611156453,115.85485240671075,500000.0,-2430.2726946464763,-0.004860545389292953,801250.0334300059
FXI_60m_divergence_follow_w6_q0.55_all_h8_cost2.0,FXI,2026-06-15 09:00:00+00:00,2026-06-16 08:00:00,-1,4336.74,4347.145,-10.405000000000655,1.0212430727128081,115.29397658148748,500000.0,-1317.3770012398097,-0.0026347540024796194,799932.6564287661
FXI_60m_divergence_follow_w6_q0.55_all_h8_cost2.0,FXI,2026-06-15 10:00:00+00:00,2026-06-16 09:00:00,-1,4338.1900000000005,4345.435,-7.244999999999891,1.0490502248871867,115.25544063307507,500000.0,-955.9344133022156,-0.0019118688266044311,798976.7220154639
FXI_60m_divergence_follow_w6_q0.55_all_h8_cost2.0,FXI,2026-06-15 11:00:00+00:00,2026-06-16 10:00:00,-1,4335.295,4349.0650000000005,-13.770000000000437,0.9003317468493403,115.33240529191208,500000.0,-1691.964646794483,-0.0033839292935889664,797284.7573686694
FXI_60m_divergence_follow_w6_q0.55_all_h8_cost2.0,FXI,2026-06-15 12:00:00+00:00,2026-06-16 11:00:00,-1,4349.15,4340.97,8.179999999999382,0.9638052163043532,114.96499315958292,500000.0,829.6097839457169,0.0016592195678914337,798114.3671526151
FXI_60m_divergence_follow_w6_q0.55_all_h8_cost2.0,FXI,2026-06-15 13:00:00+00:00,2026-06-16 12:00:00,-1,4355.4485,4354.71,0.7385000000003856,1.1686278772495837,114.79874001494908,500000.0,-49.378138353512625,-9.875627670702525e-05,798064.9890142616
FXI_60m_divergence_follow_w6_q0.55_all_h8_cost2.0,FXI,2026-06-15 20:00:00+00:00,2026-06-16 13:00:00,-1,4309.68,4331.775,-22.094999999999345,1.210236168896297,116.0178946000631,500000.0,-2703.824433472513,-0.005407648866945026,795361.1645807892
GC=F_60m_volz_follow_w6_q0.65_all_h8_cost2.0,GC=F,2026-06-16 09:00:00+00:00,2026-06-16 17:00:00,1,4345.435,4340.385,-5.050000000000182,0.880271229466746,115.06327905031371,500000.0,-682.3564533202001,-0.0013647129066404,794678.8081274689
GDX_60m_divergence_follow_w12_q0.75_all_h8_cost2.0,GDX,2026-06-15 22:00:00+00:00,2026-06-16 20:00:00,1,4312.07,4331.405,19.335000000000036,1.492865834764311,115.9535907348443,500000.0,2068.8595228319264,0.004137719045663853,796747.6676503009
GDX_60m_divergence_follow_w12_q0.75_all_h8_cost2.0,GDX,2026-06-15 23:00:00+00:00,2026-06-16 22:00:00,1,4315.745000000001,4335.49,19.74499999999898,1.5468744611156453,115.85485240671075,500000.0,2108.3411483861223,0.004216682296772245,798856.008798687
GC=F_60m_volz_follow_w6_q0.65_all_h8_cost2.0,GC=F,2026-06-16 13:00:00+00:00,2026-06-16 22:00:00,1,4331.775,4335.49,3.7150000000001455,1.0465644312060174,115.42612439473427,500000.0,308.0071759029645,0.000616014351805929,799164.01597459
GDXJ_60m_divergence_follow_w12_q0.85_all_h8_cost2.0,GDXJ,2026-06-15 23:00:00+00:00,2026-06-16 22:00:00,1,4315.745000000001,4335.49,19.74499999999898,1.5468744611156453,115.85485240671075,500000.0,2108.3411483861223,0.004216682296772245,801272.3571229761
GDX_60m_divergence_follow_w12_q0.75_all_h8_cost2.0,GDX,2026-06-16 08:00:00+00:00,2026-06-16 23:00:00,1,4347.145,4331.075,-16.07000000000062,1.020252494922824,115.0180175724527,500000.0,-1965.6869617787584,-0.003931373923557517,799306.6701611973
FXI_60m_divergence_follow_w6_q0.55_all_h8_cost2.0,FXI,2026-06-16 09:00:00+00:00,2026-06-17 08:00:00,-1,4345.435,4324.76,20.675000000000182,0.880271229466746,115.06327905031371,500000.0,2277.646400249162,0.004555292800498324,801584.3165614465
FXI_60m_divergence_follow_w6_q0.55_all_h8_cost2.0,FXI,2026-06-16 10:00:00+00:00,2026-06-17 09:00:00,-1,4349.0650000000005,4329.645,19.420000000000073,0.8400590965357213,114.96724008493779,500000.0,2136.084526612542,0.004272169053225083,803720.4010880591
GDX_60m_divergence_follow_w12_q0.75_all_h8_cost2.0,GDX,2026-06-16 10:00:00+00:00,2026-06-17 09:00:00,1,4349.0650000000005,4329.645,-19.420000000000073,0.8400590965357213,114.96724008493779,500000.0,-2329.2430782864585,-0.004658486156572917,801391.1580097727
FXI_60m_divergence_follow_w6_q0.55_all_h8_cost2.0,FXI,2026-06-16 11:00:00+00:00,2026-06-17 10:00:00,-1,4340.97,4331.495000000001,9.474999999999454,0.9002314558965862,115.18162991220855,500000.0,987.6558170297039,0.001975311634059408,802378.8138268023
FXI_60m_divergence_follow_w6_q0.55_all_h8_cost2.0,FXI,2026-06-16 12:00:00+00:00,2026-06-17 11:00:00,-1,4354.71,4323.245000000001,31.464999999999236,1.0286705538639949,114.81820833074993,500000.0,3494.6448151696945,0.006989289630339388,805873.458641972
FXI_60m_divergence_follow_w6_q0.55_all_h8_cost2.0,FXI,2026-06-16 13:00:00+00:00,2026-06-17 12:00:00,-1,4331.775,4333.665,-1.8900000000003274,1.0465644312060174,115.42612439473427,500000.0,-338.95625132957565,-0.0006779125026591513,805534.5023906424
FXI_60m_divergence_follow_w6_q0.55_all_h8_cost2.0,FXI,2026-06-16 20:00:00+00:00,2026-06-17 13:00:00,-1,4331.405,4339.8315,-8.426500000000487,0.7915994519081964,115.43598439767236,500000.0,-1064.1003845067228,-0.0021282007690134456,804470.4020061357
