k,start,end,matches,median_range_logerr,mean_range_logerr,median_close_logerr,mean_close_logerr,inside_daily_range
169,1993-01-01 01:06:06.799000+00:00,2030-09-13 17:29:12.650000+00:00,603,0.09252431262694341,0.28848693838759204,0.09543299190362153,0.2932242594911663,0.03814262023217247
168,1992-11-12 08:03:19.503000+00:00,2030-07-26 00:26:25.354000+00:00,646,0.09294265705261866,0.2903892568923303,0.09804398670999442,0.2952980389320205,0.032507739938080496
167,1992-09-23 15:00:32.207000+00:00,2030-06-06 07:23:38.058000+00:00,665,0.09895499945731294,0.29732720812045166,0.10300363630374394,0.3022785557108455,0.045112781954887216
170,1993-02-19 18:08:54.095000+00:00,2030-11-02 10:31:59.946000+00:00,606,0.1018279646584844,0.2971544154782883,0.10457849630845756,0.3020221564518836,0.03135313531353135
172,1993-05-30 04:14:28.687000+00:00,2031-02-09 20:37:34.538000+00:00,643,0.11508300706782888,0.3102930075418256,0.11805476865996126,0.3157261475639664,0.03265940902021773
171,1993-04-10 11:11:41.391000+00:00,2030-12-22 03:34:47.242000+00:00,631,0.11529750446798259,0.3089306443245907,0.11976616789403244,0.31400936548730757,0.04120443740095087
166,1992-08-04 21:57:44.911000+00:00,2030-04-17 14:20:50.762000+00:00,679,0.11823564136757292,0.3146575146818976,0.12239640769268664,0.31935110820067053,0.03829160530191458
163,1992-03-08 18:49:23.023000+00:00,2029-11-19 11:12:28.874000+00:00,694,0.11926923105270101,0.31095297488726803,0.12492291681143258,0.3161220744986816,0.0446685878962536
165,1992-06-16 04:54:57.615000+00:00,2030-02-26 21:18:03.466000+00:00,698,0.12063303088629376,0.32123571168130854,0.12649593228187125,0.3260853767100948,0.06160458452722063
164,1992-04-27 11:52:10.319000+00:00,2030-01-08 04:15:16.170000+00:00,687,0.12130943500578105,0.3110644790882619,0.12601445215823076,0.31619060578456365,0.049490538573508006
173,1993-07-18 21:17:15.983000+00:00,2031-03-31 13:40:21.834000+00:00,694,0.1250627873729369,0.31188456002979803,0.13092390948780375,0.31677679001121944,0.04178674351585014
162,1992-01-19 01:46:35.727000+00:00,2029-09-30 18:09:41.578000+00:00,662,0.1327399865922377,0.3163765887031785,0.14094894376763262,0.32147939528820074,0.0513595166163142
174,1993-09-06 14:20:03.279000+00:00,2031-05-20 06:43:09.130000+00:00,688,0.13416203016246964,0.31510327399278704,0.139099209744316,0.32035468527129213,0.03924418604651163
161,1991-11-30 08:43:48.431000+00:00,2029-08-12 01:06:54.282000+00:00,651,0.14811789511035156,0.3183700178357011,0.15062193257268197,0.32274974273684215,0.04608294930875576
175,1993-10-26 07:22:50.575000+00:00,2031-07-08 23:45:56.426000+00:00,666,0.1499227834038812,0.3158623926940893,0.15692662630319615,0.32081963770313693,0.02702702702702703
159,1991-08-22 22:38:13.839000+00:00,2029-05-04 15:01:19.690000+00:00,648,0.15257986441352162,0.3117935554779149,0.15513928158949716,0.3168422069961447,0.040123456790123455
146,1989-11-14 17:01:58.991000+00:00,2027-07-28 09:25:04.842000+00:00,790,0.157062280752882,0.33199002202292716,0.16784720136825898,0.3369027711273928,0.05822784810126582
160,1991-10-11 15:41:01.135000+00:00,2029-06-23 08:04:06.986000+00:00,641,0.15720004205948576,0.31940732265772254,0.16032226026260238,0.32461515726563767,0.0421216848673947
158,1991-07-04 05:35:26.543000+00:00,2029-03-15 21:58:32.394000+00:00,676,0.15892393921787035,0.3230886728392239,0.16446222389184778,0.3276318486571614,0.03994082840236687
145,1989-09-25 23:59:11.695000+00:00,2027-06-08 16:22:17.546000+00:00,796,0.16802418037844052,0.3439424007885452,0.17532396069450656,0.3491877157882343,0.04271356783919598
147,1990-01-03 10:04:46.287000+00:00,2027-09-16 02:27:52.138000+00:00,752,0.16961932701332622,0.332497021133386,0.1757857424902461,0.3373651193212872,0.0425531914893617
177,1994-02-02 17:28:25.167000+00:00,2031-10-16 09:51:31.018000+00:00,622,0.17204998782119973,0.3071645020297317,0.17798110482419663,0.3124969506482193,0.02572347266881029
176,1993-12-15 00:25:37.871000+00:00,2031-08-27 16:48:43.722000+00:00,636,0.173856205481784,0.3162070479304087,0.1802162513019292,0.3208568990884036,0.03459119496855346
178,1994-03-24 10:31:12.463000+00:00,2031-12-05 02:54:18.314000+00:00,607,0.17455510714465491,0.3099893027309805,0.18133421742963787,0.31486063589332025,0.026359143327841845
152,1990-09-08 23:18:42.767000+00:00,2028-05-21 15:41:48.618000+00:00,707,0.17787233303005956,0.3475363641218231,0.18392283816092841,0.35279141500172123,0.033946251768033946
179,1994-05-13 03:33:59.759000+00:00,2032-01-23 19:57:05.610000+00:00,574,0.18026729543342612,0.3020924351385116,0.18460209853707188,0.3067937290992553,0.03832752613240418
148,1990-02-22 03:07:33.583000+00:00,2027-11-04 19:30:39.434000+00:00,725,0.18255339401313006,0.3233009012557511,0.19085365291451864,0.3282420290363549,0.04275862068965517
144,1989-08-07 06:56:24.399000+00:00,2027-04-19 23:19:30.250000+00:00,796,0.1849932231637706,0.3496712095464397,0.1864437158285172,0.35425047261731774,0.03391959798994975
181,1994-08-20 13:39:34.351000+00:00,2032-05-02 06:02:40.202000+00:00,589,0.18798904544889997,0.3024357868143109,0.1886158828715437,0.3076384740619685,0.025466893039049237
149,1990-04-12 20:10:20.879000+00:00,2027-12-24 12:33:26.730000+00:00,700,0.18838555069764595,0.3082647210341958,0.1930450078318513,0.3135479441761095,0.03142857142857143
184,1995-01-16 16:47:56.239000+00:00,2032-09-28 09:11:02.090000+00:00,655,0.1889101276366859,0.30106378736065387,0.19391368643839127,0.30606158166414515,0.05343511450381679
180,1994-07-01 20:36:47.055000+00:00,2032-03-13 12:59:52.906000+00:00,563,0.1907640337442345,0.302920020147389,0.2018939987260572,0.3080170361205853,0.03019538188277087
186,1995-04-26 02:53:30.831000+00:00,2033-01-05 19:16:36.682000+00:00,596,0.1909852735684246,0.3060716676819101,0.1959374019441763,0.31065849218500713,0.03523489932885906
187,1995-06-14 19:56:18.127000+00:00,2033-02-24 12:19:23.978000+00:00,576,0.19114994857775885,0.3032642556092551,0.1997714484890351,0.30870632868362835,0.036458333333333336
150,1990-06-01 13:13:08.175000+00:00,2028-02-12 05:36:14.026000+00:00,706,0.1916020502778621,0.3287709195292941,0.19823806057105653,0.3337497558527889,0.029745042492917848
182,1994-10-09 06:42:21.647000+00:00,2032-06-20 23:05:27.498000+00:00,631,0.19182595290715712,0.30841007371060414,0.1924873312335165,0.3134284440658034,0.03803486529318542
141,1989-03-11 03:48:02.511000+00:00,2026-11-21 20:11:08.362000+00:00,790,0.19185864843345496,0.32395305778992806,0.19750584533152135,0.32880642344524935,0.04177215189873418
143,1989-06-18 13:53:37.103000+00:00,2027-03-01 06:16:42.954000+00:00,785,0.19274067227387134,0.3514575879975426,0.19762346752817023,0.35670663718594164,0.044585987261146494
157,1991-05-15 12:32:39.247000+00:00,2029-01-25 04:55:45.098000+00:00,717,0.19488733714857842,0.3371639024903291,0.2024094663881577,0.34259750314661064,0.04602510460251046
190,1995-11-10 23:04:40.015000+00:00,2033-07-23 15:27:45.866000+00:00,545,0.1951127019730069,0.28883251282096906,0.20625264148072264,0.29394921092288784,0.029357798165137616
189,1995-09-22 06:01:52.719000+00:00,2033-06-03 22:24:58.570000+00:00,548,0.19596577716942562,0.2955632395093817,0.19804444254389264,0.30048539976274136,0.029197080291970802
142,1989-04-29 20:50:49.807000+00:00,2027-01-10 13:13:55.658000+00:00,751,0.19652915897012121,0.3437236524733235,0.20268950983211453,0.34882424981200977,0.03062583222370173
153,1990-10-28 16:21:30.063000+00:00,2028-07-10 08:44:35.914000+00:00,730,0.196545971953407,0.3577111591060526,0.20021699804695703,0.3625042202301993,0.031506849315068496
185,1995-03-07 09:50:43.535000+00:00,2032-11-17 02:13:49.386000+00:00,624,0.19758706055536351,0.2991296448791944,0.20879724767859426,0.304507589404049,0.04487179487179487
183,1994-11-27 23:45:08.943000+00:00,2032-08-09 16:08:14.794000+00:00,648,0.20143279813163756,0.3088632980192266,0.20254401696910432,0.3138891524601179,0.033950617283950615
151,1990-07-21 06:15:55.471000+00:00,2028-04-01 22:39:01.322000+00:00,703,0.20232859482889096,0.33691022586161123,0.2067364933888983,0.34168980212796274,0.02275960170697013
154,1990-12-17 09:24:17.359000+00:00,2028-08-29 01:47:23.210000+00:00,753,0.20611248128023815,0.3469399567658388,0.20695480302510624,0.35221021279671944,0.03718459495351926
188,1995-08-03 12:59:05.423000+00:00,2033-04-15 05:22:11.274000+00:00,574,0.21404715800562288,0.31209297010061554,0.21763177236056958,0.31719762112195077,0.024390243902439025
156,1991-03-26 19:29:51.951000+00:00,2028-12-06 11:52:57.802000+00:00,745,0.21436704444990423,0.35804790011156445,0.2212813498944241,0.36348180359606563,0.036241610738255034
140,1989-01-20 10:45:15.215000+00:00,2026-10-03 03:08:21.066000+00:00,772,0.21563228913465293,0.33605384266776955,0.2208109306643172,0.34082980522023787,0.042746113989637305
139,1988-12-01 17:42:27.919000+00:00,2026-08-14 10:05:33.770000+00:00,794,0.2169404513254452,0.3389363446776651,0.2237796670342685,0.34385835155908034,0.030226700251889168
192,1996-02-18 09:10:14.607000+00:00,2033-10-31 01:33:20.458000+00:00,580,0.22226245039573111,0.29644248840352433,0.22965442015075466,0.30156671140727254,0.02413793103448276
155,1991-02-05 02:27:04.655000+00:00,2028-10-17 18:50:10.506000+00:00,757,0.22568174932560295,0.36307245191370724,0.23478726914931577,0.368036877853811,0.03038309114927345
138,1988-10-13 00:39:40.623000+00:00,2026-06-25 17:02:46.474000+00:00,812,0.23214112805384662,0.36530153138172083,0.23692866699824344,0.3706911867108946,0.0332512315270936
191,1995-12-30 16:07:27.311000+00:00,2033-09-11 08:30:33.162000+00:00,554,0.23551040695203834,0.31008981276080405,0.2383365650628964,0.31464186597347854,0.02888086642599278
193,1996-04-08 02:13:01.903000+00:00,2033-12-19 18:36:07.754000+00:00,610,0.24264701305966346,0.29728692578844135,0.24547420144439258,0.3023144655463569,0.036065573770491806
137,1988-08-24 07:36:53.327000+00:00,2026-05-06 23:59:59.178000+00:00,840,0.24304795818676062,0.3812398750548269,0.2506347538817024,0.3862284140683244,0.013095238095238096
194,1996-05-27 19:15:49.199000+00:00,2034-02-07 11:38:55.050000+00:00,609,0.25770631268584626,0.2955902081804971,0.2665802013598498,0.3003458052571037,0.041050903119868636
136,1988-07-05 14:34:06.031000+00:00,2026-03-18 06:57:11.882000+00:00,843,0.2674631426378471,0.39734113899757556,0.27645677825763665,0.4023538962364991,0.010676156583629894
197,1996-10-23 22:24:11.087000+00:00,2034-07-06 14:47:16.938000+00:00,533,0.27160678713627595,0.3105816535262018,0.27989852154293327,0.3155810731220274,0.0225140712945591
195,1996-07-16 12:18:36.495000+00:00,2034-03-29 04:41:42.346000+00:00,572,0.2727046290543882,0.28941143522392804,0.2774525719519615,0.2949630431310446,0.0472027972027972
199,1997-01-31 08:29:45.679000+00:00,2034-10-14 00:52:51.530000+00:00,490,0.2736535843076149,0.2986827839805867,0.28080843017673296,0.30395386808889924,0.026530612244897958
200,1997-03-22 01:32:32.975000+00:00,2034-12-02 17:55:38.826000+00:00,504,0.27770910771378854,0.300860151273756,0.28144082949440663,0.3060219939486827,0.015873015873015872
196,1996-09-04 05:21:23.791000+00:00,2034-05-17 21:44:29.642000+00:00,558,0.2793012266308722,0.3032260461733147,0.28522984304224075,0.30795332052481633,0.023297491039426525
202,1997-06-29 11:38:07.567000+00:00,2035-03-12 04:01:13.418000+00:00,541,0.27958365323901085,0.30792906453138935,0.2864017443132186,0.3131407664149927,0.036968576709796676
204,1997-10-06 21:43:42.159000+00:00,2035-06-19 14:06:48.010000+00:00,567,0.2822764956566619,0.3120877259309941,0.2877143979026296,0.3171354173498479,0.024691358024691357
205,1997-11-25 14:46:29.455000+00:00,2035-08-08 07:09:35.306000+00:00,545,0.28398458173443025,0.3059712845689688,0.29941978458697055,0.3112350563765226,0.01834862385321101
201,1997-05-10 18:35:20.271000+00:00,2035-01-21 10:58:26.122000+00:00,514,0.28538897892677617,0.3073331906971365,0.29408430658377777,0.31256788071479424,0.023346303501945526
198,1996-12-12 15:26:58.383000+00:00,2034-08-25 07:50:04.234000+00:00,510,0.28578861870403616,0.3077022985109237,0.28847128652043247,0.31302289594186294,0.021568627450980392
203,1997-08-18 04:40:54.863000+00:00,2035-04-30 21:04:00.714000+00:00,564,0.28627369236521505,0.3084786143782682,0.289045433509995,0.31395396204276094,0.028368794326241134
213,1998-12-28 07:08:47.823000+00:00,2036-09-08 23:31:53.674000+00:00,524,0.29303283342612063,0.32262008952671944,0.299259089252047,0.3279724108709905,0.009541984732824428
212,1998-11-08 14:06:00.527000+00:00,2036-07-21 06:29:06.378000+00:00,491,0.29335564186070534,0.3073534470784352,0.29874397701985406,0.3125184159988631,0.02240325865580448
206,1998-01-14 07:49:16.751000+00:00,2035-09-27 00:12:22.602000+00:00,518,0.2958770967343395,0.31612113558393856,0.30358957515136525,0.3216130886610312,0.02895752895752896
135,1988-05-16 21:31:18.735000+00:00,2026-01-27 13:54:24.586000+00:00,824,0.2960202992497376,0.41039273450060143,0.30295971366779706,0.4148019694856756,0.007281553398058253
215,1999-04-06 17:14:22.415000+00:00,2036-12-17 09:37:28.266000+00:00,494,0.2967056111221895,0.3150089006238161,0.30232097800837343,0.3200776628281905,0.016194331983805668
223,2000-05-08 09:36:40.783000+00:00,2038-01-19 01:59:46.634000+00:00,486,0.29734247903795513,0.33678314294771367,0.3032934508380985,0.34165594833442203,0.00823045267489712
224,2000-06-27 02:39:28.079000+00:00,2038-03-09 19:02:33.930000+00:00,485,0.30081954131120886,0.3364690066478704,0.3063700042571042,0.3412077384533948,0.01443298969072165
221,2000-01-29 23:31:06.191000+00:00,2037-10-11 15:54:12.042000+00:00,467,0.30227686372489343,0.3394110255968025,0.30560659412004193,0.34420888553327367,0.017130620985010708
214,1999-02-16 00:11:35.119000+00:00,2036-10-28 16:34:40.970000+00:00,521,0.302453753378442,0.3129851693211939,0.3069539255232822,0.3180747760660266,0.015355086372360844
211,1998-09-19 21:03:13.231000+00:00,2036-06-01 13:26:19.082000+00:00,482,0.30401023440959696,0.30842512706739517,0.30541625609522055,0.31321123658709443,0.016597510373443983
220,1999-12-11 06:28:18.895000+00:00,2037-08-22 22:51:24.746000+00:00,444,0.3047355392486198,0.3442138622743162,0.31139993660140874,0.3489034368100343,0.02027027027027027
222,2000-03-19 16:33:53.487000+00:00,2037-11-30 08:56:59.338000+00:00,481,0.3068722314822815,0.33584284282576815,0.31260750959264905,0.3410264108254387,0.010395010395010396
209,1998-06-12 10:57:38.639000+00:00,2036-02-23 03:20:44.490000+00:00,473,0.30918168659512874,0.32020679934150137,0.3107815299743923,0.3249676968436332,0.02959830866807611
207,1998-03-05 00:52:04.047000+00:00,2035-11-15 17:15:09.898000+00:00,490,0.30928504129799955,0.31720497146492355,0.3144015361725927,0.32217145808082276,0.026530612244897958
134,1988-03-28 04:28:31.439000+00:00,2025-12-08 20:51:37.290000+00:00,823,0.3115957204239654,0.43205196875038676,0.3144009552141632,0.4366189361062513,0.004860267314702308
225,2000-08-15 19:42:15.375000+00:00,2038-04-28 12:05:21.226000+00:00,464,0.31268535051093765,0.3366908212673715,0.3167221284829305,0.34129358452221825,0.01293103448275862
216,1999-05-26 10:17:09.711000+00:00,2037-02-05 02:40:15.562000+00:00,472,0.3160318391979176,0.33929586471460893,0.3217443440335762,0.34464200009539864,0.012711864406779662
218,1999-09-02 20:22:44.303000+00:00,2037-05-15 12:45:50.154000+00:00,432,0.31810003256291886,0.35954292698350543,0.3218735321378552,0.3645686736528051,0.011574074074074073
219,1999-10-22 13:25:31.599000+00:00,2037-07-04 05:48:37.450000+00:00,441,0.32028614136112776,0.34908007171827515,0.32275115438352037,0.3544281880563725,0.031746031746031744
210,1998-08-01 04:00:25.935000+00:00,2036-04-12 20:23:31.786000+00:00,463,0.3206213972355448,0.3204478452008193,0.32363392721324835,0.3251857022985626,0.017278617710583154
226,2000-10-04 12:45:02.671000+00:00,2038-06-17 05:08:08.522000+00:00,437,0.32347254707331785,0.3492159273739828,0.3248168269308206,0.3541058036694123,0.013729977116704805
217,1999-07-15 03:19:57.007000+00:00,2037-03-26 19:43:02.858000+00:00,458,0.3242807627388069,0.3503872879364227,0.3283911174993285,0.355296242092208,0.008733624454148471
230,2001-04-21 08:56:11.855000+00:00,2039-01-02 01:19:17.706000+00:00,410,0.32442892815021607,0.36020964189500226,0.326803563113935,0.36501543960180105,0.00975609756097561
208,1998-04-23 17:54:51.343000+00:00,2036-01-04 10:17:57.194000+00:00,479,0.32859536195884914,0.3273007969006216,0.33389479135317474,0.33276270073110664,0.012526096033402923
227,2000-11-23 05:47:49.967000+00:00,2038-08-05 22:10:55.818000+00:00,419,0.33506388734106785,0.37322232632742103,0.33975975592974855,0.3784069687534701,0.007159904534606206
132,1987-12-19 18:22:56.847000+00:00,2025-08-31 10:46:02.698000+00:00,779,0.3355240143485857,0.4402568429530219,0.3411218360705455,0.4449413300718698,0.012836970474967908
233,2001-09-17 12:04:33.743000+00:00,2039-05-31 04:27:39.594000+00:00,463,0.3377305431611083,0.3776442139948928,0.34389310730254535,0.3828211402047048,0.012958963282937365
231,2001-06-10 01:58:59.151000+00:00,2039-02-20 18:22:05.002000+00:00,439,0.337833535886361,0.3733879765178139,0.34003463976538245,0.3786540512766132,0.009111617312072893
229,2001-03-02 15:53:24.559000+00:00,2038-11-13 08:16:30.410000+00:00,405,0.33888628292822054,0.3647629624421036,0.3448655459805567,0.36957658835409113,0.014814814814814815
232,2001-07-29 19:01:46.447000+00:00,2039-04-11 11:24:52.298000+00:00,457,0.33967898200616065,0.37010006704323223,0.34749397867657206,0.3748733754831121,0.015317286652078774
131,1987-10-31 01:20:09.551000+00:00,2025-07-12 17:43:15.402000+00:00,780,0.34152330992088614,0.4293187628689997,0.34694709150520525,0.4339937672785335,0.01282051282051282
133,1988-02-07 11:25:44.143000+00:00,2025-10-20 03:48:49.994000+00:00,808,0.3418765001498702,0.4475825007307453,0.3458729718978748,0.4528437782217196,0.008663366336633664
228,2001-01-11 22:50:37.263000+00:00,2038-09-24 15:13:43.114000+00:00,406,0.34257399258353005,0.368413348215219,0.3514457033298487,0.37346619777846074,0.007389162561576354
242,2002-12-08 21:29:39.407000+00:00,2040-08-20 13:52:45.258000+00:00,421,0.34637796614507954,0.41659593303950443,0.35126187744857684,0.4218411524011232,0.009501187648456057
130,1987-09-11 08:17:22.255000+00:00,2025-05-24 00:40:28.106000+00:00,757,0.34858010201678147,0.44332323130977325,0.3548168021672968,0.44882570052437015,0.010568031704095112
129,1987-07-23 15:14:34.959000+00:00,2025-04-04 07:37:40.810000+00:00,795,0.34936332712138674,0.4480185459442335,0.35680697154388125,0.4528391138962668,0.0037735849056603774
128,1987-06-03 22:11:47.663000+00:00,2025-02-13 14:34:53.514000+00:00,798,0.3500664675508589,0.4674288723494219,0.35564165493397637,0.4724103152781923,0.0037593984962406013
236,2002-02-13 15:12:55.631000+00:00,2039-10-27 07:36:01.482000+00:00,413,0.35015500481487866,0.42572137989651565,0.3562229774857998,0.4310109099614322,0.0
235,2001-12-25 22:10:08.335000+00:00,2039-09-07 14:33:14.186000+00:00,438,0.35080903012042863,0.3975109140890063,0.3540776680061396,0.4027051442876181,0.01141552511415525
243,2003-01-27 14:32:26.703000+00:00,2040-10-09 06:55:32.554000+00:00,412,0.35112085950425004,0.4149457822386393,0.3554837007573687,0.42007859969734945,0.009708737864077669
234,2001-11-06 05:07:21.039000+00:00,2039-07-19 21:30:26.890000+00:00,472,0.3511362023522737,0.39047270959810415,0.3559459669915892,0.39591585713609073,0.01694915254237288
126,1987-02-24 12:06:13.071000+00:00,2024-11-06 04:29:18.922000+00:00,819,0.3513822976803628,0.5056262396192995,0.3561543098911873,0.5108964030057095,0.003663003663003663
253,2004-06-07 17:00:19.663000+00:00,2042-02-18 09:23:25.514000+00:00,373,0.35530422121569066,0.46388675863658224,0.3639497272518255,0.4686920428543868,0.010723860589812333
241,2002-10-20 04:26:52.111000+00:00,2040-07-01 20:49:57.962000+00:00,391,0.355974728317427,0.408725833927862,0.3658667815364327,0.4135294096479436,0.0025575447570332483
237,2002-04-04 08:15:42.927000+00:00,2039-12-16 00:38:48.778000+00:00,387,0.35611113481914775,0.4353393036321832,0.3620397512305164,0.4404643684545708,0.002583979328165375
240,2002-08-31 11:24:04.815000+00:00,2040-05-13 03:47:10.666000+00:00,384,0.3569389334229921,0.42161677729233626,0.3599408426472438,0.4262761343087285,0.005208333333333333
127,1987-04-15 05:09:00.367000+00:00,2024-12-25 21:32:06.218000+00:00,812,0.3571001775281807,0.49155885871661903,0.3595608104670859,0.49666828211817254,0.0012315270935960591
244,2003-03-18 07:35:13.999000+00:00,2040-11-27 23:58:19.850000+00:00,408,0.3587047630227151,0.4246640450849887,0.3617955670213868,0.4295856478659586,0.007352941176470588
125,1987-01-05 19:03:25.775000+00:00,2024-09-17 11:26:31.626000+00:00,830,0.36340553276950205,0.5165375765369986,0.3668110800289475,0.521157444302054,0.004819277108433735
281,2008-03-30 14:18:23.951000+00:00,2045-12-11 06:41:29.802000+00:00,252,0.3655584726564399,0.5419384859942131,0.3770695470704166,0.5472088307958466,0.0
265,2006-01-25 05:33:47.215000+00:00,2043-10-07 21:56:53.066000+00:00,287,0.36890836323214626,0.4563473589523306,0.369458993725351,0.4616687764420021,0.010452961672473868
255,2004-09-15 03:05:54.255000+00:00,2042-05-28 19:29:00.106000+00:00,334,0.3709324457518674,0.4693145965404921,0.3760497966865989,0.4742600097491008,0.005988023952095809
245,2003-05-07 00:38:01.295000+00:00,2041-01-16 17:01:07.146000+00:00,382,0.3711454382841476,0.438523477126087,0.3746062432635294,0.4438654307167883,0.002617801047120419
239,2002-07-12 18:21:17.519000+00:00,2040-03-24 10:44:23.370000+00:00,379,0.3716185159755183,0.4351579444822053,0.377153686242036,0.43963619778934,0.005277044854881266
251,2004-02-29 06:54:45.071000+00:00,2041-11-10 23:17:50.922000+00:00,365,0.37187487360216875,0.4745304727352634,0.3781762648962915,0.47923408556882574,0.0
252,2004-04-18 23:57:32.367000+00:00,2041-12-30 16:20:38.218000+00:00,375,0.37332690988806155,0.47379344218457564,0.37644886547345047,0.479076198848457,0.005333333333333333
250,2004-01-10 13:51:57.775000+00:00,2041-09-22 06:15:03.626000+00:00,339,0.37529041022827786,0.4709775854972379,0.3837349715463701,0.47626592696352404,0.0058997050147492625
254,2004-07-27 10:03:06.959000+00:00,2042-04-09 02:26:12.810000+00:00,362,0.37631320439745797,0.4776176184157634,0.3790266140152248,0.4833487973085956,0.0027624309392265192
246,2003-06-25 17:40:48.591000+00:00,2041-03-07 10:03:54.442000+00:00,354,0.3765887781178168,0.4642163598161627,0.3868762715461638,0.46943546522450635,0.005649717514124294
238,2002-05-24 01:18:30.223000+00:00,2040-02-03 17:41:36.074000+00:00,380,0.3767072375376306,0.43194374493429527,0.38385637083945867,0.436956804483672,0.007894736842105263
263,2005-10-17 19:28:12.623000+00:00,2043-06-30 11:51:18.474000+00:00,318,0.3768812053653019,0.4481074510829166,0.381041447219739,0.4536205566165708,0.0
273,2007-02-26 21:56:05.583000+00:00,2044-11-08 14:19:11.434000+00:00,287,0.3800711992256571,0.4854699008112162,0.38704183721072916,0.4912157525176219,0.003484320557491289
264,2005-12-06 12:30:59.919000+00:00,2043-08-19 04:54:05.770000+00:00,303,0.38014858804644447,0.45742090675279506,0.3874610284637113,0.46318791888702715,0.013201320132013201
247,2003-08-14 10:43:35.887000+00:00,2041-04-26 03:06:41.738000+00:00,333,0.3810162075141313,0.46164372924660463,0.3895967743506518,0.46764684337192197,0.006006006006006006
256,2004-11-03 20:08:41.551000+00:00,2042-07-17 12:31:47.402000+00:00,305,0.3823822820776372,0.47884806044952855,0.38381293801200866,0.4834045419286089,0.013114754098360656
272,2007-01-08 04:53:18.287000+00:00,2044-09-19 21:16:24.138000+00:00,285,0.38267292728809643,0.48568036083294364,0.38977682699156074,0.49080570053832456,0.028070175438596492
279,2007-12-22 04:12:49.359000+00:00,2045-09-02 20:35:55.210000+00:00,217,0.3855002091459892,0.5502754304269744,0.3950184765897736,0.5562314293902193,0.004608294930875576
271,2006-11-19 11:50:30.991000+00:00,2044-08-01 04:13:36.842000+00:00,284,0.38577311546942483,0.4909178800387352,0.38836456450080115,0.4958972351655423,0.007042253521126761
259,2005-04-01 23:17:03.439000+00:00,2042-12-13 15:40:09.290000+00:00,277,0.3882128453535445,0.4723582822859368,0.3898556763072316,0.4780745261781724,0.0
260,2005-05-21 16:19:50.735000+00:00,2043-02-01 08:42:56.586000+00:00,301,0.389617287966707,0.4736748611565838,0.3932149147727089,0.47866176768091206,0.0
248,2003-10-03 03:46:23.183000+00:00,2041-06-14 20:09:29.034000+00:00,324,0.3897642901397005,0.4670887432226551,0.3930536748960212,0.47170193344646505,0.0030864197530864196
261,2005-07-10 09:22:38.031000+00:00,2043-03-23 01:45:43.882000+00:00,312,0.390860418310781,0.46072970008940783,0.3922321043224303,0.4658943815823396,0.009615384615384616
262,2005-08-29 02:25:25.327000+00:00,2043-05-11 18:48:31.178000+00:00,324,0.39088877126206056,0.47426327438915183,0.39720657551564953,0.4798065603014536,0.0
277,2007-09-13 18:07:14.767000+00:00,2045-05-26 10:30:20.618000+00:00,223,0.3910656130482555,0.538692449651196,0.40739010051584806,0.5441450878990521,0.0
118,1986-01-22 19:43:54.703000+00:00,2023-10-05 12:07:00.554000+00:00,775,0.39428924070214194,0.530115852094576,0.4010538514681815,0.5348319738309346,0.0
258,2005-02-11 06:14:16.143000+00:00,2042-10-24 22:37:21.994000+00:00,280,0.39460794957175727,0.4726081198122401,0.39865347255781536,0.4777968609251179,0.017857142857142856
124,1986-11-17 02:00:38.479000+00:00,2024-07-29 18:23:44.330000+00:00,803,0.3976747066385605,0.5436837825069961,0.4037147407242963,0.5484241562724681,0.0024906600249066002
119,1986-03-13 12:46:41.999000+00:00,2023-11-24 05:09:47.850000+00:00,759,0.3978430603593956,0.5288817021361714,0.4028709336794712,0.5337965035923256,0.0
282,2008-05-19 07:21:11.247000+00:00,2046-01-29 23:44:17.098000+00:00,261,0.3989674987069545,0.5635042312980917,0.40115435429164137,0.5693242177032837,0.007662835249042145
249,2003-11-21 20:49:10.479000+00:00,2041-08-03 13:12:16.330000+00:00,324,0.4036442883699557,0.4834204844238975,0.40364428836995564,0.4884679880446715,0.006172839506172839
267,2006-05-04 15:39:21.807000+00:00,2044-01-15 08:02:27.658000+00:00,244,0.40542224948642513,0.48141999783962336,0.4080211385923092,0.48675826648197656,0.020491803278688523
257,2004-12-23 13:11:28.847000+00:00,2042-09-05 05:34:34.698000+00:00,292,0.40609467778046315,0.5013373754607147,0.4108502637778249,0.506395697720551,0.00684931506849315
116,1985-10-15 09:38:20.111000+00:00,2023-06-28 02:01:25.962000+00:00,791,0.4084094596273409,0.5557641076617581,0.416109567151981,0.5606030004550194,0.0
117,1985-12-04 02:41:07.407000+00:00,2023-08-16 19:04:13.258000+00:00,785,0.40855740010146435,0.5467273400411143,0.41329248839632166,0.5512014122273771,0.0025477707006369425
283,2008-07-08 00:23:58.543000+00:00,2046-03-20 16:47:04.394000+00:00,264,0.4089208679412457,0.5713767161180248,0.4143242778238946,0.5763188437108642,0.0
278,2007-11-02 11:10:02.063000+00:00,2045-07-15 03:33:07.914000+00:00,226,0.4089666077765042,0.5450700961482438,0.4148912116759248,0.5508012617105918,0.01327433628318584
115,1985-08-26 16:35:32.815000+00:00,2023-05-09 08:58:38.666000+00:00,780,0.40947427088873456,0.5464834863793826,0.4154278131382111,0.5515140807599809,0.001282051282051282
123,1986-09-28 08:57:51.183000+00:00,2024-06-10 01:20:57.034000+00:00,776,0.4094834476517584,0.5322723756698687,0.413007619491476,0.5374153271654749,0.002577319587628866
120,1986-05-02 05:49:29.295000+00:00,2024-01-12 22:12:35.146000+00:00,762,0.4126850901055391,0.5443478157710132,0.41651785743922976,0.5489346424178747,0.003937007874015748
122,1986-08-09 15:55:03.887000+00:00,2024-04-21 08:18:09.738000+00:00,748,0.414437860036854,0.5499737365385157,0.41830190988675725,0.554376385396898,0.001336898395721925
274,2007-04-17 14:58:52.879000+00:00,2044-12-28 07:21:58.730000+00:00,275,0.4162232469480054,0.4916457055495636,0.4215816749244531,0.49689031462941713,0.007272727272727273
121,1986-06-20 22:52:16.591000+00:00,2024-03-02 15:15:22.442000+00:00,768,0.41849922757658164,0.5445361295550514,0.4263752676919562,0.5492275962562615,0.0026041666666666665
266,2006-03-15 22:36:34.511000+00:00,2043-11-26 14:59:40.362000+00:00,259,0.41886903546955034,0.47596868101283424,0.4188690354695503,0.4812271930129391,0.011583011583011582
269,2006-08-12 01:44:56.399000+00:00,2044-04-23 18:08:02.250000+00:00,252,0.4198118559136149,0.4963419553525506,0.4227665554045137,0.5017231152305357,0.011904761904761904
275,2007-06-06 08:01:40.175000+00:00,2045-02-16 00:24:46.026000+00:00,255,0.4226334186190041,0.5045199826593578,0.4259147997421815,0.5103352206379831,0.00392156862745098
114,1985-07-07 23:32:45.519000+00:00,2023-03-20 15:55:51.370000+00:00,783,0.4248035556857412,0.5615632123977221,0.42975629750200856,0.5660601521069928,0.0038314176245210726
280,2008-02-09 21:15:36.655000+00:00,2045-10-22 13:38:42.506000+00:00,236,0.4270214731887164,0.5626679081482395,0.4276424632920741,0.5678733513504167,0.00847457627118644
113,1985-05-19 06:29:58.223000+00:00,2023-01-29 22:53:04.074000+00:00,760,0.4360063954809462,0.576532266549988,0.4445628623665807,0.5811291816000875,0.006578947368421052
284,2008-08-26 17:26:45.839000+00:00,2046-05-09 09:49:51.690000+00:00,249,0.4388195155232235,0.5828649482013153,0.44354822977683284,0.5881921345266501,0.0
268,2006-06-23 08:42:09.103000+00:00,2044-03-05 01:05:14.954000+00:00,256,0.4436546061665881,0.5015705058685409,0.45025601054456,0.5069667604009944,0.00390625
276,2007-07-26 01:04:27.471000+00:00,2045-04-06 17:27:33.322000+00:00,240,0.4507349273043291,0.5279839422833558,0.46297587048029426,0.5335983222892604,0.0
112,1985-03-30 13:27:10.927000+00:00,2022-12-11 05:50:16.778000+00:00,733,0.450828751356675,0.5753309181339457,0.45735972952095777,0.5803864642857106,0.0068212824010914054
291,2009-08-09 16:46:16.911000+00:00,2047-04-22 09:09:22.762000+00:00,226,0.45555234203079625,0.6174670901979,0.46259368583968596,0.6226037148091746,0.0
289,2009-05-02 06:40:42.319000+00:00,2047-01-12 23:03:48.170000+00:00,197,0.45600231687227977,0.6169285123391576,0.45758038200335954,0.622135801690633,0.0
290,2009-06-20 23:43:29.615000+00:00,2047-03-03 16:06:35.466000+00:00,206,0.4577021231840812,0.6132455475594221,0.45898557112627025,0.618016058656379,0.0
270,2006-09-30 18:47:43.695000+00:00,2044-06-12 11:10:49.546000+00:00,264,0.4599313664891594,0.5146094330529583,0.46430430971581504,0.5196510883063278,0.015151515151515152
287,2009-01-22 20:35:07.727000+00:00,2046-10-05 12:58:13.578000+00:00,194,0.4632697329253651,0.5975539776129023,0.46762077224080795,0.6024278885004236,0.0
285,2008-10-15 10:29:33.135000+00:00,2046-06-28 02:52:38.986000+00:00,224,0.46336130616300963,0.5848721470216177,0.4648371633566575,0.5897251637504782,0.0
288,2009-03-13 13:37:55.023000+00:00,2046-11-24 06:01:00.874000+00:00,203,0.46890777119958255,0.608083957771914,0.4753492167753118,0.6132309126110317,0.0
286,2008-12-04 03:32:20.431000+00:00,2046-08-16 19:55:26.282000+00:00,208,0.4719887237490555,0.595018285625329,0.47284523328432093,0.600563807556088,0.004807692307692308
111,1985-02-08 20:24:23.631000+00:00,2022-10-22 12:47:29.482000+00:00,728,0.4757104479137318,0.5858505425952759,0.4892290351559472,0.591083642001596,0.01098901098901099
110,1984-12-21 03:21:36.335000+00:00,2022-09-02 19:44:42.186000+00:00,736,0.48298269987042586,0.5691359464738381,0.4877827242464152,0.5739618675546551,0.002717391304347826
292,2009-09-28 09:49:04.207000+00:00,2047-06-11 02:12:10.058000+00:00,226,0.49684558295326164,0.6364119976167172,0.5011333790375747,0.6417245707078005,0.0
109,1984-11-01 10:18:49.039000+00:00,2022-07-15 02:41:54.890000+00:00,761,0.49991979547461113,0.5775511541186549,0.5032128606035899,0.5819823824822736,0.005256241787122208
107,1984-07-25 00:13:14.447000+00:00,2022-04-06 16:36:20.298000+00:00,748,0.5155326365868846,0.5851098374027475,0.5237874640966207,0.5898117142526506,0.004010695187165776
293,2009-11-17 02:51:51.503000+00:00,2047-07-30 19:14:57.354000+00:00,225,0.5191035078404742,0.6474125348184278,0.5308539777600645,0.6527752179324501,0.0
294,2010-01-05 19:54:38.799000+00:00,2047-09-18 12:17:44.650000+00:00,212,0.5204830145081685,0.6373864502359834,0.526496117530029,0.642510866910899,0.0
108,1984-09-12 17:16:01.743000+00:00,2022-05-26 09:39:07.594000+00:00,764,0.5233451845109856,0.581254974395957,0.5285556471903186,0.5862120936489245,0.003926701570680628
105,1984-04-16 14:07:39.855000+00:00,2021-12-28 06:30:45.706000+00:00,743,0.523407273692968,0.5901201836381014,0.5252777666880472,0.5950677674528659,0.004037685060565276
295,2010-02-24 12:57:26.095000+00:00,2047-11-07 05:20:31.946000+00:00,193,0.5319188331508087,0.6497662332980937,0.5336179545588757,0.654395717865077,0.0
106,1984-06-05 07:10:27.151000+00:00,2022-02-15 23:33:33.002000+00:00,765,0.5357906866012518,0.6008716623278758,0.5443126987471765,0.6056548267059174,0.00261437908496732
104,1984-02-26 21:04:52.559000+00:00,2021-11-08 13:27:58.410000+00:00,753,0.5734196453965217,0.6017112844894538,0.5719086619134311,0.6063400643432934,0.0013280212483399733
296,2010-04-15 06:00:13.391000+00:00,2047-12-26 22:23:19.242000+00:00,184,0.5762731620270918,0.6837456708598648,0.5827284145841626,0.6891583113937403,0.0
103,1984-01-08 04:02:05.263000+00:00,2021-09-19 20:25:11.114000+00:00,723,0.5805739116714967,0.605346615075821,0.584314576951639,0.6100626723772129,0.005532503457814661
297,2010-06-03 23:03:00.687000+00:00,2048-02-14 15:26:06.538000+00:00,172,0.5957938614987719,0.6966380866771938,0.5984923895801734,0.7012335765617279,0.0
99,1983-06-23 07:50:56.079000+00:00,2021-03-05 00:14:01.930000+00:00,736,0.6109202567702683,0.6215216332458884,0.6112813979921803,0.6266785492172826,0.0
98,1983-05-04 14:48:08.783000+00:00,2021-01-14 07:11:14.634000+00:00,742,0.6112417921688618,0.634172085212805,0.6122162280845895,0.6383942010552863,0.0026954177897574125
300,2010-10-31 02:11:22.575000+00:00,2048-07-12 18:34:28.426000+00:00,192,0.6162404864697986,0.7188992041426774,0.6179725236804245,0.7240132081092323,0.0
299,2010-09-11 09:08:35.279000+00:00,2048-05-24 01:31:41.130000+00:00,178,0.6175633518864225,0.7169402878704689,0.6212520308500158,0.722434644195247,0.0
100,1983-08-12 00:53:43.375000+00:00,2021-04-23 17:16:49.226000+00:00,704,0.6227577010646133,0.6209611972062684,0.6229864916910102,0.6260329405858268,0.005681818181818182
102,1983-11-19 10:59:17.967000+00:00,2021-08-01 03:22:23.818000+00:00,705,0.6238958915428205,0.618422401453935,0.6294368618167863,0.6234146486098089,0.0014184397163120568
95,1982-12-06 11:39:46.895000+00:00,2020-08-18 04:02:52.746000+00:00,717,0.6324993580988174,0.6557932733185823,0.6370299825262093,0.6606767662532839,0.011157601115760111
97,1983-03-15 21:45:21.487000+00:00,2020-11-25 14:08:27.338000+00:00,719,0.6344924671768224,0.6528588148296046,0.6378270488692048,0.6573422793784677,0.0027816411682892906
87,1981-11-03 19:17:28.527000+00:00,2019-07-17 11:40:34.378000+00:00,680,0.640062734638273,0.7316544346316767,0.6447151511651872,0.7359706013867102,0.0029411764705882353
96,1983-01-25 04:42:34.191000+00:00,2020-10-06 21:05:40.042000+00:00,710,0.6450018573398548,0.6508479321404649,0.6473718372019555,0.655838529174541,0.0
101,1983-09-30 17:56:30.671000+00:00,2021-06-12 10:19:36.522000+00:00,719,0.6467824291789883,0.6316383640968966,0.6547045919464831,0.6365709773796541,0.004172461752433936
301,2010-12-19 19:14:09.871000+00:00,2048-08-31 11:37:15.722000+00:00,203,0.6473698153050209,0.7332679368492075,0.6502332619988294,0.7384901055354551,0.0
298,2010-07-23 16:05:47.983000+00:00,2048-04-04 08:28:53.834000+00:00,173,0.6559384253132103,0.7442528573238439,0.6646492816449566,0.7502057124027646,0.0
303,2011-03-29 05:19:44.463000+00:00,2048-12-08 21:42:50.314000+00:00,201,0.6568181184060425,0.7409699281274906,0.659354852192756,0.7464775716083958,0.0
302,2011-02-07 12:16:57.167000+00:00,2048-10-20 04:40:03.018000+00:00,205,0.6580873741224768,0.7535582696111931,0.6612088769410666,0.7584045627248965,0.0
86,1981-09-15 02:14:41.231000+00:00,2019-05-28 18:37:47.082000+00:00,695,0.6605653393897071,0.7452649451697901,0.6624280733227583,0.7497117897168667,0.004316546762589928
88,1981-12-23 12:20:15.823000+00:00,2019-09-05 04:43:21.674000+00:00,702,0.6618277599861813,0.7354593530652501,0.6651264698032883,0.7403228144591816,0.0014245014245014246
304,2011-05-17 22:22:31.759000+00:00,2049-01-27 14:45:37.610000+00:00,187,0.6689386993075355,0.7599756321978423,0.672902126990908,0.7651535749524626,0.0
305,2011-07-06 15:25:19.055000+00:00,2049-03-18 07:48:24.906000+00:00,161,0.6699208483554304,0.7705546101313455,0.6727162178918941,0.7761373681594929,0.0
94,1982-10-17 18:36:59.599000+00:00,2020-06-29 11:00:05.450000+00:00,717,0.673891196941215,0.6889313575626459,0.6759472764468684,0.6937094999318908,0.00697350069735007
93,1982-08-29 01:34:12.303000+00:00,2020-05-10 17:57:18.154000+00:00,698,0.6754595441438099,0.6968487829711426,0.6769439415819015,0.7017835902973735,0.008595988538681949
306,2011-08-25 08:28:06.351000+00:00,2049-05-07 00:51:12.202000+00:00,162,0.6804152839687061,0.7971904455660768,0.6878576912266445,0.8029768657116043,0.0
89,1982-02-11 05:23:03.119000+00:00,2019-10-24 21:46:08.970000+00:00,691,0.6828129896443221,0.731384413608017,0.7033313022519958,0.7364042687536175,0.0
92,1982-07-10 08:31:25.007000+00:00,2020-03-22 00:54:30.858000+00:00,686,0.691450072626739,0.7205164692269925,0.6984079572783993,0.725305590157811,0.0
308,2011-12-02 18:33:40.943000+00:00,2049-08-14 10:56:46.794000+00:00,144,0.6958728398388325,0.79559634013971,0.6996561381033513,0.8002633662948855,0.0
307,2011-10-14 01:30:53.647000+00:00,2049-06-25 17:53:59.498000+00:00,147,0.6970349230983386,0.8005321584361604,0.706840059817395,0.8050933649896022,0.0
91,1982-05-21 15:28:37.711000+00:00,2020-02-01 07:51:43.562000+00:00,685,0.7070586786212463,0.7367428856122556,0.7143088100066353,0.7410114294015815,0.0
90,1982-04-01 22:25:50.415000+00:00,2019-12-13 14:48:56.266000+00:00,682,0.7111980376857305,0.7315937891235852,0.7128842679782788,0.7362264065898692,0.005865102639296188
309,2012-01-21 11:36:28.239000+00:00,2049-10-03 03:59:34.090000+00:00,147,0.722789291883973,0.8042511564834055,0.7277898913079578,0.8093344760362088,0.0
85,1981-07-27 09:11:53.935000+00:00,2019-04-09 01:34:59.786000+00:00,685,0.7229742808675531,0.7713921431172691,0.7269933240996418,0.7760138786256315,0.0
84,1981-06-07 16:09:06.639000+00:00,2019-02-18 08:32:12.490000+00:00,676,0.7338626132633178,0.7816659024540702,0.7405185931660299,0.7858394162032071,0.0029585798816568047
310,2012-03-11 04:39:15.535000+00:00,2049-11-21 21:02:21.386000+00:00,156,0.7342172625230949,0.8118941632382833,0.7385531214194614,0.81683910502558,0.0
313,2012-08-07 07:47:37.423000+00:00,2050-04-20 00:10:43.274000+00:00,165,0.7524675366717536,0.8513834906564773,0.7570058650074718,0.8559886308684723,0.0
312,2012-06-18 14:44:50.127000+00:00,2050-03-01 07:07:55.978000+00:00,171,0.7570650323484505,0.8405419204146941,0.7574484246714549,0.8462791046534122,0.0
82,1981-02-28 06:03:32.047000+00:00,2018-11-10 22:26:37.898000+00:00,670,0.7583784804427717,0.8027073139699954,0.7686961918066653,0.8071734469011879,0.0014925373134328358
311,2012-04-29 21:42:02.831000+00:00,2050-01-10 14:05:08.682000+00:00,167,0.7584171386325611,0.8319006477627007,0.7664574946138208,0.8370763657938357,0.0
83,1981-04-18 23:06:19.343000+00:00,2018-12-30 15:29:25.194000+00:00,677,0.7588992843809832,0.7858011455591117,0.7621845361275447,0.79006356833516,0.0029542097488921715
81,1981-01-09 13:00:44.751000+00:00,2018-09-22 05:23:50.602000+00:00,639,0.7672223533419544,0.8126484887945208,0.7709255859001857,0.8172286003488949,0.0
314,2012-09-26 00:50:24.719000+00:00,2050-06-08 17:13:30.570000+00:00,155,0.7714742616472942,0.8594466243052913,0.7789343270209534,0.8655647914095379,0.0
315,2012-11-14 17:53:12.015000+00:00,2050-07-28 10:16:17.866000+00:00,136,0.7885521309086243,0.8703643865505758,0.7911598871481202,0.8749302478081054,0.0
80,1980-11-20 19:57:57.455000+00:00,2018-08-03 12:21:03.306000+00:00,673,0.7952543744742654,0.8086016670709721,0.7983088696580907,0.813413129142836,0.005943536404160475
79,1980-10-02 02:55:10.159000+00:00,2018-06-14 19:18:16.010000+00:00,676,0.8145235865329021,0.8042275557914981,0.8185271312848307,0.8091494948984481,0.0
77,1980-06-24 16:49:35.567000+00:00,2018-03-07 09:12:41.418000+00:00,669,0.8182542995356741,0.8043239563530163,0.8291901931323105,0.8100193073421506,0.004484304932735426
78,1980-08-13 09:52:22.863000+00:00,2018-04-26 02:15:28.714000+00:00,697,0.819177317630376,0.8168848170633801,0.8261908251438494,0.821650869635318,0.00430416068866571
316,2013-01-03 10:55:59.311000+00:00,2050-09-16 03:19:05.162000+00:00,136,0.8224348905980192,0.8798347835743415,0.8271710899565999,0.8855913216430646,0.0
76,1980-05-05 23:46:48.271000+00:00,2018-01-16 16:09:54.122000+00:00,659,0.8347176639259953,0.8289100988372918,0.8378233065555265,0.8339363029893959,0.007587253414264037
317,2013-02-22 03:58:46.607000+00:00,2050-11-04 20:21:52.458000+00:00,127,0.8372827494462404,0.8874114616486065,0.8412975768716964,0.8932003594893849,0.0
75,1980-03-17 06:44:00.975000+00:00,2017-11-27 23:07:06.826000+00:00,655,0.8488791819243457,0.8497917259998088,0.8509383556204309,0.8542739827910328,0.013740458015267175
74,1980-01-27 13:41:13.679000+00:00,2017-10-09 06:04:19.530000+00:00,650,0.8585512267384671,0.865073015659943,0.8690827438073847,0.8699317569243599,0.004615384615384616
320,2013-07-21 07:07:08.495000+00:00,2051-04-02 23:30:14.346000+00:00,135,0.8697929144229395,0.909131764923563,0.8738014079850291,0.9139705493973073,0.0
318,2013-04-12 21:01:33.903000+00:00,2050-12-24 13:24:39.754000+00:00,133,0.8698280926920838,0.8871011203688987,0.8757199790497777,0.8913740173961032,0.0
73,1979-12-08 20:38:26.383000+00:00,2017-08-20 13:01:32.234000+00:00,617,0.8719580682713637,0.8683699242371987,0.8761334396818443,0.8730688285579377,0.0032414910858995136
319,2013-06-01 14:04:21.199000+00:00,2051-02-12 06:27:27.050000+00:00,133,0.8756606109640838,0.9024738620955972,0.875728818298568,0.9073243003089599,0.0
72,1979-10-20 03:35:39.087000+00:00,2017-07-01 19:58:44.938000+00:00,641,0.8922024995090423,0.8898303768453686,0.9015700220250042,0.8947015880546917,0.0
71,1979-08-31 10:32:51.791000+00:00,2017-05-13 02:55:57.642000+00:00,628,0.9168252441953703,0.8954935064451648,0.9206717645291613,0.8999920311087759,0.0015923566878980893
321,2013-09-09 00:09:55.791000+00:00,2051-05-22 16:33:01.642000+00:00,144,0.918574027103401,0.9304391525007847,0.9213614639416461,0.9354831809758539,0.0
322,2013-10-28 17:12:43.087000+00:00,2051-07-11 09:35:48.938000+00:00,149,0.9578396433751755,0.9568233195417345,0.959687720215574,0.9627122700882015,0.0
69,1979-05-24 00:27:17.199000+00:00,2017-02-02 16:50:23.050000+00:00,636,0.9605613559377011,0.8755928865341969,0.9655725194683895,0.8805639283344352,0.0
70,1979-07-12 17:30:04.495000+00:00,2017-03-24 09:53:10.346000+00:00,654,0.9616769934733684,0.9007247967386594,0.9637445484343465,0.9059595891144668,0.0
68,1979-04-04 07:24:29.903000+00:00,2016-12-14 23:47:35.754000+00:00,640,0.9729657101935538,0.8880960100405021,0.9752915525789614,0.893313240593528,0.0
323,2013-12-17 10:15:30.383000+00:00,2051-08-30 02:38:36.234000+00:00,135,0.9739904356528936,0.9654267078478479,0.9748350439535787,0.971104706244244,0.0
62,1978-06-10 01:07:46.127000+00:00,2016-02-20 17:30:51.978000+00:00,596,0.9746427578949899,0.9413791538937543,0.9780426846221302,0.9459664331194656,0.0
326,2014-05-15 13:23:52.271000+00:00,2052-01-26 05:46:58.122000+00:00,110,0.9776743843492592,0.9714872080223514,0.9812246926637187,0.9766010017714116,0.0
327,2014-07-04 06:26:39.567000+00:00,2052-03-15 22:49:45.418000+00:00,108,0.9807681375729471,0.9887279297678141,0.9872423111184372,0.9937180067739404,0.0
67,1979-02-13 14:21:42.607000+00:00,2016-10-26 06:44:48.458000+00:00,631,0.9834082799597045,0.8838461768665156,0.9895432480781845,0.8888854218254599,0.0
324,2014-02-05 03:18:17.679000+00:00,2051-10-18 19:41:23.530000+00:00,130,0.9840308994539222,0.9718363632467028,0.9909149611092913,0.9774988385489763,0.0
66,1978-12-25 21:18:55.311000+00:00,2016-09-06 13:42:01.162000+00:00,619,0.9846641060293446,0.9003939400754353,1.0045288087342752,0.9052037500813146,0.0
325,2014-03-26 20:21:04.975000+00:00,2051-12-07 12:44:10.826000+00:00,117,0.9921963982855878,0.9733310596081264,0.9921963982855877,0.9774803431770298,0.0
61,1978-04-21 08:04:58.831000+00:00,2016-01-02 00:28:04.682000+00:00,580,0.9923238553671132,0.9455509205237014,0.9975063252364077,0.950622153047539,0.0017241379310344827
328,2014-08-22 23:29:26.863000+00:00,2052-05-04 15:52:32.714000+00:00,110,0.993594271493267,0.9980541304080502,0.9955464925561701,1.003286635094502,0.0
63,1978-07-29 18:10:33.423000+00:00,2016-04-10 10:33:39.274000+00:00,579,0.9970733590377926,0.9353413095168494,1.0013658511417007,0.9396915445254096,0.0
64,1978-09-17 11:13:20.719000+00:00,2016-05-30 03:36:26.570000+00:00,597,1.0018693096782165,0.9368569215192193,1.0070742280030311,0.9423137768811196,0.0
65,1978-11-06 04:16:08.015000+00:00,2016-07-18 20:39:13.866000+00:00,600,1.0067267770016088,0.9200366998284767,1.0113546323791884,0.9246676830389078,0.0
52,1977-01-28 22:39:53.167000+00:00,2014-10-11 15:02:59.018000+00:00,536,1.0134544432992687,0.9696007995619458,1.0227919027440722,0.9742933114697353,0.0
53,1977-03-19 15:42:40.463000+00:00,2014-11-30 08:05:46.314000+00:00,545,1.013480699563424,0.9769755908417052,1.0317078600337077,0.9816305254943062,0.0
57,1977-10-04 11:53:49.647000+00:00,2015-06-17 04:16:55.498000+00:00,592,1.0145439527564215,0.9595980816492953,1.0187191862213965,0.9646282997520059,0.0
56,1977-08-15 18:51:02.351000+00:00,2015-04-28 11:14:08.202000+00:00,573,1.0188281282390315,0.9582090221522183,1.0222077868467376,0.9636463523073369,0.0
58,1977-11-23 04:56:36.943000+00:00,2015-08-05 21:19:42.794000+00:00,597,1.021002137716905,0.9597306650188928,1.0251536323051471,0.9645776189789642,0.0
329,2014-10-11 16:32:14.159000+00:00,2052-06-23 08:55:20.010000+00:00,116,1.0215623892580783,1.0103782144670754,1.0237791435581816,1.0158001585080179,0.0
330,2014-11-30 09:35:01.455000+00:00,2052-08-12 01:58:07.306000+00:00,117,1.0279215300342273,1.016381512161143,1.0319372157059021,1.0214162889413352,0.0
331,2015-01-19 02:37:48.751000+00:00,2052-09-30 19:00:54.602000+00:00,125,1.0364925257807245,1.0394106908284497,1.0418811398561276,1.0451205807253703,0.0
54,1977-05-08 08:45:27.759000+00:00,2015-01-19 01:08:33.610000+00:00,546,1.0443394675120048,0.9949367396800178,1.0531121979620366,1.0006004712790064,0.0
59,1978-01-11 21:59:24.239000+00:00,2015-09-24 14:22:30.090000+00:00,606,1.0488481642203649,0.9776802137961783,1.0505440509005306,0.9831590175218837,0.0
55,1977-06-27 01:48:15.055000+00:00,2015-03-09 18:11:20.906000+00:00,561,1.0495247435469288,0.9896087855704129,1.0496706507044502,0.9941896212516083,0.0
332,2015-03-09 19:40:36.047000+00:00,2052-11-19 12:03:41.898000+00:00,124,1.0515482087494061,1.0531247771309002,1.0547091332370475,1.058132573209251,0.0
60,1978-03-02 15:02:11.535000+00:00,2015-11-13 07:25:17.386000+00:00,586,1.0541719822089748,0.9767423475129342,1.0527407204387922,0.9812429583450358,0.0034129692832764505
51,1976-12-10 05:37:05.871000+00:00,2014-08-22 22:00:11.722000+00:00,525,1.0652659033583192,0.9980859554741816,1.0717284773915705,1.002948183732966,0.0
335,2015-08-05 22:48:57.935000+00:00,2053-04-17 15:12:03.786000+00:00,104,1.0747225989821896,1.0732617150634323,1.0844664509683912,1.0782024510561379,0.0
333,2015-04-28 12:43:23.343000+00:00,2053-01-08 05:06:29.194000+00:00,116,1.0774967960228694,1.069395457189248,1.0829368097134886,1.074311788202546,0.0
50,1976-10-21 12:34:18.575000+00:00,2014-07-04 04:57:24.426000+00:00,554,1.0822769411040225,1.0378956384450064,1.087210428216956,1.042677856039981,0.0
334,2015-06-17 05:46:10.639000+00:00,2053-02-26 22:09:16.490000+00:00,111,1.088032362344824,1.0666979960803376,1.091913871276596,1.0719698696873594,0.0
339,2016-02-20 19:00:07.119000+00:00,2053-11-02 11:23:12.970000+00:00,106,1.1158095117742146,1.1332562496308687,1.1229454034713153,1.1378263885700763,0.0
338,2016-01-02 01:57:19.823000+00:00,2053-09-13 18:20:25.674000+00:00,100,1.1264030424148284,1.1372885610624917,1.1333820749024421,1.1423778561276634,0.0
340,2016-04-10 12:02:54.415000+00:00,2053-12-22 04:26:00.266000+00:00,108,1.1370745912944327,1.147428376714297,1.1435474804715504,1.1530856316985039,0.0
341,2016-05-30 05:05:41.711000+00:00,2054-02-09 21:28:47.562000+00:00,110,1.1411156039278527,1.1699987657903428,1.1471170090752634,1.1751460689231292,0.0
343,2016-09-06 15:11:16.303000+00:00,2054-05-20 07:34:22.154000+00:00,102,1.1498607865055857,1.194619406311469,1.15428469501291,1.2003788807743438,0.0
342,2016-07-18 22:08:29.007000+00:00,2054-03-31 14:31:34.858000+00:00,103,1.165602571383302,1.1908120506753594,1.1684202683729272,1.1962107138998246,0.0
