time,FXA
2026-03-25 09:00:00+00:00,69.1
2026-03-25 09:10:00+00:00,69.1
2026-03-25 09:25:00+00:00,69.1
2026-03-25 09:40:00+00:00,69.1
2026-03-25 09:45:00+00:00,69.0
2026-03-25 09:55:00+00:00,69.0
2026-03-25 10:10:00+00:00,69.0
2026-03-25 10:25:00+00:00,69.0
2026-03-25 10:40:00+00:00,69.0
2026-03-25 10:55:00+00:00,69.0
2026-03-25 11:05:00+00:00,69.13
2026-03-25 11:10:00+00:00,69.13
2026-03-25 11:25:00+00:00,69.13
2026-03-25 11:40:00+00:00,69.13
2026-03-25 11:55:00+00:00,69.13
2026-03-25 12:00:00+00:00,69.1
2026-03-25 12:10:00+00:00,69.1
2026-03-25 12:25:00+00:00,69.1
2026-03-25 12:40:00+00:00,69.1
2026-03-25 12:55:00+00:00,69.1
2026-03-25 13:10:00+00:00,69.1
2026-03-25 13:30:00+00:00,68.95999908447266
2026-03-25 13:40:00+00:00,68.95999908447266
2026-03-25 13:55:00+00:00,68.83999633789062
2026-03-25 14:10:00+00:00,68.91999816894531
2026-03-25 14:20:00+00:00,68.93000030517578
2026-03-25 14:55:00+00:00,69.0199966430664
2026-03-25 15:15:00+00:00,68.87999725341797
2026-03-25 15:20:00+00:00,68.95999908447266
2026-03-25 15:25:00+00:00,68.94999694824219
2026-03-25 15:30:00+00:00,68.98999786376953
2026-03-25 15:50:00+00:00,68.93000030517578
2026-03-25 15:55:00+00:00,68.94000244140625
2026-03-25 16:05:00+00:00,68.93000030517578
2026-03-25 16:20:00+00:00,68.97000122070312
2026-03-25 16:45:00+00:00,69.00140380859375
2026-03-25 16:50:00+00:00,68.98999786376953
2026-03-25 17:15:00+00:00,68.9800033569336
2026-03-25 18:55:00+00:00,68.87999725341797
2026-03-25 19:05:00+00:00,68.83290100097656
2026-03-25 20:00:00+00:00,68.8329
2026-03-25 20:10:00+00:00,68.8329
2026-03-25 20:25:00+00:00,68.8329
2026-03-25 20:40:00+00:00,68.8329
2026-03-25 20:55:00+00:00,68.8329
2026-03-25 21:10:00+00:00,68.8329
2026-03-25 21:25:00+00:00,68.8329
2026-03-25 21:40:00+00:00,68.8329
2026-03-25 21:55:00+00:00,68.8329
2026-03-25 22:10:00+00:00,68.8329
2026-03-25 22:25:00+00:00,68.8329
2026-03-26 11:10:00+00:00,68.68
2026-03-26 11:15:00+00:00,68.68
2026-03-26 11:30:00+00:00,68.68
2026-03-26 11:45:00+00:00,68.68
2026-03-26 12:00:00+00:00,68.68
2026-03-26 12:15:00+00:00,68.68
2026-03-26 12:30:00+00:00,68.68
2026-03-26 12:45:00+00:00,68.68
2026-03-26 12:55:00+00:00,68.3934
2026-03-26 13:00:00+00:00,68.44
2026-03-26 13:10:00+00:00,68.52
2026-03-26 13:30:00+00:00,68.54000091552734
2026-03-26 13:45:00+00:00,68.5999984741211
2026-03-26 13:55:00+00:00,68.5
2026-03-26 14:30:00+00:00,68.60440063476562
2026-03-26 15:35:00+00:00,68.4000015258789
2026-03-26 15:45:00+00:00,68.43990325927734
2026-03-26 16:05:00+00:00,68.44999694824219
2026-03-26 16:30:00+00:00,68.37000274658203
2026-03-26 18:00:00+00:00,68.24009704589844
2026-03-26 19:10:00+00:00,68.19999694824219
2026-03-26 19:25:00+00:00,68.18000030517578
2026-03-26 19:30:00+00:00,68.21499633789062
2026-03-26 19:35:00+00:00,68.2300033569336
2026-03-26 19:40:00+00:00,68.22000122070312
2026-03-26 19:55:00+00:00,68.12999725341797
2026-03-26 20:00:00+00:00,68.15
2026-03-26 20:05:00+00:00,68.14
2026-03-26 20:10:00+00:00,68.23
2026-03-26 20:15:00+00:00,68.23
2026-03-26 20:30:00+00:00,68.23
2026-03-26 20:40:00+00:00,68.23
2026-03-26 21:00:00+00:00,68.23
2026-03-26 21:15:00+00:00,68.23
2026-03-26 21:30:00+00:00,68.23
2026-03-26 21:45:00+00:00,68.23
2026-03-26 22:00:00+00:00,68.23
2026-03-26 22:15:00+00:00,68.23
2026-03-26 22:30:00+00:00,68.0
2026-03-26 22:45:00+00:00,68.0
2026-03-26 23:00:00+00:00,68.0
2026-03-26 23:15:00+00:00,68.0
2026-03-26 23:30:00+00:00,68.0
2026-03-26 23:45:00+00:00,68.0
2026-03-27 09:35:00+00:00,68.31
2026-03-27 09:45:00+00:00,68.31
2026-03-27 10:00:00+00:00,68.31
2026-03-27 10:15:00+00:00,68.31
2026-03-27 10:30:00+00:00,68.31
2026-03-27 10:45:00+00:00,68.31
2026-03-27 11:00:00+00:00,68.31
2026-03-27 11:15:00+00:00,68.31
2026-03-27 11:30:00+00:00,68.31
2026-03-27 11:45:00+00:00,68.31
2026-03-27 12:00:00+00:00,68.31
2026-03-27 12:15:00+00:00,68.31
2026-03-27 12:30:00+00:00,68.31
2026-03-27 12:45:00+00:00,68.31
2026-03-27 12:55:00+00:00,68.2874
2026-03-27 13:00:00+00:00,68.2874
2026-03-27 13:35:00+00:00,68.20500183105469
2026-03-27 13:40:00+00:00,68.20999908447266
2026-03-27 14:10:00+00:00,68.27999877929688
2026-03-27 14:25:00+00:00,68.32499694824219
2026-03-27 14:30:00+00:00,68.26000213623047
2026-03-27 14:40:00+00:00,68.24500274658203
2026-03-27 14:50:00+00:00,68.26000213623047
2026-03-27 15:20:00+00:00,68.31999969482422
2026-03-27 15:25:00+00:00,68.33899688720703
2026-03-27 15:35:00+00:00,68.3949966430664
2026-03-27 15:40:00+00:00,68.31999969482422
2026-03-27 15:45:00+00:00,68.27999877929688
2026-03-27 15:50:00+00:00,68.25
2026-03-27 16:05:00+00:00,68.27999877929688
2026-03-27 16:20:00+00:00,68.26000213623047
2026-03-27 16:40:00+00:00,68.20999908447266
2026-03-27 16:55:00+00:00,68.25
2026-03-27 17:00:00+00:00,68.2300033569336
2026-03-27 17:05:00+00:00,68.30000305175781
2026-03-27 18:10:00+00:00,68.02999877929688
2026-03-27 18:30:00+00:00,68.08000183105469
2026-03-27 18:45:00+00:00,68.11499786376953
2026-03-27 18:50:00+00:00,68.09200286865234
2026-03-27 19:00:00+00:00,68.0999984741211
2026-03-27 19:40:00+00:00,68.08000183105469
2026-03-27 19:50:00+00:00,68.07689666748047
2026-03-27 19:55:00+00:00,68.09619903564453
2026-03-27 20:00:00+00:00,68.0962
2026-03-27 20:10:00+00:00,68.0962
2026-03-27 20:15:00+00:00,68.0962
2026-03-27 20:30:00+00:00,68.0391
2026-03-27 20:40:00+00:00,68.11
2026-03-27 20:45:00+00:00,68.11
2026-03-27 21:00:00+00:00,68.11
2026-03-27 21:15:00+00:00,68.11
2026-03-27 21:30:00+00:00,68.11
2026-03-27 21:45:00+00:00,68.11
2026-03-27 22:00:00+00:00,68.11
2026-03-27 22:15:00+00:00,68.11
2026-03-30 13:30:00+00:00,67.94000244140625
2026-03-30 13:35:00+00:00,67.91000366210938
2026-03-30 13:40:00+00:00,67.8499984741211
2026-03-30 13:55:00+00:00,67.82499694824219
2026-03-30 14:00:00+00:00,67.81990051269531
2026-03-30 14:05:00+00:00,67.76000213623047
2026-03-30 14:15:00+00:00,67.80000305175781
2026-03-30 14:20:00+00:00,67.75
2026-03-30 14:40:00+00:00,67.80000305175781
2026-03-30 14:45:00+00:00,67.88999938964844
2026-03-30 14:55:00+00:00,67.87999725341797
2026-03-30 15:00:00+00:00,67.94000244140625
2026-03-30 16:00:00+00:00,67.94000244140625
2026-03-30 16:15:00+00:00,67.92500305175781
2026-03-30 16:30:00+00:00,67.91000366210938
2026-03-30 16:55:00+00:00,67.94000244140625
2026-03-30 17:00:00+00:00,67.97000122070312
2026-03-30 17:15:00+00:00,67.94000244140625
2026-03-30 17:35:00+00:00,67.91000366210938
2026-03-30 18:20:00+00:00,67.94999694824219
2026-03-30 18:25:00+00:00,67.93000030517578
2026-03-30 18:35:00+00:00,67.93009948730469
2026-03-30 18:45:00+00:00,67.93810272216797
2026-03-30 19:10:00+00:00,67.86499786376953
2026-03-30 19:15:00+00:00,67.83999633789062
2026-03-30 19:50:00+00:00,67.86499786376953
2026-03-30 19:55:00+00:00,67.87000274658203
2026-03-30 20:00:00+00:00,67.87
2026-03-30 20:05:00+00:00,67.87
2026-03-30 20:10:00+00:00,67.87
2026-03-30 20:20:00+00:00,67.87
2026-03-30 20:35:00+00:00,67.87
2026-03-30 20:45:00+00:00,67.87
2026-03-30 20:50:00+00:00,67.87
2026-03-30 21:05:00+00:00,67.87
2026-03-30 21:20:00+00:00,67.87
2026-03-30 21:35:00+00:00,67.87
2026-03-30 21:50:00+00:00,67.87
2026-03-30 22:05:00+00:00,67.87
2026-03-30 22:20:00+00:00,67.87
2026-03-31 08:00:00+00:00,67.87
2026-03-31 08:05:00+00:00,67.87
2026-03-31 08:20:00+00:00,67.87
2026-03-31 08:35:00+00:00,67.87
2026-03-31 08:50:00+00:00,67.87
2026-03-31 09:05:00+00:00,67.87
2026-03-31 09:20:00+00:00,67.87
2026-03-31 09:35:00+00:00,67.87
2026-03-31 09:50:00+00:00,67.87
2026-03-31 10:05:00+00:00,67.87
2026-03-31 10:20:00+00:00,67.87
2026-03-31 10:35:00+00:00,67.87
2026-03-31 10:50:00+00:00,67.87
2026-03-31 11:05:00+00:00,67.87
2026-03-31 11:20:00+00:00,67.87
2026-03-31 11:35:00+00:00,67.87
2026-03-31 11:50:00+00:00,67.87
2026-03-31 12:05:00+00:00,67.87
2026-03-31 12:20:00+00:00,67.87
2026-03-31 12:35:00+00:00,67.87
2026-03-31 12:50:00+00:00,67.87
2026-03-31 13:05:00+00:00,67.87
2026-03-31 13:50:00+00:00,68.13999938964844
2026-03-31 14:15:00+00:00,68.12999725341797
2026-03-31 14:55:00+00:00,67.87000274658203
2026-03-31 15:05:00+00:00,67.9800033569336
2026-03-31 16:05:00+00:00,67.97000122070312
2026-03-31 16:40:00+00:00,68.16999816894531
2026-03-31 16:50:00+00:00,68.20999908447266
2026-03-31 17:15:00+00:00,68.31999969482422
2026-03-31 17:35:00+00:00,68.29000091552734
2026-03-31 18:05:00+00:00,68.372802734375
2026-03-31 20:00:00+00:00,68.3728
2026-03-31 20:05:00+00:00,68.3728
2026-03-31 20:10:00+00:00,68.3728
2026-03-31 20:20:00+00:00,68.3728
2026-03-31 20:35:00+00:00,68.3728
2026-03-31 20:50:00+00:00,68.3728
2026-03-31 21:05:00+00:00,68.3728
2026-03-31 21:20:00+00:00,68.3728
2026-03-31 21:35:00+00:00,68.3728
2026-03-31 21:50:00+00:00,68.3728
2026-03-31 22:05:00+00:00,68.3728
2026-03-31 22:20:00+00:00,68.3728
2026-04-01 12:40:00+00:00,68.92
2026-04-01 12:50:00+00:00,68.92
2026-04-01 12:55:00+00:00,68.73
2026-04-01 13:05:00+00:00,68.73
2026-04-01 13:30:00+00:00,68.83999633789062
2026-04-01 14:05:00+00:00,68.69999694824219
2026-04-01 14:35:00+00:00,68.77999877929688
2026-04-01 14:45:00+00:00,68.77999877929688
2026-04-01 15:00:00+00:00,68.77290344238281
2026-04-01 15:05:00+00:00,68.7699966430664
2026-04-01 15:15:00+00:00,68.69499969482422
2026-04-01 15:25:00+00:00,68.68499755859375
2026-04-01 15:45:00+00:00,68.73400115966797
2026-04-01 16:00:00+00:00,68.75
2026-04-01 16:20:00+00:00,68.7300033569336
2026-04-01 17:15:00+00:00,68.7699966430664
2026-04-01 17:20:00+00:00,68.79000091552734
2026-04-01 18:40:00+00:00,68.5199966430664
2026-04-01 18:50:00+00:00,68.48999786376953
2026-04-01 19:00:00+00:00,68.48999786376953
2026-04-01 19:25:00+00:00,68.5198974609375
2026-04-01 19:45:00+00:00,68.58499908447266
2026-04-01 19:50:00+00:00,68.54229736328125
2026-04-01 20:00:00+00:00,68.5423
2026-04-01 20:05:00+00:00,68.5423
2026-04-01 20:10:00+00:00,68.5423
2026-04-01 20:20:00+00:00,68.5423
2026-04-01 20:35:00+00:00,68.5423
2026-04-01 20:50:00+00:00,68.5423
2026-04-01 21:05:00+00:00,68.5423
2026-04-01 21:20:00+00:00,68.5423
2026-04-01 21:35:00+00:00,68.5423
2026-04-01 21:45:00+00:00,71.0
2026-04-01 21:50:00+00:00,71.0
2026-04-01 22:05:00+00:00,71.0
2026-04-01 22:20:00+00:00,71.0
2026-04-02 08:00:00+00:00,68.24
2026-04-02 08:10:00+00:00,68.24
2026-04-02 08:25:00+00:00,68.24
2026-04-02 08:40:00+00:00,68.24
2026-04-02 08:55:00+00:00,68.24
2026-04-02 09:10:00+00:00,68.24
2026-04-02 09:25:00+00:00,68.24
2026-04-02 09:40:00+00:00,68.24
2026-04-02 09:45:00+00:00,68.0241
2026-04-02 09:55:00+00:00,68.0241
2026-04-02 10:10:00+00:00,68.0241
2026-04-02 10:25:00+00:00,68.0241
2026-04-02 10:40:00+00:00,68.0241
2026-04-02 10:55:00+00:00,68.0241
2026-04-02 11:10:00+00:00,67.8804
2026-04-02 11:25:00+00:00,67.8804
2026-04-02 11:40:00+00:00,67.8804
2026-04-02 11:55:00+00:00,67.8804
2026-04-02 12:10:00+00:00,67.8804
2026-04-02 12:20:00+00:00,68.1
2026-04-02 12:25:00+00:00,68.1
2026-04-02 12:40:00+00:00,68.1
2026-04-02 12:55:00+00:00,68.1
2026-04-02 13:10:00+00:00,68.1
2026-04-02 13:30:00+00:00,68.12999725341797
2026-04-02 13:40:00+00:00,68.11000061035156
2026-04-02 14:00:00+00:00,68.26000213623047
2026-04-02 14:35:00+00:00,68.44000244140625
2026-04-02 15:00:00+00:00,68.43000030517578
2026-04-02 15:40:00+00:00,68.41999816894531
2026-04-02 15:45:00+00:00,68.44999694824219
2026-04-02 16:00:00+00:00,68.43000030517578
2026-04-02 16:05:00+00:00,68.38999938964844
2026-04-02 16:35:00+00:00,68.44999694824219
2026-04-02 19:25:00+00:00,68.42990112304688
2026-04-02 19:50:00+00:00,68.39700317382812
2026-04-02 20:00:00+00:00,68.397
2026-04-02 20:10:00+00:00,68.397
2026-04-02 20:20:00+00:00,68.397
2026-04-02 20:40:00+00:00,68.397
2026-04-02 20:50:00+00:00,68.397
2026-04-02 21:10:00+00:00,68.397
2026-04-02 21:25:00+00:00,68.397
2026-04-02 21:40:00+00:00,68.397
2026-04-02 21:55:00+00:00,68.397
2026-04-02 22:10:00+00:00,68.397
2026-04-02 22:25:00+00:00,68.397
2026-04-06 13:30:00+00:00,68.63999938964844
2026-04-06 14:00:00+00:00,68.6500015258789
2026-04-06 14:10:00+00:00,68.58999633789062
2026-04-06 14:35:00+00:00,68.55000305175781
2026-04-06 14:45:00+00:00,68.61000061035156
2026-04-06 14:50:00+00:00,68.55500030517578
2026-04-06 15:00:00+00:00,68.52999877929688
2026-04-06 15:55:00+00:00,68.5
2026-04-06 16:00:00+00:00,68.5199966430664
2026-04-06 16:45:00+00:00,68.48059844970703
2026-04-06 16:55:00+00:00,68.47000122070312
2026-04-06 17:00:00+00:00,68.45999908447266
2026-04-06 18:10:00+00:00,68.52729797363281
2026-04-06 20:00:00+00:00,68.5273
2026-04-06 20:10:00+00:00,68.5273
2026-04-06 20:20:00+00:00,68.501
2026-04-06 20:35:00+00:00,68.501
2026-04-06 20:55:00+00:00,68.501
2026-04-06 21:10:00+00:00,68.501
2026-04-06 21:25:00+00:00,68.501
2026-04-06 21:40:00+00:00,68.501
2026-04-06 21:55:00+00:00,68.501
2026-04-06 22:10:00+00:00,68.501
2026-04-06 22:25:00+00:00,68.501
2026-04-07 12:00:00+00:00,68.7
2026-04-07 12:10:00+00:00,68.7
2026-04-07 12:25:00+00:00,68.7
2026-04-07 12:40:00+00:00,68.7
2026-04-07 12:55:00+00:00,68.7
2026-04-07 13:05:00+00:00,68.7
2026-04-07 13:10:00+00:00,68.7
2026-04-07 13:55:00+00:00,68.60549926757812
2026-04-07 14:10:00+00:00,68.5999984741211
2026-04-07 14:30:00+00:00,68.78990173339844
2026-04-07 14:35:00+00:00,68.80000305175781
2026-04-07 14:45:00+00:00,68.83999633789062
2026-04-07 14:50:00+00:00,68.79000091552734
2026-04-07 14:55:00+00:00,68.72010040283203
2026-04-07 15:00:00+00:00,68.68000030517578
2026-04-07 15:10:00+00:00,68.62000274658203
2026-04-07 15:15:00+00:00,68.71499633789062
2026-04-07 15:40:00+00:00,68.72000122070312
2026-04-07 16:00:00+00:00,68.8499984741211
2026-04-07 16:10:00+00:00,68.77999877929688
2026-04-07 16:20:00+00:00,68.7699966430664
2026-04-07 16:40:00+00:00,68.81430053710938
2026-04-07 17:30:00+00:00,68.81999969482422
2026-04-07 18:05:00+00:00,68.8499984741211
2026-04-07 18:10:00+00:00,68.87000274658203
2026-04-07 18:15:00+00:00,68.86000061035156
2026-04-07 19:05:00+00:00,68.81999969482422
2026-04-07 19:15:00+00:00,68.91000366210938
2026-04-07 19:20:00+00:00,68.94999694824219
2026-04-07 19:25:00+00:00,68.9000015258789
2026-04-07 19:30:00+00:00,68.8949966430664
2026-04-07 19:40:00+00:00,68.91000366210938
2026-04-07 19:45:00+00:00,69.0
2026-04-07 19:50:00+00:00,69.04000091552734
2026-04-07 19:55:00+00:00,69.02999877929688
2026-04-07 20:00:00+00:00,69.03
2026-04-07 20:10:00+00:00,69.03
2026-04-07 20:25:00+00:00,69.03
2026-04-07 20:40:00+00:00,69.03
2026-04-07 20:55:00+00:00,69.03
2026-04-07 21:10:00+00:00,69.03
2026-04-07 21:25:00+00:00,69.03
2026-04-07 21:40:00+00:00,69.03
2026-04-07 21:55:00+00:00,69.03
2026-04-07 22:10:00+00:00,69.03
2026-04-07 22:25:00+00:00,69.03
2026-04-08 11:00:00+00:00,69.63
2026-04-08 11:10:00+00:00,69.69
2026-04-08 11:25:00+00:00,69.69
2026-04-08 11:40:00+00:00,69.69
2026-04-08 11:55:00+00:00,69.69
2026-04-08 12:00:00+00:00,69.84
2026-04-08 12:10:00+00:00,69.84
2026-04-08 12:20:00+00:00,69.84
2026-04-08 12:25:00+00:00,69.84
2026-04-08 12:40:00+00:00,69.84
2026-04-08 12:55:00+00:00,69.84
2026-04-08 13:00:00+00:00,70.0773
2026-04-08 13:10:00+00:00,70.08
2026-04-08 13:30:00+00:00,69.93000030517578
2026-04-08 13:35:00+00:00,69.8844985961914
2026-04-08 13:45:00+00:00,69.87999725341797
2026-04-08 13:55:00+00:00,69.86000061035156
2026-04-08 14:00:00+00:00,69.88999938964844
2026-04-08 14:05:00+00:00,69.87000274658203
2026-04-08 14:10:00+00:00,69.9000015258789
2026-04-08 14:15:00+00:00,69.8499984741211
2026-04-08 14:25:00+00:00,69.8550033569336
2026-04-08 14:55:00+00:00,69.83999633789062
2026-04-08 15:00:00+00:00,69.88999938964844
2026-04-08 15:05:00+00:00,69.88999938964844
2026-04-08 15:20:00+00:00,69.88999938964844
2026-04-08 15:35:00+00:00,69.91999816894531
2026-04-08 15:45:00+00:00,69.93000030517578
2026-04-08 16:00:00+00:00,69.91000366210938
2026-04-08 17:00:00+00:00,69.94000244140625
2026-04-08 17:10:00+00:00,69.87999725341797
2026-04-08 17:25:00+00:00,69.79000091552734
2026-04-08 17:40:00+00:00,69.79000091552734
2026-04-08 18:40:00+00:00,69.67500305175781
2026-04-08 19:10:00+00:00,69.6500015258789
2026-04-08 19:35:00+00:00,69.73970031738281
2026-04-08 19:50:00+00:00,69.77999877929688
2026-04-08 19:55:00+00:00,69.81610107421875
2026-04-08 20:00:00+00:00,69.8161
2026-04-08 20:10:00+00:00,69.8161
2026-04-08 20:15:00+00:00,69.85
2026-04-08 20:25:00+00:00,69.85
2026-04-08 20:40:00+00:00,69.85
2026-04-08 20:55:00+00:00,69.85
2026-04-08 21:10:00+00:00,69.85
2026-04-08 21:25:00+00:00,69.85
2026-04-08 21:40:00+00:00,69.85
2026-04-08 21:55:00+00:00,69.85
2026-04-08 22:10:00+00:00,69.85
2026-04-08 22:25:00+00:00,69.85
2026-04-09 08:00:00+00:00,69.61
2026-04-09 08:10:00+00:00,69.61
2026-04-09 08:25:00+00:00,69.61
2026-04-09 08:40:00+00:00,69.61
2026-04-09 08:55:00+00:00,69.61
2026-04-09 09:10:00+00:00,69.61
2026-04-09 09:25:00+00:00,69.61
2026-04-09 09:40:00+00:00,69.61
2026-04-09 09:55:00+00:00,69.61
2026-04-09 10:00:00+00:00,69.63
2026-04-09 10:10:00+00:00,69.63
2026-04-09 10:25:00+00:00,69.63
2026-04-09 10:40:00+00:00,69.63
2026-04-09 10:55:00+00:00,69.63
2026-04-09 11:10:00+00:00,69.63
2026-04-09 11:25:00+00:00,69.63
2026-04-09 11:40:00+00:00,69.63
2026-04-09 11:55:00+00:00,69.63
2026-04-09 12:10:00+00:00,69.63
2026-04-09 12:25:00+00:00,69.63
2026-04-09 12:40:00+00:00,69.63
2026-04-09 12:55:00+00:00,69.63
2026-04-09 13:00:00+00:00,69.72
2026-04-09 13:10:00+00:00,69.72
2026-04-09 13:55:00+00:00,69.83999633789062
2026-04-09 14:20:00+00:00,69.8499984741211
2026-04-09 14:30:00+00:00,69.87000274658203
2026-04-09 15:30:00+00:00,70.05000305175781
2026-04-09 15:45:00+00:00,70.0999984741211
2026-04-09 16:00:00+00:00,70.16999816894531
2026-04-09 16:05:00+00:00,70.19499969482422
2026-04-09 16:30:00+00:00,70.215087890625
2026-04-09 16:45:00+00:00,70.18000030517578
2026-04-09 17:40:00+00:00,70.23999786376953
2026-04-09 17:45:00+00:00,70.19999694824219
2026-04-09 18:00:00+00:00,70.13999938964844
2026-04-09 18:05:00+00:00,70.1500015258789
2026-04-09 18:10:00+00:00,70.0999984741211
2026-04-09 18:25:00+00:00,70.10990142822266
2026-04-09 18:30:00+00:00,70.05999755859375
2026-04-09 19:15:00+00:00,70.12999725341797
2026-04-09 19:25:00+00:00,70.13500213623047
2026-04-09 19:30:00+00:00,70.18000030517578
2026-04-09 19:45:00+00:00,70.18499755859375
2026-04-09 19:50:00+00:00,70.17489624023438
2026-04-09 20:00:00+00:00,70.1749
2026-04-09 20:10:00+00:00,70.1749
2026-04-09 20:25:00+00:00,70.1749
2026-04-09 20:40:00+00:00,70.17
2026-04-09 20:45:00+00:00,70.15
2026-04-09 20:50:00+00:00,70.18
2026-04-09 20:55:00+00:00,70.18
2026-04-09 21:00:00+00:00,70.17
2026-04-09 21:05:00+00:00,70.17
2026-04-09 21:25:00+00:00,70.17
2026-04-09 21:55:00+00:00,70.17
2026-04-10 09:00:00+00:00,69.9
2026-04-10 09:15:00+00:00,69.9
2026-04-10 09:30:00+00:00,69.9
2026-04-10 09:45:00+00:00,69.9
2026-04-10 10:00:00+00:00,69.9
2026-04-10 10:15:00+00:00,69.9
2026-04-10 10:30:00+00:00,69.9
2026-04-10 10:45:00+00:00,69.9
2026-04-10 11:00:00+00:00,70.0
2026-04-10 11:15:00+00:00,70.0
2026-04-10 11:30:00+00:00,70.0
2026-04-10 11:45:00+00:00,70.0
2026-04-10 12:00:00+00:00,70.0
2026-04-10 13:30:00+00:00,70.13999938964844
2026-04-10 13:50:00+00:00,70.08999633789062
2026-04-10 14:20:00+00:00,70.2300033569336
2026-04-10 14:25:00+00:00,70.2300033569336
2026-04-10 14:40:00+00:00,70.13999938964844
2026-04-10 14:50:00+00:00,70.16570281982422
2026-04-10 15:00:00+00:00,70.12999725341797
2026-04-10 15:50:00+00:00,70.08999633789062
2026-04-10 15:55:00+00:00,70.11000061035156
2026-04-10 16:05:00+00:00,70.05049896240234
2026-04-10 16:10:00+00:00,70.06999969482422
2026-04-10 16:15:00+00:00,70.08989715576172
2026-04-10 16:55:00+00:00,70.01000213623047
2026-04-10 17:20:00+00:00,70.05000305175781
2026-04-10 17:45:00+00:00,70.06999969482422
2026-04-10 17:50:00+00:00,70.08000183105469
2026-04-10 18:20:00+00:00,70.08000183105469
2026-04-10 19:15:00+00:00,70.08999633789062
2026-04-10 19:25:00+00:00,70.10900115966797
2026-04-10 19:55:00+00:00,70.0813980102539
2026-04-10 20:00:00+00:00,70.0814
2026-04-10 20:10:00+00:00,70.0814
2026-04-10 20:15:00+00:00,70.0814
2026-04-10 20:20:00+00:00,70.05
2026-04-10 20:25:00+00:00,70.05
2026-04-10 20:45:00+00:00,70.05
2026-04-10 20:55:00+00:00,69.94
2026-04-10 21:05:00+00:00,69.94
2026-04-10 21:25:00+00:00,69.94
2026-04-13 11:25:00+00:00,69.8
2026-04-13 11:30:00+00:00,69.8
2026-04-13 11:35:00+00:00,69.7
2026-04-13 11:45:00+00:00,69.7
2026-04-13 12:00:00+00:00,69.7
2026-04-13 12:10:00+00:00,69.7
2026-04-13 12:15:00+00:00,69.7
2026-04-13 12:30:00+00:00,69.7
2026-04-13 12:35:00+00:00,69.65
2026-04-13 12:45:00+00:00,69.65
2026-04-13 12:55:00+00:00,69.75
2026-04-13 13:00:00+00:00,69.75
2026-04-13 13:30:00+00:00,69.77999877929688
2026-04-13 13:40:00+00:00,69.81999969482422
2026-04-13 13:45:00+00:00,69.8499984741211
2026-04-13 13:55:00+00:00,69.88999938964844
2026-04-13 14:25:00+00:00,69.9800033569336
2026-04-13 14:30:00+00:00,69.98999786376953
2026-04-13 15:35:00+00:00,69.91500091552734
2026-04-13 15:40:00+00:00,69.94499969482422
2026-04-13 15:45:00+00:00,69.95210266113281
2026-04-13 15:50:00+00:00,69.92440032958984
2026-04-13 16:25:00+00:00,70.01000213623047
2026-04-13 16:50:00+00:00,70.12999725341797
2026-04-13 17:10:00+00:00,70.21260070800781
2026-04-13 18:15:00+00:00,70.25
2026-04-13 18:25:00+00:00,70.20999908447266
2026-04-13 18:50:00+00:00,70.30989837646484
2026-04-13 19:00:00+00:00,70.31999969482422
2026-04-13 19:10:00+00:00,70.29650115966797
2026-04-13 19:30:00+00:00,70.30999755859375
2026-04-13 19:35:00+00:00,70.31169891357422
2026-04-13 19:50:00+00:00,70.30000305175781
2026-04-13 19:55:00+00:00,70.27999877929688
2026-04-13 20:00:00+00:00,70.28
2026-04-13 20:10:00+00:00,70.28
2026-04-13 20:15:00+00:00,70.28
2026-04-13 20:30:00+00:00,70.28
2026-04-13 20:40:00+00:00,70.27
2026-04-13 20:45:00+00:00,70.27
2026-04-13 20:55:00+00:00,70.27
2026-04-13 21:05:00+00:00,70.27
2026-04-13 21:25:00+00:00,70.27
2026-04-13 21:45:00+00:00,70.27
2026-04-13 21:50:00+00:00,70.27
2026-04-13 22:05:00+00:00,70.27
2026-04-14 08:00:00+00:00,70.29
2026-04-14 08:15:00+00:00,70.29
2026-04-14 08:30:00+00:00,70.29
2026-04-14 08:45:00+00:00,70.29
2026-04-14 09:00:00+00:00,70.29
2026-04-14 09:05:00+00:00,70.34
2026-04-14 09:15:00+00:00,70.34
2026-04-14 09:30:00+00:00,70.34
2026-04-14 09:40:00+00:00,70.42
2026-04-14 09:45:00+00:00,70.36
2026-04-14 10:00:00+00:00,70.36
2026-04-14 10:15:00+00:00,70.36
2026-04-14 10:30:00+00:00,70.36
2026-04-14 10:45:00+00:00,70.36
2026-04-14 11:00:00+00:00,70.36
2026-04-14 11:15:00+00:00,70.36
2026-04-14 11:30:00+00:00,70.36
2026-04-14 11:35:00+00:00,70.53
2026-04-14 13:30:00+00:00,70.62999725341797
2026-04-14 14:00:00+00:00,70.72370147705078
2026-04-14 14:05:00+00:00,70.71499633789062
2026-04-14 14:10:00+00:00,70.72000122070312
2026-04-14 14:50:00+00:00,70.75499725341797
2026-04-14 14:55:00+00:00,70.74440002441406
2026-04-14 15:00:00+00:00,70.73999786376953
2026-04-14 15:05:00+00:00,70.68000030517578
2026-04-14 15:20:00+00:00,70.69999694824219
2026-04-14 15:40:00+00:00,70.69999694824219
2026-04-14 15:55:00+00:00,70.63999938964844
2026-04-14 16:00:00+00:00,70.63999938964844
2026-04-14 16:30:00+00:00,70.625
2026-04-14 16:50:00+00:00,70.61499786376953
2026-04-14 18:05:00+00:00,70.65019989013672
2026-04-14 18:10:00+00:00,70.6500015258789
2026-04-14 18:15:00+00:00,70.61499786376953
2026-04-14 19:20:00+00:00,70.60990142822266
2026-04-14 19:30:00+00:00,70.5999984741211
2026-04-14 19:55:00+00:00,70.58999633789062
2026-04-14 20:00:00+00:00,70.57
2026-04-14 20:10:00+00:00,70.57
2026-04-14 20:15:00+00:00,70.57
2026-04-14 20:30:00+00:00,70.57
2026-04-14 20:45:00+00:00,70.57
2026-04-14 20:55:00+00:00,70.6
2026-04-14 21:00:00+00:00,70.6
2026-04-14 21:05:00+00:00,70.6
2026-04-14 21:25:00+00:00,70.6
2026-04-14 21:40:00+00:00,70.6
2026-04-14 22:15:00+00:00,70.6
2026-04-15 08:10:00+00:00,70.75
2026-04-15 08:15:00+00:00,70.75
2026-04-15 08:30:00+00:00,70.75
2026-04-15 08:45:00+00:00,70.75
2026-04-15 09:00:00+00:00,70.75
2026-04-15 09:10:00+00:00,70.62
2026-04-15 09:15:00+00:00,70.62
2026-04-15 09:30:00+00:00,70.62
2026-04-15 09:45:00+00:00,70.62
2026-04-15 10:00:00+00:00,70.62
2026-04-15 10:15:00+00:00,70.62
2026-04-15 10:30:00+00:00,70.62
2026-04-15 10:45:00+00:00,70.69
2026-04-15 10:55:00+00:00,70.64
2026-04-15 11:00:00+00:00,70.64
2026-04-15 11:15:00+00:00,70.64
2026-04-15 11:30:00+00:00,70.64
2026-04-15 11:45:00+00:00,70.64
2026-04-15 12:00:00+00:00,70.64
2026-04-15 12:15:00+00:00,70.64
2026-04-15 12:30:00+00:00,70.64
2026-04-15 12:45:00+00:00,70.64
2026-04-15 13:00:00+00:00,70.64
2026-04-15 13:30:00+00:00,70.81999969482422
2026-04-15 13:35:00+00:00,70.7699966430664
2026-04-15 13:40:00+00:00,70.73999786376953
2026-04-15 14:05:00+00:00,70.80000305175781
2026-04-15 14:10:00+00:00,70.83999633789062
2026-04-15 14:30:00+00:00,70.93000030517578
2026-04-15 14:55:00+00:00,70.87999725341797
2026-04-15 15:30:00+00:00,70.93000030517578
2026-04-15 16:05:00+00:00,70.93000030517578
2026-04-15 16:10:00+00:00,70.95999908447266
2026-04-15 16:20:00+00:00,71.0
2026-04-15 16:25:00+00:00,70.98999786376953
2026-04-15 17:30:00+00:00,70.95010375976562
2026-04-15 17:40:00+00:00,70.95010375976562
2026-04-15 18:55:00+00:00,71.05000305175781
2026-04-15 19:05:00+00:00,71.08999633789062
2026-04-15 19:40:00+00:00,71.04000091552734
2026-04-15 19:45:00+00:00,71.06999969482422
2026-04-15 19:50:00+00:00,71.08000183105469
2026-04-15 19:55:00+00:00,71.06999969482422
2026-04-15 20:00:00+00:00,71.07
2026-04-15 20:10:00+00:00,71.07
2026-04-15 20:15:00+00:00,71.07
2026-04-15 20:30:00+00:00,71.07
2026-04-15 20:45:00+00:00,71.07
2026-04-15 20:55:00+00:00,71.07
2026-04-15 21:05:00+00:00,71.07
2026-04-15 21:25:00+00:00,71.07
2026-04-15 21:50:00+00:00,71.07
2026-04-16 13:30:00+00:00,71.05000305175781
2026-04-16 13:35:00+00:00,71.0822982788086
2026-04-16 13:40:00+00:00,71.08000183105469
2026-04-16 15:10:00+00:00,71.0199966430664
2026-04-16 15:15:00+00:00,71.0199966430664
2026-04-16 15:20:00+00:00,71.0199966430664
2026-04-16 15:25:00+00:00,70.99500274658203
2026-04-16 15:35:00+00:00,71.03289794921875
2026-04-16 16:10:00+00:00,71.04000091552734
2026-04-16 16:15:00+00:00,71.05999755859375
2026-04-16 16:30:00+00:00,71.0
2026-04-16 16:45:00+00:00,70.9000015258789
2026-04-16 17:15:00+00:00,70.84010314941406
2026-04-16 17:20:00+00:00,70.88990020751953
2026-04-16 18:55:00+00:00,70.89199829101562
2026-04-16 19:05:00+00:00,70.91999816894531
2026-04-16 19:15:00+00:00,70.93000030517578
2026-04-16 19:35:00+00:00,70.95099639892578
2026-04-16 19:40:00+00:00,70.92500305175781
2026-04-16 20:00:00+00:00,70.925
2026-04-16 20:05:00+00:00,70.925
2026-04-16 20:10:00+00:00,70.925
2026-04-16 20:20:00+00:00,70.925
2026-04-16 20:30:00+00:00,70.925
2026-04-16 20:45:00+00:00,70.9231
2026-04-16 21:05:00+00:00,70.9231
2026-04-16 21:20:00+00:00,70.9231
2026-04-16 21:35:00+00:00,70.9231
2026-04-16 21:50:00+00:00,70.9231
2026-04-16 22:05:00+00:00,70.9231
2026-04-16 22:20:00+00:00,70.9231
2026-04-17 13:05:00+00:00,71.47
2026-04-17 13:30:00+00:00,71.4198989868164
2026-04-17 13:45:00+00:00,71.41999816894531
2026-04-17 14:05:00+00:00,71.41000366210938
2026-04-17 14:25:00+00:00,71.44010162353516
2026-04-17 14:40:00+00:00,71.39009857177734
2026-04-17 14:45:00+00:00,71.39990234375
2026-04-17 14:50:00+00:00,71.3386001586914
2026-04-17 15:00:00+00:00,71.29000091552734
2026-04-17 15:10:00+00:00,71.27999877929688
2026-04-17 15:45:00+00:00,71.25
2026-04-17 16:20:00+00:00,71.25
2026-04-17 17:05:00+00:00,71.12999725341797
2026-04-17 17:20:00+00:00,71.0999984741211
2026-04-17 17:35:00+00:00,71.12000274658203
2026-04-17 17:40:00+00:00,71.04789733886719
2026-04-17 20:00:00+00:00,71.0479
2026-04-17 20:05:00+00:00,71.0208
2026-04-17 20:10:00+00:00,71.0479
2026-04-17 20:20:00+00:00,71.0479
2026-04-17 20:35:00+00:00,71.0479
2026-04-17 20:50:00+00:00,71.0479
2026-04-17 21:05:00+00:00,71.0479
2026-04-17 21:20:00+00:00,71.0479
2026-04-17 21:35:00+00:00,71.0479
2026-04-17 21:50:00+00:00,71.0479
2026-04-17 22:05:00+00:00,71.0479
2026-04-20 13:30:00+00:00,71.0199966430664
2026-04-20 13:40:00+00:00,70.98390197753906
2026-04-20 14:15:00+00:00,70.9800033569336
2026-04-20 14:40:00+00:00,70.97000122070312
2026-04-20 14:50:00+00:00,70.95500183105469
2026-04-20 14:55:00+00:00,70.94000244140625
2026-04-20 17:40:00+00:00,71.06999969482422
2026-04-20 18:15:00+00:00,71.11000061035156
2026-04-20 19:05:00+00:00,71.11000061035156
2026-04-20 19:55:00+00:00,71.125
2026-04-20 20:00:00+00:00,71.14
2026-04-20 20:10:00+00:00,71.14
2026-04-20 20:25:00+00:00,71.14
2026-04-20 20:40:00+00:00,71.14
2026-04-20 20:50:00+00:00,71.0617
2026-04-20 20:55:00+00:00,71.0617
2026-04-20 21:05:00+00:00,71.0617
2026-04-20 21:25:00+00:00,71.0617
2026-04-20 21:45:00+00:00,71.0617
2026-04-20 22:05:00+00:00,71.0617
2026-04-20 23:30:00+00:00,70.5
2026-04-21 12:50:00+00:00,70.8904
2026-04-21 12:55:00+00:00,70.8904
2026-04-21 13:10:00+00:00,70.8904
2026-04-21 13:45:00+00:00,71.05000305175781
2026-04-21 14:30:00+00:00,71.10009765625
2026-04-21 14:35:00+00:00,71.13999938964844
2026-04-21 14:40:00+00:00,71.16999816894531
2026-04-21 14:45:00+00:00,71.05000305175781
2026-04-21 14:50:00+00:00,71.06500244140625
2026-04-21 15:20:00+00:00,71.04000091552734
2026-04-21 15:35:00+00:00,70.91999816894531
2026-04-21 15:55:00+00:00,70.93499755859375
2026-04-21 16:20:00+00:00,70.91999816894531
2026-04-21 16:50:00+00:00,70.86000061035156
2026-04-21 17:05:00+00:00,70.80000305175781
2026-04-21 17:10:00+00:00,70.70999908447266
2026-04-21 18:40:00+00:00,70.79080200195312
2026-04-21 19:05:00+00:00,70.87000274658203
2026-04-21 19:20:00+00:00,70.94999694824219
2026-04-21 19:45:00+00:00,70.69999694824219
2026-04-21 19:50:00+00:00,70.66999816894531
2026-04-21 19:55:00+00:00,70.68000030517578
2026-04-21 20:00:00+00:00,70.68
2026-04-21 20:05:00+00:00,70.87
2026-04-21 20:10:00+00:00,70.68
2026-04-21 20:25:00+00:00,70.68
2026-04-21 20:40:00+00:00,70.68
2026-04-21 20:55:00+00:00,70.68
2026-04-21 21:05:00+00:00,70.68
2026-04-21 21:25:00+00:00,70.68
2026-04-21 21:40:00+00:00,70.68
2026-04-21 22:00:00+00:00,70.68
2026-04-22 11:55:00+00:00,70.79
2026-04-22 12:10:00+00:00,70.79
2026-04-22 12:25:00+00:00,70.79
2026-04-22 12:40:00+00:00,70.79
2026-04-22 12:55:00+00:00,70.79
2026-04-22 13:10:00+00:00,70.79
2026-04-22 13:30:00+00:00,70.88999938964844
2026-04-22 13:45:00+00:00,70.98500061035156
2026-04-22 14:05:00+00:00,70.9800033569336
2026-04-22 14:10:00+00:00,70.9801025390625
2026-04-22 14:15:00+00:00,71.0
2026-04-22 14:30:00+00:00,70.95999908447266
2026-04-22 15:20:00+00:00,70.94000244140625
2026-04-22 15:30:00+00:00,70.94999694824219
2026-04-22 15:35:00+00:00,70.96499633789062
2026-04-22 15:50:00+00:00,70.93099975585938
2026-04-22 15:55:00+00:00,70.94499969482422
2026-04-22 16:30:00+00:00,70.90499877929688
2026-04-22 16:40:00+00:00,70.91000366210938
2026-04-22 16:45:00+00:00,70.9000015258789
2026-04-22 17:35:00+00:00,70.95500183105469
2026-04-22 17:40:00+00:00,70.95500183105469
2026-04-22 17:45:00+00:00,70.94999694824219
2026-04-22 17:50:00+00:00,70.95178985595703
2026-04-22 17:55:00+00:00,70.96179962158203
2026-04-22 18:00:00+00:00,70.95500183105469
2026-04-22 18:05:00+00:00,70.95549774169922
2026-04-22 18:15:00+00:00,70.94000244140625
2026-04-22 18:30:00+00:00,70.94000244140625
2026-04-22 18:55:00+00:00,70.94999694824219
2026-04-22 19:00:00+00:00,70.91999816894531
2026-04-22 19:30:00+00:00,70.93000030517578
2026-04-22 19:35:00+00:00,70.93499755859375
2026-04-22 19:40:00+00:00,70.93000030517578
2026-04-22 19:45:00+00:00,70.91999816894531
2026-04-22 19:55:00+00:00,70.93000030517578
2026-04-22 20:00:00+00:00,70.94
2026-04-22 20:10:00+00:00,70.94
2026-04-22 20:25:00+00:00,70.94
2026-04-22 20:40:00+00:00,70.94
2026-04-22 20:55:00+00:00,70.94
2026-04-22 21:10:00+00:00,70.94
2026-04-22 21:25:00+00:00,70.94
2026-04-22 21:30:00+00:00,70.94
2026-04-22 21:55:00+00:00,70.94
2026-04-22 23:25:00+00:00,69.6
2026-04-22 23:55:00+00:00,69.6
2026-04-23 08:15:00+00:00,70.84
2026-04-23 08:30:00+00:00,70.84
2026-04-23 08:45:00+00:00,70.84
2026-04-23 09:00:00+00:00,70.84
2026-04-23 09:15:00+00:00,70.84
2026-04-23 09:30:00+00:00,70.84
2026-04-23 09:45:00+00:00,70.84
2026-04-23 10:00:00+00:00,70.84
2026-04-23 10:15:00+00:00,70.84
2026-04-23 10:30:00+00:00,70.84
2026-04-23 10:45:00+00:00,70.84
2026-04-23 11:00:00+00:00,70.84
2026-04-23 11:15:00+00:00,70.84
2026-04-23 11:30:00+00:00,70.84
2026-04-23 13:30:00+00:00,70.80000305175781
2026-04-23 13:40:00+00:00,70.83000183105469
2026-04-23 13:45:00+00:00,70.80000305175781
2026-04-23 13:55:00+00:00,70.83000183105469
2026-04-23 14:05:00+00:00,70.83000183105469
2026-04-23 14:10:00+00:00,70.85590362548828
2026-04-23 14:20:00+00:00,70.9000015258789
2026-04-23 15:05:00+00:00,70.91230010986328
2026-04-23 15:20:00+00:00,70.97940063476562
2026-04-23 15:25:00+00:00,70.9800033569336
2026-04-23 15:30:00+00:00,70.95999908447266
2026-04-23 16:05:00+00:00,70.87999725341797
2026-04-23 16:15:00+00:00,70.87999725341797
2026-04-23 17:10:00+00:00,70.70999908447266
2026-04-23 17:20:00+00:00,70.6449966430664
2026-04-23 17:30:00+00:00,70.69000244140625
2026-04-23 17:50:00+00:00,70.62999725341797
2026-04-23 18:05:00+00:00,70.79000091552734
2026-04-23 18:10:00+00:00,70.80999755859375
2026-04-23 18:20:00+00:00,70.83000183105469
2026-04-23 18:25:00+00:00,70.80000305175781
2026-04-23 18:30:00+00:00,70.83000183105469
2026-04-23 19:10:00+00:00,70.68000030517578
2026-04-23 19:15:00+00:00,70.70716857910156
2026-04-23 19:25:00+00:00,70.69000244140625
2026-04-23 19:30:00+00:00,70.68000030517578
2026-04-23 19:35:00+00:00,70.63999938964844
2026-04-23 19:40:00+00:00,70.63099670410156
2026-04-23 19:45:00+00:00,70.65019989013672
2026-04-23 19:50:00+00:00,70.6449966430664
2026-04-23 19:55:00+00:00,70.69999694824219
2026-04-23 20:00:00+00:00,70.7
2026-04-23 20:10:00+00:00,70.7
2026-04-23 20:15:00+00:00,70.7
2026-04-23 20:30:00+00:00,70.7
2026-04-23 20:45:00+00:00,70.7
2026-04-23 21:00:00+00:00,70.7
2026-04-23 21:15:00+00:00,70.7
2026-04-23 21:30:00+00:00,70.7
2026-04-23 21:45:00+00:00,70.7
2026-04-23 22:00:00+00:00,70.7
2026-04-23 22:15:00+00:00,70.7
2026-04-23 22:55:00+00:00,69.81
2026-04-23 23:00:00+00:00,69.81
2026-04-23 23:15:00+00:00,69.81
2026-04-23 23:30:00+00:00,69.81
2026-04-23 23:45:00+00:00,69.81
2026-04-24 08:00:00+00:00,70.64
2026-04-24 08:15:00+00:00,70.64
2026-04-24 08:30:00+00:00,70.64
2026-04-24 08:45:00+00:00,70.64
2026-04-24 09:00:00+00:00,70.64
2026-04-24 09:15:00+00:00,70.64
2026-04-24 09:30:00+00:00,70.64
2026-04-24 09:45:00+00:00,70.64
2026-04-24 10:00:00+00:00,70.64
2026-04-24 10:15:00+00:00,70.64
2026-04-24 10:30:00+00:00,70.64
2026-04-24 10:45:00+00:00,70.64
2026-04-24 11:00:00+00:00,70.64
2026-04-24 11:15:00+00:00,70.64
2026-04-24 11:30:00+00:00,70.64
2026-04-24 11:45:00+00:00,70.64
2026-04-24 12:00:00+00:00,70.64
2026-04-24 12:15:00+00:00,70.64
2026-04-24 12:30:00+00:00,70.64
2026-04-24 12:45:00+00:00,70.64
2026-04-24 13:00:00+00:00,70.64
2026-04-24 13:30:00+00:00,70.63999938964844
2026-04-24 13:40:00+00:00,70.6500015258789
2026-04-24 13:45:00+00:00,70.69999694824219
2026-04-24 14:10:00+00:00,70.7699966430664
2026-04-24 14:35:00+00:00,70.80999755859375
2026-04-24 14:55:00+00:00,70.74009704589844
2026-04-24 15:00:00+00:00,70.74500274658203
2026-04-24 15:05:00+00:00,70.75
2026-04-24 15:15:00+00:00,70.74939727783203
2026-04-24 15:25:00+00:00,70.76000213623047
2026-04-24 15:40:00+00:00,70.80999755859375
2026-04-24 15:45:00+00:00,70.8499984741211
2026-04-24 18:45:00+00:00,70.85749816894531
2026-04-24 20:00:00+00:00,70.88
2026-04-24 20:10:00+00:00,70.88
2026-04-24 20:15:00+00:00,70.88
2026-04-24 20:30:00+00:00,70.88
2026-04-24 20:45:00+00:00,70.88
2026-04-24 21:00:00+00:00,70.88
2026-04-24 21:15:00+00:00,70.88
2026-04-24 21:30:00+00:00,70.88
2026-04-24 21:45:00+00:00,70.88
2026-04-24 22:00:00+00:00,70.88
2026-04-24 22:15:00+00:00,70.88
2026-04-27 13:10:00+00:00,71.27
2026-04-27 13:30:00+00:00,71.26000213623047
2026-04-27 13:45:00+00:00,71.19000244140625
2026-04-27 14:10:00+00:00,71.2500991821289
2026-04-27 14:20:00+00:00,71.2699966430664
2026-04-27 14:30:00+00:00,71.2699966430664
2026-04-27 14:35:00+00:00,71.30000305175781
2026-04-27 15:50:00+00:00,71.25
2026-04-27 16:05:00+00:00,71.27999877929688
2026-04-27 16:10:00+00:00,71.2699966430664
2026-04-27 16:30:00+00:00,71.25579833984375
2026-04-27 17:05:00+00:00,71.21299743652344
2026-04-27 17:25:00+00:00,71.23650360107422
2026-04-27 17:40:00+00:00,71.26000213623047
2026-04-27 17:45:00+00:00,71.26000213623047
2026-04-27 17:50:00+00:00,71.25
2026-04-27 18:30:00+00:00,71.23999786376953
2026-04-27 19:05:00+00:00,71.19750213623047
2026-04-27 19:25:00+00:00,71.23999786376953
2026-04-27 19:35:00+00:00,71.2300033569336
2026-04-27 19:55:00+00:00,71.18199920654297
2026-04-27 20:00:00+00:00,71.182
2026-04-27 20:10:00+00:00,71.182
2026-04-27 20:25:00+00:00,71.182
2026-04-27 20:40:00+00:00,71.182
2026-04-27 20:55:00+00:00,71.182
2026-04-27 21:05:00+00:00,71.182
2026-04-27 21:25:00+00:00,72.63
2026-04-27 21:45:00+00:00,72.63
2026-04-27 22:05:00+00:00,72.63
2026-04-28 13:35:00+00:00,71.04000091552734
2026-04-28 13:45:00+00:00,71.08000183105469
2026-04-28 14:00:00+00:00,71.0
2026-04-28 14:20:00+00:00,71.06999969482422
2026-04-28 16:35:00+00:00,71.12000274658203
2026-04-28 16:45:00+00:00,71.13999938964844
2026-04-28 19:50:00+00:00,71.15270233154297
2026-04-28 20:00:00+00:00,71.15
2026-04-28 20:10:00+00:00,71.1527
2026-04-28 20:15:00+00:00,71.1527
2026-04-28 20:30:00+00:00,71.1527
2026-04-28 20:45:00+00:00,71.1527
2026-04-28 21:00:00+00:00,71.1527
2026-04-28 21:15:00+00:00,71.1527
2026-04-28 21:30:00+00:00,71.1527
2026-04-28 21:45:00+00:00,71.1527
2026-04-28 22:00:00+00:00,71.1527
2026-04-28 22:15:00+00:00,71.1527
2026-04-29 11:00:00+00:00,71.1527
2026-04-29 11:15:00+00:00,71.1527
2026-04-29 11:30:00+00:00,71.1527
2026-04-29 11:45:00+00:00,71.1527
2026-04-29 11:55:00+00:00,71.0
2026-04-29 12:00:00+00:00,71.0
2026-04-29 12:15:00+00:00,71.0
2026-04-29 12:30:00+00:00,71.0
2026-04-29 12:45:00+00:00,71.0
2026-04-29 13:00:00+00:00,71.0
2026-04-29 13:30:00+00:00,70.81999969482422
2026-04-29 13:40:00+00:00,70.76619720458984
2026-04-29 13:45:00+00:00,70.72000122070312
2026-04-29 13:50:00+00:00,70.62110137939453
2026-04-29 14:05:00+00:00,70.61000061035156
2026-04-29 14:10:00+00:00,70.66999816894531
2026-04-29 15:25:00+00:00,70.70989990234375
2026-04-29 15:50:00+00:00,70.56999969482422
2026-04-29 16:40:00+00:00,70.66500091552734
2026-04-29 17:20:00+00:00,70.63999938964844
2026-04-29 18:35:00+00:00,70.4800033569336
2026-04-29 18:50:00+00:00,70.44000244140625
2026-04-29 19:05:00+00:00,70.44999694824219
2026-04-29 19:10:00+00:00,70.4800033569336
2026-04-29 19:40:00+00:00,70.48999786376953
2026-04-29 19:45:00+00:00,70.52729797363281
2026-04-29 20:00:00+00:00,70.5273
2026-04-29 20:10:00+00:00,70.5273
2026-04-29 20:15:00+00:00,70.5273
2026-04-29 20:20:00+00:00,70.5135
2026-04-29 20:30:00+00:00,70.5135
2026-04-29 20:45:00+00:00,70.5135
2026-04-29 21:00:00+00:00,70.5135
2026-04-29 21:15:00+00:00,70.5135
2026-04-29 21:30:00+00:00,70.5135
2026-04-29 21:45:00+00:00,70.5135
2026-04-29 22:00:00+00:00,70.5135
2026-04-29 22:15:00+00:00,70.5135
2026-04-30 11:00:00+00:00,70.5273
2026-04-30 11:10:00+00:00,70.5273
2026-04-30 11:25:00+00:00,70.5273
2026-04-30 11:40:00+00:00,70.5273
2026-04-30 11:55:00+00:00,70.5273
2026-04-30 12:10:00+00:00,70.5273
2026-04-30 12:25:00+00:00,70.5273
2026-04-30 12:40:00+00:00,70.5273
2026-04-30 12:55:00+00:00,70.5273
2026-04-30 13:10:00+00:00,70.5273
2026-04-30 13:40:00+00:00,70.9529037475586
2026-04-30 14:05:00+00:00,71.05999755859375
2026-04-30 14:55:00+00:00,71.23500061035156
2026-04-30 15:00:00+00:00,71.23500061035156
2026-04-30 15:05:00+00:00,71.2300033569336
2026-04-30 15:30:00+00:00,71.2300033569336
2026-04-30 17:30:00+00:00,71.20999908447266
2026-04-30 17:45:00+00:00,71.19999694824219
2026-04-30 18:10:00+00:00,71.25
2026-04-30 18:15:00+00:00,71.25499725341797
2026-04-30 18:30:00+00:00,71.29000091552734
2026-04-30 19:10:00+00:00,71.38999938964844
2026-04-30 19:40:00+00:00,71.37000274658203
2026-04-30 19:45:00+00:00,71.36000061035156
2026-04-30 19:50:00+00:00,71.34049987792969
2026-04-30 20:00:00+00:00,71.32
2026-04-30 20:10:00+00:00,71.35
2026-04-30 20:25:00+00:00,71.35
2026-04-30 20:40:00+00:00,71.35
2026-04-30 20:55:00+00:00,71.35
2026-04-30 21:05:00+00:00,71.35
2026-04-30 21:55:00+00:00,71.35
2026-05-01 08:25:00+00:00,71.31
2026-05-01 08:40:00+00:00,71.31
2026-05-01 08:55:00+00:00,71.31
2026-05-01 09:10:00+00:00,71.31
2026-05-01 09:25:00+00:00,71.31
2026-05-01 09:40:00+00:00,71.31
2026-05-01 09:55:00+00:00,71.31
2026-05-01 10:10:00+00:00,71.31
2026-05-01 10:25:00+00:00,71.31
2026-05-01 10:40:00+00:00,71.31
2026-05-01 10:55:00+00:00,71.31
2026-05-01 11:10:00+00:00,71.31
2026-05-01 11:25:00+00:00,71.31
2026-05-01 11:40:00+00:00,71.31
2026-05-01 11:55:00+00:00,71.31
2026-05-01 12:10:00+00:00,71.31
2026-05-01 12:25:00+00:00,71.31
2026-05-01 12:40:00+00:00,71.31
2026-05-01 12:55:00+00:00,71.31
2026-05-01 13:10:00+00:00,71.31
2026-05-01 13:45:00+00:00,71.30000305175781
2026-05-01 13:50:00+00:00,71.30999755859375
2026-05-01 14:10:00+00:00,71.5
2026-05-01 14:45:00+00:00,71.45999908447266
2026-05-01 15:35:00+00:00,71.48999786376953
2026-05-01 15:45:00+00:00,71.51000213623047
2026-05-01 16:15:00+00:00,71.47000122070312
2026-05-01 16:20:00+00:00,71.41999816894531
2026-05-01 16:50:00+00:00,71.3998031616211
2026-05-01 17:15:00+00:00,71.41000366210938
2026-05-01 17:30:00+00:00,71.375
2026-05-01 17:35:00+00:00,71.37000274658203
2026-05-01 18:10:00+00:00,71.32740020751953
2026-05-01 18:25:00+00:00,71.33999633789062
2026-05-01 18:55:00+00:00,71.375
2026-05-01 19:10:00+00:00,71.3550033569336
2026-05-01 20:00:00+00:00,71.31
2026-05-01 20:10:00+00:00,71.31
2026-05-01 20:25:00+00:00,71.31
2026-05-01 20:35:00+00:00,71.3
2026-05-01 20:40:00+00:00,71.3
2026-05-01 20:55:00+00:00,71.3
2026-05-04 08:00:00+00:00,71.24
2026-05-04 08:05:00+00:00,71.24
2026-05-04 08:20:00+00:00,71.24
2026-05-04 08:35:00+00:00,71.24
2026-05-04 08:50:00+00:00,71.24
2026-05-04 09:05:00+00:00,71.24
2026-05-04 09:20:00+00:00,71.24
2026-05-04 09:35:00+00:00,71.24
2026-05-04 09:50:00+00:00,71.24
2026-05-04 10:05:00+00:00,71.24
2026-05-04 10:20:00+00:00,71.24
2026-05-04 10:35:00+00:00,71.24
2026-05-04 10:50:00+00:00,71.24
2026-05-04 11:05:00+00:00,71.24
2026-05-04 11:20:00+00:00,71.24
2026-05-04 11:35:00+00:00,71.24
2026-05-04 11:50:00+00:00,71.24
2026-05-04 12:05:00+00:00,71.24
2026-05-04 12:20:00+00:00,71.24
2026-05-04 12:35:00+00:00,71.24
2026-05-04 12:50:00+00:00,71.24
2026-05-04 13:05:00+00:00,71.15
2026-05-04 13:55:00+00:00,71.06999969482422
2026-05-04 14:00:00+00:00,71.12000274658203
2026-05-04 14:20:00+00:00,71.17500305175781
2026-05-04 15:05:00+00:00,71.125
2026-05-04 15:10:00+00:00,71.12999725341797
2026-05-04 16:00:00+00:00,70.94650268554688
2026-05-04 16:05:00+00:00,70.9000015258789
2026-05-04 16:15:00+00:00,70.91999816894531
2026-05-04 17:35:00+00:00,70.94499969482422
2026-05-04 19:30:00+00:00,70.98999786376953
2026-05-04 19:50:00+00:00,71.01000213623047
2026-05-04 19:55:00+00:00,71.0022964477539
2026-05-04 20:00:00+00:00,71.0023
2026-05-04 20:10:00+00:00,71.0023
2026-05-04 20:15:00+00:00,71.0023
2026-05-04 20:20:00+00:00,70.97
2026-05-04 20:35:00+00:00,70.97
2026-05-04 20:50:00+00:00,70.97
2026-05-04 21:05:00+00:00,70.97
2026-05-04 23:25:00+00:00,71.3
2026-05-05 11:35:00+00:00,70.9854
2026-05-05 11:40:00+00:00,71.08
2026-05-05 11:45:00+00:00,71.0414
2026-05-05 11:50:00+00:00,71.0414
2026-05-05 12:05:00+00:00,71.0414
2026-05-05 12:20:00+00:00,71.0414
2026-05-05 12:35:00+00:00,71.0414
2026-05-05 12:50:00+00:00,71.0496
2026-05-05 13:05:00+00:00,71.0496
2026-05-05 13:30:00+00:00,71.08000183105469
2026-05-05 13:40:00+00:00,71.09929656982422
2026-05-05 14:30:00+00:00,71.125
2026-05-05 16:15:00+00:00,71.19000244140625
2026-05-05 18:35:00+00:00,71.18990325927734
2026-05-05 19:05:00+00:00,71.10970306396484
2026-05-05 20:00:00+00:00,71.1097
2026-05-05 20:05:00+00:00,71.1097
2026-05-05 20:10:00+00:00,71.1097
2026-05-05 20:20:00+00:00,71.1097
2026-05-05 20:35:00+00:00,71.1097
2026-05-05 20:50:00+00:00,71.1097
2026-05-05 21:05:00+00:00,71.1097
2026-05-06 08:00:00+00:00,74.2
2026-05-06 08:05:00+00:00,74.2
2026-05-06 08:20:00+00:00,74.2
2026-05-06 08:35:00+00:00,74.2
2026-05-06 08:50:00+00:00,74.2
2026-05-06 09:05:00+00:00,74.2
2026-05-06 09:20:00+00:00,74.2
2026-05-06 09:35:00+00:00,74.2
2026-05-06 09:50:00+00:00,74.2
2026-05-06 10:05:00+00:00,74.2
2026-05-06 10:20:00+00:00,74.2
2026-05-06 10:35:00+00:00,74.2
2026-05-06 10:50:00+00:00,74.2
2026-05-06 11:00:00+00:00,71.91
2026-05-06 11:05:00+00:00,71.91
2026-05-06 11:20:00+00:00,71.91
2026-05-06 11:35:00+00:00,71.91
2026-05-06 11:50:00+00:00,71.91
2026-05-06 12:05:00+00:00,71.91
2026-05-06 12:10:00+00:00,71.75
2026-05-06 12:20:00+00:00,71.75
2026-05-06 12:25:00+00:00,71.7
2026-05-06 12:35:00+00:00,71.7
2026-05-06 12:50:00+00:00,71.7
2026-05-06 13:05:00+00:00,71.7
2026-05-06 13:30:00+00:00,71.63999938964844
2026-05-06 13:50:00+00:00,71.66000366210938
2026-05-06 14:05:00+00:00,71.5999984741211
2026-05-06 15:00:00+00:00,71.70989990234375
2026-05-06 15:05:00+00:00,71.68000030517578
2026-05-06 15:35:00+00:00,71.6449966430664
2026-05-06 16:00:00+00:00,71.62999725341797
2026-05-06 16:45:00+00:00,71.5999984741211
2026-05-06 16:50:00+00:00,71.58000183105469
2026-05-06 17:15:00+00:00,71.61990356445312
2026-05-06 18:20:00+00:00,71.63999938964844
2026-05-06 18:50:00+00:00,71.63500213623047
2026-05-06 18:55:00+00:00,71.66000366210938
2026-05-06 19:10:00+00:00,71.70800018310547
2026-05-06 19:25:00+00:00,71.69989776611328
2026-05-06 19:45:00+00:00,71.65924072265625
2026-05-06 19:50:00+00:00,71.66819763183594
2026-05-06 20:00:00+00:00,71.68
2026-05-06 20:05:00+00:00,71.68
2026-05-06 20:10:00+00:00,71.68
2026-05-06 20:15:00+00:00,71.68
2026-05-06 20:35:00+00:00,71.68
2026-05-06 20:40:00+00:00,71.69
2026-05-06 20:50:00+00:00,71.69
2026-05-06 21:05:00+00:00,71.69
2026-05-07 08:00:00+00:00,71.8922
2026-05-07 08:10:00+00:00,71.8922
2026-05-07 08:25:00+00:00,71.8922
2026-05-07 08:40:00+00:00,71.8922
2026-05-07 08:55:00+00:00,71.8922
2026-05-07 09:10:00+00:00,71.8922
2026-05-07 09:25:00+00:00,71.8922
2026-05-07 09:40:00+00:00,71.8922
2026-05-07 09:55:00+00:00,71.8922
2026-05-07 10:10:00+00:00,71.8922
2026-05-07 10:25:00+00:00,71.8922
2026-05-07 10:40:00+00:00,71.8922
2026-05-07 10:55:00+00:00,71.8
2026-05-07 11:10:00+00:00,71.88
2026-05-07 11:25:00+00:00,71.88
2026-05-07 11:40:00+00:00,71.88
2026-05-07 11:55:00+00:00,71.88
2026-05-07 12:10:00+00:00,71.88
2026-05-07 12:25:00+00:00,71.88
2026-05-07 12:40:00+00:00,71.88
2026-05-07 12:55:00+00:00,71.88
2026-05-07 13:10:00+00:00,71.88
2026-05-07 13:30:00+00:00,71.83000183105469
2026-05-07 13:35:00+00:00,71.79499816894531
2026-05-07 13:45:00+00:00,71.76000213623047
2026-05-07 13:55:00+00:00,71.78500366210938
2026-05-07 14:00:00+00:00,71.75499725341797
2026-05-07 15:25:00+00:00,71.73500061035156
2026-05-07 15:30:00+00:00,71.7699966430664
2026-05-07 15:35:00+00:00,71.76000213623047
2026-05-07 15:45:00+00:00,71.7300033569336
2026-05-07 16:00:00+00:00,71.69999694824219
2026-05-07 16:05:00+00:00,71.68000030517578
2026-05-07 19:05:00+00:00,71.62000274658203
2026-05-07 19:10:00+00:00,71.5999984741211
2026-05-07 19:40:00+00:00,71.49109649658203
2026-05-07 20:00:00+00:00,71.4911
2026-05-07 20:10:00+00:00,71.4911
2026-05-07 20:20:00+00:00,71.4911
2026-05-07 20:40:00+00:00,71.4911
2026-05-07 20:55:00+00:00,71.39
2026-05-07 21:05:00+00:00,71.39
2026-05-07 22:50:00+00:00,71.08
2026-05-07 23:55:00+00:00,71.08
2026-05-08 13:30:00+00:00,71.75
2026-05-08 13:35:00+00:00,71.74500274658203
2026-05-08 13:50:00+00:00,71.7300033569336
2026-05-08 14:25:00+00:00,71.7300033569336
2026-05-08 15:45:00+00:00,71.7300033569336
2026-05-08 15:55:00+00:00,71.7300033569336
2026-05-08 17:05:00+00:00,71.70500183105469
2026-05-08 18:00:00+00:00,71.76000213623047
2026-05-08 19:20:00+00:00,71.7300033569336
2026-05-08 19:25:00+00:00,71.72000122070312
2026-05-08 19:50:00+00:00,71.747802734375
2026-05-08 20:00:00+00:00,71.7478
2026-05-08 20:10:00+00:00,71.7478
2026-05-08 20:25:00+00:00,71.7478
2026-05-08 20:40:00+00:00,71.7478
2026-05-08 20:55:00+00:00,71.7478
2026-05-08 21:10:00+00:00,71.76
2026-05-08 22:25:00+00:00,71.76
2026-05-08 22:30:00+00:00,71.77
2026-05-08 22:40:00+00:00,71.77
2026-05-08 23:30:00+00:00,71.77
2026-05-08 23:55:00+00:00,71.77
2026-05-11 10:50:00+00:00,71.78
2026-05-11 10:55:00+00:00,71.74
2026-05-11 11:05:00+00:00,71.74
2026-05-11 11:20:00+00:00,71.74
2026-05-11 11:35:00+00:00,71.74
2026-05-11 11:50:00+00:00,71.74
2026-05-11 11:55:00+00:00,71.72
2026-05-11 12:05:00+00:00,71.72
2026-05-11 12:20:00+00:00,71.72
2026-05-11 12:35:00+00:00,71.72
2026-05-11 12:45:00+00:00,71.7
2026-05-11 12:50:00+00:00,71.7
2026-05-11 13:00:00+00:00,71.74
2026-05-11 13:05:00+00:00,71.74
2026-05-11 13:55:00+00:00,71.8499984741211
2026-05-11 14:00:00+00:00,71.82499694824219
2026-05-11 14:05:00+00:00,71.76020050048828
2026-05-11 14:30:00+00:00,71.83999633789062
2026-05-11 15:00:00+00:00,71.87000274658203
2026-05-11 15:10:00+00:00,71.83999633789062
2026-05-11 15:30:00+00:00,71.87000274658203
2026-05-11 15:40:00+00:00,71.87000274658203
2026-05-11 15:55:00+00:00,71.875
2026-05-11 16:35:00+00:00,71.8594970703125
2026-05-11 16:40:00+00:00,71.83000183105469
2026-05-11 18:20:00+00:00,71.82499694824219
2026-05-11 19:55:00+00:00,71.76000213623047
2026-05-11 20:00:00+00:00,71.76
2026-05-11 20:05:00+00:00,71.76
2026-05-11 20:10:00+00:00,71.76
2026-05-11 20:20:00+00:00,71.76
2026-05-11 20:35:00+00:00,71.76
2026-05-11 20:50:00+00:00,71.76
2026-05-11 21:05:00+00:00,71.76
2026-05-11 21:20:00+00:00,71.67
2026-05-12 08:00:00+00:00,71.76
2026-05-12 08:05:00+00:00,71.76
2026-05-12 08:20:00+00:00,71.76
2026-05-12 08:35:00+00:00,71.76
2026-05-12 08:50:00+00:00,71.76
2026-05-12 09:05:00+00:00,71.76
2026-05-12 09:20:00+00:00,71.76
2026-05-12 09:35:00+00:00,71.76
2026-05-12 09:50:00+00:00,71.76
2026-05-12 10:05:00+00:00,71.76
2026-05-12 10:20:00+00:00,71.76
2026-05-12 10:35:00+00:00,71.76
2026-05-12 10:50:00+00:00,71.76
2026-05-12 11:05:00+00:00,71.76
2026-05-12 11:20:00+00:00,71.76
2026-05-12 11:35:00+00:00,71.76
2026-05-12 11:50:00+00:00,71.76
2026-05-12 12:05:00+00:00,71.76
2026-05-12 12:20:00+00:00,71.76
2026-05-12 12:35:00+00:00,71.76
2026-05-12 12:50:00+00:00,71.76
2026-05-12 13:05:00+00:00,71.76
2026-05-12 13:30:00+00:00,71.58000183105469
2026-05-12 14:10:00+00:00,71.58000183105469
2026-05-12 14:15:00+00:00,71.5999984741211
2026-05-12 14:35:00+00:00,71.54000091552734
2026-05-12 15:10:00+00:00,71.54000091552734
2026-05-12 16:45:00+00:00,71.44499969482422
2026-05-12 18:25:00+00:00,71.61000061035156
2026-05-12 19:30:00+00:00,71.66000366210938
2026-05-12 19:45:00+00:00,71.67610168457031
2026-05-12 20:00:00+00:00,71.73
2026-05-12 20:05:00+00:00,71.73
2026-05-12 20:10:00+00:00,71.73
2026-05-12 20:20:00+00:00,71.73
2026-05-12 20:35:00+00:00,71.73
2026-05-12 20:50:00+00:00,71.73
2026-05-12 21:00:00+00:00,71.8
2026-05-12 21:05:00+00:00,71.8
2026-05-13 13:30:00+00:00,71.76000213623047
2026-05-13 14:20:00+00:00,71.81999969482422
2026-05-13 14:25:00+00:00,71.8301010131836
2026-05-13 14:55:00+00:00,71.87000274658203
2026-05-13 15:00:00+00:00,71.87999725341797
2026-05-13 15:10:00+00:00,71.90989685058594
2026-05-13 15:25:00+00:00,71.93720245361328
2026-05-13 15:35:00+00:00,72.0
2026-05-13 15:40:00+00:00,72.01000213623047
2026-05-13 15:55:00+00:00,71.93499755859375
2026-05-13 16:10:00+00:00,71.94999694824219
2026-05-13 16:20:00+00:00,71.97000122070312
2026-05-13 16:50:00+00:00,71.92050170898438
2026-05-13 18:35:00+00:00,71.87000274658203
2026-05-13 18:45:00+00:00,71.87999725341797
2026-05-13 19:15:00+00:00,71.88500213623047
2026-05-13 19:25:00+00:00,71.87000274658203
2026-05-13 20:00:00+00:00,71.82
2026-05-13 20:10:00+00:00,71.82
2026-05-13 20:25:00+00:00,71.82
2026-05-13 20:30:00+00:00,71.91
2026-05-13 20:35:00+00:00,71.91
2026-05-13 20:55:00+00:00,71.91
2026-05-13 21:05:00+00:00,71.91
2026-05-13 22:05:00+00:00,71.91
2026-05-14 13:00:00+00:00,71.64
2026-05-14 13:10:00+00:00,71.64
2026-05-14 13:30:00+00:00,71.62000274658203
2026-05-14 13:40:00+00:00,71.54000091552734
2026-05-14 13:50:00+00:00,71.56500244140625
2026-05-14 13:55:00+00:00,71.5
2026-05-14 14:10:00+00:00,71.56999969482422
2026-05-14 14:20:00+00:00,71.62999725341797
2026-05-14 14:30:00+00:00,71.58999633789062
2026-05-14 14:50:00+00:00,71.56999969482422
2026-05-14 14:55:00+00:00,71.6083984375
2026-05-14 15:00:00+00:00,71.56500244140625
2026-05-14 15:20:00+00:00,71.5593032836914
2026-05-14 15:30:00+00:00,71.55000305175781
2026-05-14 17:25:00+00:00,71.52999877929688
2026-05-14 17:50:00+00:00,71.55010223388672
2026-05-14 18:10:00+00:00,71.53079986572266
2026-05-14 19:10:00+00:00,71.55000305175781
2026-05-14 19:30:00+00:00,71.52999877929688
2026-05-14 20:00:00+00:00,71.49
2026-05-14 20:10:00+00:00,71.49
2026-05-14 20:25:00+00:00,71.49
2026-05-14 20:40:00+00:00,71.49
2026-05-14 20:50:00+00:00,71.48
2026-05-14 20:55:00+00:00,71.48
2026-05-14 21:05:00+00:00,71.48
2026-05-14 21:20:00+00:00,70.21
2026-05-14 23:35:00+00:00,71.53
2026-05-14 23:55:00+00:00,71.53
2026-05-15 08:05:00+00:00,71.01
2026-05-15 08:10:00+00:00,71.01
2026-05-15 08:25:00+00:00,71.01
2026-05-15 08:40:00+00:00,71.01
2026-05-15 08:55:00+00:00,71.01
2026-05-15 09:10:00+00:00,71.01
2026-05-15 09:25:00+00:00,71.01
2026-05-15 09:40:00+00:00,71.01
2026-05-15 09:55:00+00:00,71.01
2026-05-15 10:10:00+00:00,71.01
2026-05-15 10:25:00+00:00,71.01
2026-05-15 10:40:00+00:00,71.01
2026-05-15 10:45:00+00:00,71.01
2026-05-15 10:55:00+00:00,71.01
2026-05-15 11:10:00+00:00,71.01
2026-05-15 11:25:00+00:00,71.01
2026-05-15 11:40:00+00:00,71.01
2026-05-15 11:55:00+00:00,71.01
2026-05-15 12:10:00+00:00,71.01
2026-05-15 12:20:00+00:00,70.89
2026-05-15 12:25:00+00:00,70.89
2026-05-15 12:40:00+00:00,70.89
2026-05-15 12:55:00+00:00,70.89
2026-05-15 13:10:00+00:00,70.89
2026-05-15 13:35:00+00:00,70.80000305175781
2026-05-15 13:40:00+00:00,70.78500366210938
2026-05-15 14:05:00+00:00,70.79000091552734
2026-05-15 14:25:00+00:00,70.91000366210938
2026-05-15 14:30:00+00:00,70.9000015258789
2026-05-15 15:55:00+00:00,70.79100036621094
2026-05-15 16:05:00+00:00,70.79499816894531
2026-05-15 17:05:00+00:00,70.91000366210938
2026-05-15 18:10:00+00:00,70.9030990600586
2026-05-15 19:10:00+00:00,70.80999755859375
2026-05-15 19:20:00+00:00,70.81999969482422
2026-05-15 19:30:00+00:00,70.84989929199219
2026-05-15 19:35:00+00:00,70.81999969482422
2026-05-15 19:45:00+00:00,70.8010025024414
2026-05-15 19:50:00+00:00,70.80500030517578
2026-05-15 19:55:00+00:00,70.80000305175781
2026-05-15 20:00:00+00:00,70.79
2026-05-15 20:10:00+00:00,70.79
2026-05-15 20:25:00+00:00,70.79
2026-05-15 20:40:00+00:00,70.79
2026-05-15 20:55:00+00:00,70.79
2026-05-15 21:05:00+00:00,70.79
2026-05-15 23:50:00+00:00,71.0
2026-05-15 23:55:00+00:00,71.0
2026-05-18 08:05:00+00:00,70.79
2026-05-18 08:10:00+00:00,70.8
2026-05-18 08:20:00+00:00,70.8
2026-05-18 08:35:00+00:00,70.8
2026-05-18 08:50:00+00:00,70.8
2026-05-18 09:05:00+00:00,70.8
2026-05-18 09:20:00+00:00,70.8
2026-05-18 09:35:00+00:00,70.8
2026-05-18 09:50:00+00:00,70.8
2026-05-18 10:05:00+00:00,70.8
2026-05-18 10:20:00+00:00,70.8
2026-05-18 10:35:00+00:00,70.8
2026-05-18 10:50:00+00:00,70.8
2026-05-18 11:05:00+00:00,70.8
2026-05-18 11:20:00+00:00,70.8
2026-05-18 11:30:00+00:00,70.8
2026-05-18 11:35:00+00:00,70.8
2026-05-18 11:50:00+00:00,70.8
2026-05-18 12:05:00+00:00,70.8
2026-05-18 12:20:00+00:00,70.8
2026-05-18 12:35:00+00:00,70.8
2026-05-18 12:50:00+00:00,70.8
2026-05-18 13:05:00+00:00,70.8
2026-05-18 13:30:00+00:00,71.05000305175781
2026-05-18 13:40:00+00:00,71.0199966430664
2026-05-18 14:05:00+00:00,70.9800033569336
2026-05-18 14:40:00+00:00,70.88999938964844
2026-05-18 15:00:00+00:00,70.83999633789062
2026-05-18 15:15:00+00:00,70.8499984741211
2026-05-18 15:25:00+00:00,70.83100128173828
2026-05-18 15:40:00+00:00,70.86000061035156
2026-05-18 19:00:00+00:00,70.95999908447266
2026-05-18 19:10:00+00:00,70.95500183105469
2026-05-18 19:35:00+00:00,70.95999908447266
2026-05-18 19:45:00+00:00,71.0009994506836
2026-05-18 19:50:00+00:00,71.02639770507812
2026-05-18 20:00:00+00:00,71.0264
2026-05-18 20:05:00+00:00,71.0264
2026-05-18 20:10:00+00:00,71.0264
2026-05-18 20:20:00+00:00,71.0264
2026-05-18 20:35:00+00:00,71.0264
2026-05-18 20:50:00+00:00,71.0264
2026-05-18 21:05:00+00:00,71.0264
2026-05-19 09:00:00+00:00,70.51
2026-05-19 09:05:00+00:00,70.43
2026-05-19 09:20:00+00:00,70.43
2026-05-19 09:35:00+00:00,70.43
2026-05-19 09:50:00+00:00,70.43
2026-05-19 10:05:00+00:00,70.43
2026-05-19 10:20:00+00:00,70.43
2026-05-19 10:35:00+00:00,70.43
2026-05-19 10:50:00+00:00,70.43
2026-05-19 11:05:00+00:00,70.43
2026-05-19 11:20:00+00:00,70.56
2026-05-19 11:35:00+00:00,70.56
2026-05-19 11:50:00+00:00,70.56
2026-05-19 12:05:00+00:00,70.56
2026-05-19 12:20:00+00:00,70.56
2026-05-19 12:35:00+00:00,70.56
2026-05-19 12:40:00+00:00,70.53
2026-05-19 12:50:00+00:00,70.53
2026-05-19 13:05:00+00:00,70.431
2026-05-19 13:30:00+00:00,70.33999633789062
2026-05-19 13:35:00+00:00,70.36000061035156
2026-05-19 13:50:00+00:00,70.3949966430664
2026-05-19 14:00:00+00:00,70.4000015258789
2026-05-19 14:05:00+00:00,70.39640045166016
2026-05-19 14:10:00+00:00,70.3499984741211
2026-05-19 14:15:00+00:00,70.24099731445312
2026-05-19 14:25:00+00:00,70.19999694824219
2026-05-19 14:35:00+00:00,70.20500183105469
2026-05-19 14:45:00+00:00,70.16000366210938
2026-05-19 15:20:00+00:00,70.19999694824219
2026-05-19 16:00:00+00:00,70.33000183105469
2026-05-19 16:05:00+00:00,70.30999755859375
2026-05-19 16:20:00+00:00,70.31500244140625
2026-05-19 17:15:00+00:00,70.4800033569336
2026-05-19 17:20:00+00:00,70.4800033569336
2026-05-19 17:35:00+00:00,70.44999694824219
2026-05-19 17:55:00+00:00,70.45999908447266
2026-05-19 18:00:00+00:00,70.47000122070312
2026-05-19 18:20:00+00:00,70.44499969482422
2026-05-19 18:40:00+00:00,70.45500183105469
2026-05-19 18:50:00+00:00,70.42500305175781
2026-05-19 18:55:00+00:00,70.3949966430664
2026-05-19 19:50:00+00:00,70.41999816894531
2026-05-19 19:55:00+00:00,70.40299987792969
2026-05-19 20:00:00+00:00,70.403
2026-05-19 20:05:00+00:00,70.403
2026-05-19 20:10:00+00:00,70.403
2026-05-19 20:20:00+00:00,70.403
2026-05-19 20:35:00+00:00,70.403
2026-05-19 20:50:00+00:00,70.33
2026-05-19 21:05:00+00:00,70.33
2026-05-20 12:15:00+00:00,70.56
2026-05-20 12:25:00+00:00,70.56
2026-05-20 12:30:00+00:00,70.63
2026-05-20 12:40:00+00:00,70.63
2026-05-20 12:55:00+00:00,70.63
2026-05-20 13:10:00+00:00,70.63
2026-05-20 13:30:00+00:00,70.56999969482422
2026-05-20 13:40:00+00:00,70.56999969482422
2026-05-20 14:00:00+00:00,70.49009704589844
2026-05-20 14:20:00+00:00,70.76000213623047
2026-05-20 15:00:00+00:00,70.86000061035156
2026-05-20 15:05:00+00:00,70.83000183105469
2026-05-20 15:15:00+00:00,70.86000061035156
2026-05-20 16:00:00+00:00,70.80999755859375
2026-05-20 19:55:00+00:00,70.88999938964844
2026-05-20 20:00:00+00:00,70.9
2026-05-20 20:10:00+00:00,70.9
2026-05-20 20:25:00+00:00,70.9
2026-05-20 20:35:00+00:00,70.9
2026-05-20 20:50:00+00:00,70.9
2026-05-20 21:05:00+00:00,70.9
2026-05-21 13:30:00+00:00,70.54000091552734
2026-05-21 13:35:00+00:00,70.52999877929688
2026-05-21 13:50:00+00:00,70.55999755859375
2026-05-21 14:40:00+00:00,70.5999984741211
2026-05-21 15:15:00+00:00,70.63050079345703
2026-05-21 15:45:00+00:00,70.63809967041016
2026-05-21 16:00:00+00:00,70.69000244140625
2026-05-21 16:35:00+00:00,70.71990203857422
2026-05-21 16:45:00+00:00,70.68150329589844
2026-05-21 18:00:00+00:00,70.94499969482422
2026-05-21 18:10:00+00:00,70.90499877929688
2026-05-21 19:25:00+00:00,70.88130187988281
2026-05-21 20:00:00+00:00,70.8813
2026-05-21 20:10:00+00:00,70.8813
2026-05-21 20:20:00+00:00,70.8813
2026-05-21 20:40:00+00:00,70.8813
2026-05-21 20:55:00+00:00,70.8813
2026-05-21 21:05:00+00:00,70.8813
2026-05-21 23:40:00+00:00,69.62
2026-05-22 08:00:00+00:00,70.8813
2026-05-22 08:10:00+00:00,70.8813
2026-05-22 08:25:00+00:00,70.8813
2026-05-22 08:40:00+00:00,70.8813
2026-05-22 08:55:00+00:00,70.8813
2026-05-22 09:10:00+00:00,70.8813
2026-05-22 09:25:00+00:00,70.8813
2026-05-22 09:40:00+00:00,70.8813
2026-05-22 09:55:00+00:00,70.8813
2026-05-22 10:10:00+00:00,70.8813
2026-05-22 10:25:00+00:00,70.8813
2026-05-22 10:40:00+00:00,70.8813
2026-05-22 10:55:00+00:00,70.8813
2026-05-22 11:00:00+00:00,70.8813
2026-05-22 11:10:00+00:00,70.8813
2026-05-22 11:25:00+00:00,70.8813
2026-05-22 11:40:00+00:00,70.8813
2026-05-22 11:55:00+00:00,70.8813
2026-05-22 12:10:00+00:00,70.8813
2026-05-22 12:25:00+00:00,70.8813
2026-05-22 12:40:00+00:00,70.8813
2026-05-22 12:55:00+00:00,70.8813
2026-05-22 13:10:00+00:00,70.8813
2026-05-22 13:40:00+00:00,70.61000061035156
2026-05-22 13:55:00+00:00,70.62000274658203
2026-05-22 15:20:00+00:00,70.62000274658203
2026-05-22 15:40:00+00:00,70.62039947509766
2026-05-22 18:35:00+00:00,70.73999786376953
2026-05-22 19:05:00+00:00,70.68000030517578
2026-05-22 19:50:00+00:00,70.63999938964844
2026-05-22 19:55:00+00:00,70.63999938964844
2026-05-22 20:00:00+00:00,70.64
2026-05-22 20:10:00+00:00,70.64
2026-05-22 20:25:00+00:00,70.64
2026-05-22 20:40:00+00:00,70.64
2026-05-22 20:55:00+00:00,70.64
2026-05-22 21:05:00+00:00,70.64
2026-05-26 08:00:00+00:00,70.6
2026-05-26 08:25:00+00:00,70.63
2026-05-26 08:35:00+00:00,70.63
2026-05-26 08:50:00+00:00,70.63
2026-05-26 09:05:00+00:00,70.63
2026-05-26 09:20:00+00:00,70.63
2026-05-26 09:35:00+00:00,70.63
2026-05-26 09:50:00+00:00,70.63
2026-05-26 10:05:00+00:00,70.63
2026-05-26 10:20:00+00:00,70.63
2026-05-26 10:35:00+00:00,70.63
2026-05-26 10:50:00+00:00,70.63
2026-05-26 11:05:00+00:00,70.63
2026-05-26 11:20:00+00:00,70.63
2026-05-26 11:35:00+00:00,70.63
2026-05-26 11:50:00+00:00,70.63
2026-05-26 12:05:00+00:00,70.63
2026-05-26 12:20:00+00:00,70.63
2026-05-26 12:35:00+00:00,70.63
2026-05-26 12:50:00+00:00,70.63
2026-05-26 13:05:00+00:00,70.63
2026-05-26 13:30:00+00:00,71.02999877929688
2026-05-26 13:50:00+00:00,71.0
2026-05-26 14:20:00+00:00,71.05000305175781
2026-05-26 16:40:00+00:00,70.95999908447266
2026-05-26 16:55:00+00:00,70.97989654541016
2026-05-26 17:00:00+00:00,70.96499633789062
2026-05-26 18:05:00+00:00,70.97000122070312
2026-05-26 18:35:00+00:00,71.0199966430664
2026-05-26 18:40:00+00:00,71.01000213623047
2026-05-26 19:00:00+00:00,71.0199966430664
2026-05-26 19:30:00+00:00,71.04000091552734
2026-05-26 19:55:00+00:00,71.01000213623047
2026-05-26 20:00:00+00:00,71.01
2026-05-26 20:05:00+00:00,71.01
2026-05-26 20:10:00+00:00,71.01
2026-05-26 20:20:00+00:00,71.01
2026-05-26 20:35:00+00:00,71.01
2026-05-26 20:50:00+00:00,71.01
2026-05-26 21:05:00+00:00,71.01
2026-05-27 08:00:00+00:00,71.01
2026-05-27 08:25:00+00:00,71.01
2026-05-27 08:40:00+00:00,71.01
2026-05-27 08:55:00+00:00,71.01
2026-05-27 09:10:00+00:00,71.01
2026-05-27 09:25:00+00:00,71.01
2026-05-27 09:35:00+00:00,71.01
2026-05-27 09:55:00+00:00,71.01
2026-05-27 10:10:00+00:00,71.01
2026-05-27 10:25:00+00:00,71.01
2026-05-27 10:40:00+00:00,71.01
2026-05-27 10:50:00+00:00,71.01
2026-05-27 11:00:00+00:00,70.74
2026-05-27 11:10:00+00:00,70.74
2026-05-27 11:25:00+00:00,70.74
2026-05-27 11:35:00+00:00,70.65
2026-05-27 11:40:00+00:00,70.65
2026-05-27 11:55:00+00:00,70.65
2026-05-27 12:10:00+00:00,70.65
2026-05-27 12:15:00+00:00,70.6
2026-05-27 12:25:00+00:00,70.8
2026-05-27 12:30:00+00:00,70.8
2026-05-27 12:40:00+00:00,70.8
2026-05-27 12:55:00+00:00,70.8
2026-05-27 13:10:00+00:00,70.8
2026-05-27 13:30:00+00:00,70.6500015258789
2026-05-27 14:05:00+00:00,70.68000030517578
2026-05-27 14:20:00+00:00,70.75
2026-05-27 14:30:00+00:00,70.63999938964844
2026-05-27 15:20:00+00:00,70.72000122070312
2026-05-27 15:30:00+00:00,70.7300033569336
2026-05-27 16:55:00+00:00,70.7300033569336
2026-05-27 18:15:00+00:00,70.69509887695312
2026-05-27 18:25:00+00:00,70.70999908447266
2026-05-27 18:30:00+00:00,70.70279693603516
2026-05-27 18:50:00+00:00,70.7300033569336
2026-05-27 19:35:00+00:00,70.77989959716797
2026-05-27 19:55:00+00:00,70.7699966430664
2026-05-27 20:00:00+00:00,70.77
2026-05-27 20:10:00+00:00,70.77
2026-05-27 20:20:00+00:00,70.77
2026-05-27 20:35:00+00:00,70.77
2026-05-27 20:55:00+00:00,70.77
2026-05-27 21:05:00+00:00,70.77
2026-05-28 13:50:00+00:00,70.66000366210938
2026-05-28 14:00:00+00:00,70.61080169677734
2026-05-28 14:05:00+00:00,70.625
2026-05-28 14:10:00+00:00,70.73999786376953
2026-05-28 14:55:00+00:00,70.81999969482422
2026-05-28 15:05:00+00:00,70.9000015258789
2026-05-28 15:25:00+00:00,70.93499755859375
2026-05-28 16:05:00+00:00,70.94000244140625
2026-05-28 17:35:00+00:00,70.98999786376953
2026-05-28 18:10:00+00:00,71.0
2026-05-28 18:20:00+00:00,70.97429656982422
2026-05-28 20:00:00+00:00,70.9743
2026-05-28 20:10:00+00:00,70.9743
2026-05-28 20:25:00+00:00,70.9743
2026-05-28 20:35:00+00:00,70.9743
2026-05-28 20:55:00+00:00,70.9743
2026-05-28 21:05:00+00:00,70.9743
2026-05-29 13:10:00+00:00,71.2018
2026-05-29 13:30:00+00:00,71.20999908447266
2026-05-29 13:35:00+00:00,71.22000122070312
2026-05-29 13:45:00+00:00,71.2300033569336
2026-05-29 13:55:00+00:00,71.20999908447266
2026-05-29 14:40:00+00:00,71.13500213623047
2026-05-29 14:45:00+00:00,71.16500091552734
2026-05-29 15:05:00+00:00,71.31500244140625
2026-05-29 17:20:00+00:00,71.20999908447266
2026-05-29 17:25:00+00:00,71.20999908447266
2026-05-29 18:05:00+00:00,71.19999694824219
2026-05-29 19:05:00+00:00,71.19999694824219
2026-05-29 19:10:00+00:00,71.19999694824219
2026-05-29 19:35:00+00:00,71.20999908447266
2026-05-29 20:00:00+00:00,71.21
2026-05-29 20:10:00+00:00,71.21
2026-05-29 20:25:00+00:00,71.21
2026-05-29 20:40:00+00:00,71.21
2026-05-29 20:55:00+00:00,71.21
2026-05-29 21:05:00+00:00,71.21
2026-05-29 21:10:00+00:00,71.21
2026-05-29 21:30:00+00:00,71.21
2026-05-29 22:25:00+00:00,70.7
2026-06-01 10:20:00+00:00,71.0
2026-06-01 10:25:00+00:00,71.0
2026-06-01 10:40:00+00:00,71.0
2026-06-01 10:55:00+00:00,71.0
2026-06-01 11:10:00+00:00,71.0
2026-06-01 11:25:00+00:00,71.0
2026-06-01 11:40:00+00:00,71.07
2026-06-01 11:55:00+00:00,71.07
2026-06-01 12:10:00+00:00,71.07
2026-06-01 12:25:00+00:00,71.07
2026-06-01 12:40:00+00:00,71.07
2026-06-01 12:55:00+00:00,71.07
2026-06-01 13:10:00+00:00,71.07
2026-06-01 13:30:00+00:00,70.73500061035156
2026-06-01 13:45:00+00:00,70.72000122070312
2026-06-01 14:20:00+00:00,70.6500015258789
2026-06-01 14:30:00+00:00,70.69999694824219
2026-06-01 14:40:00+00:00,70.70999908447266
2026-06-01 14:50:00+00:00,70.63069915771484
2026-06-01 14:55:00+00:00,70.66999816894531
2026-06-01 15:00:00+00:00,70.70500183105469
2026-06-01 15:05:00+00:00,70.70999908447266
2026-06-01 15:25:00+00:00,70.76499938964844
2026-06-01 15:30:00+00:00,70.80999755859375
2026-06-01 15:40:00+00:00,70.79000091552734
2026-06-01 16:00:00+00:00,70.83000183105469
2026-06-01 17:00:00+00:00,70.87000274658203
2026-06-01 17:25:00+00:00,70.9000015258789
2026-06-01 18:15:00+00:00,70.93000030517578
2026-06-01 18:40:00+00:00,70.91999816894531
2026-06-01 18:55:00+00:00,70.9000015258789
2026-06-01 19:35:00+00:00,70.90499877929688
2026-06-01 19:55:00+00:00,70.88300323486328
2026-06-01 20:00:00+00:00,70.8519
2026-06-01 20:10:00+00:00,70.883
2026-06-01 20:15:00+00:00,70.883
2026-06-01 20:40:00+00:00,70.883
2026-06-01 20:45:00+00:00,70.8456
2026-06-01 20:55:00+00:00,70.8456
2026-06-01 21:05:00+00:00,70.8456
2026-06-02 10:05:00+00:00,71.16
2026-06-02 10:15:00+00:00,71.16
2026-06-02 10:30:00+00:00,71.16
2026-06-02 10:40:00+00:00,71.16
2026-06-02 11:00:00+00:00,71.16
2026-06-02 11:15:00+00:00,71.16
2026-06-02 11:30:00+00:00,71.16
2026-06-02 11:45:00+00:00,71.04
2026-06-02 12:00:00+00:00,71.04
2026-06-02 12:15:00+00:00,71.04
2026-06-02 12:30:00+00:00,71.04
2026-06-02 12:45:00+00:00,71.04
2026-06-02 13:00:00+00:00,71.04
2026-06-02 14:05:00+00:00,71.01499938964844
2026-06-02 14:15:00+00:00,71.0199966430664
2026-06-02 14:30:00+00:00,71.02999877929688
2026-06-02 15:05:00+00:00,71.0999984741211
2026-06-02 15:15:00+00:00,71.0999984741211
2026-06-02 15:45:00+00:00,71.11000061035156
2026-06-02 16:15:00+00:00,71.12999725341797
2026-06-02 16:20:00+00:00,71.10009765625
2026-06-02 16:25:00+00:00,71.0999984741211
2026-06-02 16:50:00+00:00,71.05999755859375
2026-06-02 17:05:00+00:00,71.05999755859375
2026-06-02 17:15:00+00:00,71.04000091552734
2026-06-02 17:55:00+00:00,71.07499694824219
2026-06-02 20:00:00+00:00,71.075
2026-06-02 20:10:00+00:00,71.075
2026-06-02 20:15:00+00:00,71.075
2026-06-02 20:25:00+00:00,71.075
2026-06-02 20:45:00+00:00,71.075
2026-06-02 20:55:00+00:00,71.075
2026-06-02 21:05:00+00:00,71.075
2026-06-02 21:30:00+00:00,71.075
2026-06-03 11:00:00+00:00,71.075
2026-06-03 11:15:00+00:00,71.075
2026-06-03 11:30:00+00:00,71.075
2026-06-03 11:45:00+00:00,71.075
2026-06-03 12:00:00+00:00,71.075
2026-06-03 12:15:00+00:00,71.075
2026-06-03 12:30:00+00:00,71.075
2026-06-03 12:45:00+00:00,71.075
2026-06-03 13:00:00+00:00,71.075
2026-06-03 13:05:00+00:00,70.77
2026-06-03 13:30:00+00:00,70.75
2026-06-03 13:55:00+00:00,70.66999816894531
2026-06-03 14:10:00+00:00,70.75
2026-06-03 14:20:00+00:00,70.70999908447266
2026-06-03 14:40:00+00:00,70.70999908447266
2026-06-03 15:35:00+00:00,70.68000030517578
2026-06-03 19:40:00+00:00,70.57050323486328
2026-06-03 20:00:00+00:00,70.5705
2026-06-03 20:10:00+00:00,70.57
2026-06-03 20:15:00+00:00,70.57
2026-06-03 20:30:00+00:00,70.57
2026-06-03 20:45:00+00:00,70.57
2026-06-03 21:00:00+00:00,70.57
2026-06-03 21:05:00+00:00,70.57
2026-06-04 11:00:00+00:00,70.63
2026-06-04 11:15:00+00:00,70.63
2026-06-04 11:30:00+00:00,70.63
2026-06-04 11:45:00+00:00,70.63
2026-06-04 12:00:00+00:00,70.63
2026-06-04 12:15:00+00:00,70.63
2026-06-04 12:30:00+00:00,70.63
2026-06-04 12:45:00+00:00,70.63
2026-06-04 13:00:00+00:00,70.63
2026-06-04 13:30:00+00:00,70.72000122070312
2026-06-04 15:05:00+00:00,70.66999816894531
2026-06-04 15:40:00+00:00,70.68499755859375
2026-06-04 16:25:00+00:00,70.70999908447266
2026-06-04 16:30:00+00:00,70.69999694824219
2026-06-04 17:25:00+00:00,70.68990325927734
2026-06-04 18:00:00+00:00,70.68000030517578
2026-06-04 18:50:00+00:00,70.66500091552734
2026-06-04 19:05:00+00:00,70.62010192871094
2026-06-04 19:50:00+00:00,70.62999725341797
2026-06-04 20:00:00+00:00,70.63
2026-06-04 20:10:00+00:00,70.63
2026-06-04 20:15:00+00:00,70.63
2026-06-04 20:30:00+00:00,70.63
2026-06-04 20:45:00+00:00,70.63
2026-06-04 20:55:00+00:00,70.63
2026-06-04 21:05:00+00:00,70.63
2026-06-04 23:30:00+00:00,69.48
2026-06-05 12:55:00+00:00,70.3
2026-06-05 13:00:00+00:00,70.29
2026-06-05 13:05:00+00:00,70.29
2026-06-05 13:30:00+00:00,70.30000305175781
2026-06-05 13:35:00+00:00,70.19499969482422
2026-06-05 13:40:00+00:00,70.17500305175781
2026-06-05 13:45:00+00:00,70.18009948730469
2026-06-05 14:15:00+00:00,70.02999877929688
2026-06-05 14:25:00+00:00,69.94000244140625
2026-06-05 15:10:00+00:00,70.00959777832031
2026-06-05 15:45:00+00:00,69.9000015258789
2026-06-05 15:55:00+00:00,69.875
2026-06-05 16:10:00+00:00,69.81999969482422
2026-06-05 16:15:00+00:00,69.80999755859375
2026-06-05 16:50:00+00:00,69.80999755859375
2026-06-05 17:20:00+00:00,69.8499984741211
2026-06-05 18:20:00+00:00,69.77999877929688
2026-06-05 18:55:00+00:00,69.76000213623047
2026-06-05 19:05:00+00:00,69.7291030883789
2026-06-05 19:20:00+00:00,69.74500274658203
2026-06-05 20:00:00+00:00,69.745
2026-06-05 20:05:00+00:00,69.745
2026-06-05 20:10:00+00:00,69.745
2026-06-05 20:20:00+00:00,69.745
2026-06-05 20:35:00+00:00,69.745
2026-06-05 20:50:00+00:00,69.745
2026-06-05 21:05:00+00:00,69.745
2026-06-05 21:15:00+00:00,69.745
2026-06-08 12:20:00+00:00,70.0781
2026-06-08 12:25:00+00:00,70.0781
2026-06-08 12:40:00+00:00,69.95
2026-06-08 12:50:00+00:00,69.99
2026-06-08 12:55:00+00:00,69.99
2026-06-08 13:10:00+00:00,69.99
2026-06-08 13:30:00+00:00,69.98999786376953
2026-06-08 13:35:00+00:00,69.94000244140625
2026-06-08 14:15:00+00:00,69.79000091552734
2026-06-08 14:35:00+00:00,69.84500122070312
2026-06-08 14:45:00+00:00,69.84500122070312
2026-06-08 15:00:00+00:00,69.88999938964844
2026-06-08 15:20:00+00:00,69.90499877929688
2026-06-08 15:25:00+00:00,69.84110260009766
2026-06-08 17:00:00+00:00,69.80000305175781
2026-06-08 17:05:00+00:00,69.79000091552734
2026-06-08 17:10:00+00:00,69.7771987915039
2026-06-08 17:35:00+00:00,69.80989837646484
2026-06-08 18:05:00+00:00,69.81999969482422
2026-06-08 19:10:00+00:00,69.7300033569336
2026-06-08 19:55:00+00:00,69.76000213623047
2026-06-08 20:00:00+00:00,69.77
2026-06-08 20:10:00+00:00,69.77
2026-06-08 20:25:00+00:00,69.77
2026-06-08 20:35:00+00:00,69.77
2026-06-08 20:55:00+00:00,69.77
2026-06-08 21:05:00+00:00,69.77
2026-06-08 23:10:00+00:00,71.19
2026-06-08 23:55:00+00:00,71.19
2026-06-09 12:45:00+00:00,69.866
2026-06-09 13:00:00+00:00,69.866
2026-06-09 14:25:00+00:00,69.78500366210938
2026-06-09 14:30:00+00:00,69.7300033569336
2026-06-09 14:40:00+00:00,69.71620178222656
2026-06-09 14:50:00+00:00,69.64990234375
2026-06-09 15:25:00+00:00,69.65010070800781
2026-06-09 15:35:00+00:00,69.57499694824219
2026-06-09 16:10:00+00:00,69.54499816894531
2026-06-09 16:25:00+00:00,69.5
2026-06-09 16:30:00+00:00,69.49600219726562
2026-06-09 16:35:00+00:00,69.4800033569336
2026-06-09 16:45:00+00:00,69.43000030517578
2026-06-09 17:15:00+00:00,69.5199966430664
2026-06-09 17:40:00+00:00,69.6010971069336
2026-06-09 17:55:00+00:00,69.59490203857422
2026-06-09 19:00:00+00:00,69.60099792480469
2026-06-09 19:15:00+00:00,69.5947036743164
2026-06-09 20:00:00+00:00,69.5947
2026-06-09 20:10:00+00:00,69.5947
2026-06-09 20:15:00+00:00,69.5947
2026-06-09 20:30:00+00:00,69.5947
2026-06-09 20:45:00+00:00,69.5947
2026-06-09 20:55:00+00:00,69.5947
2026-06-09 21:05:00+00:00,69.5947
2026-06-10 13:35:00+00:00,69.5999984741211
2026-06-10 14:10:00+00:00,69.62999725341797
2026-06-10 14:50:00+00:00,69.54000091552734
2026-06-10 15:45:00+00:00,69.51000213623047
2026-06-10 15:50:00+00:00,69.5
2026-06-10 16:10:00+00:00,69.50499725341797
2026-06-10 17:00:00+00:00,69.5
2026-06-10 17:50:00+00:00,69.45999908447266
2026-06-10 18:00:00+00:00,69.5
2026-06-10 19:10:00+00:00,69.37000274658203
2026-06-10 19:15:00+00:00,69.3499984741211
2026-06-10 19:50:00+00:00,69.31999969482422
2026-06-10 20:00:00+00:00,69.32
2026-06-10 20:10:00+00:00,69.32
2026-06-10 20:15:00+00:00,69.32
2026-06-10 20:30:00+00:00,69.32
2026-06-10 20:45:00+00:00,69.32
2026-06-10 20:55:00+00:00,69.32
2026-06-10 21:05:00+00:00,69.32
2026-06-11 12:00:00+00:00,69.31
2026-06-11 12:15:00+00:00,69.31
2026-06-11 12:20:00+00:00,69.21
2026-06-11 12:30:00+00:00,69.21
2026-06-11 12:45:00+00:00,69.21
2026-06-11 13:00:00+00:00,69.21
2026-06-11 13:30:00+00:00,69.18000030517578
2026-06-11 14:00:00+00:00,69.19000244140625
2026-06-11 14:10:00+00:00,69.13999938964844
2026-06-11 14:35:00+00:00,69.19000244140625
2026-06-11 14:55:00+00:00,69.1500015258789
2026-06-11 15:00:00+00:00,69.18000030517578
2026-06-11 15:10:00+00:00,69.25499725341797
2026-06-11 16:05:00+00:00,69.26000213623047
2026-06-11 17:05:00+00:00,69.19999694824219
2026-06-11 17:15:00+00:00,69.16000366210938
2026-06-11 17:20:00+00:00,69.16999816894531
2026-06-11 17:25:00+00:00,69.33000183105469
2026-06-11 18:00:00+00:00,69.52999877929688
2026-06-11 18:30:00+00:00,69.56999969482422
2026-06-11 18:55:00+00:00,69.6698989868164
2026-06-11 19:00:00+00:00,69.66999816894531
2026-06-11 19:25:00+00:00,69.810302734375
2026-06-11 20:00:00+00:00,69.79
2026-06-11 20:10:00+00:00,69.8103
2026-06-11 20:15:00+00:00,69.8103
2026-06-11 20:30:00+00:00,69.8103
2026-06-11 20:45:00+00:00,69.8103
2026-06-11 20:55:00+00:00,69.8103
2026-06-11 21:05:00+00:00,69.8103
2026-06-11 21:20:00+00:00,69.8103
2026-06-12 13:00:00+00:00,69.6002
2026-06-12 13:05:00+00:00,69.6002
2026-06-12 13:30:00+00:00,69.77999877929688
2026-06-12 13:40:00+00:00,69.7300033569336
2026-06-12 14:20:00+00:00,69.70999908447266
2026-06-12 15:35:00+00:00,69.87999725341797
2026-06-12 16:10:00+00:00,69.79759979248047
2026-06-12 20:00:00+00:00,69.7976
2026-06-12 20:05:00+00:00,69.7976
2026-06-12 20:10:00+00:00,69.7976
2026-06-12 20:15:00+00:00,69.7976
2026-06-12 20:35:00+00:00,69.7976
2026-06-12 20:50:00+00:00,69.7976
2026-06-12 21:05:00+00:00,69.7976
2026-06-12 21:15:00+00:00,69.7976
2026-06-12 22:05:00+00:00,69.7976
2026-06-15 13:30:00+00:00,70.08999633789062
2026-06-15 14:45:00+00:00,70.05999755859375
2026-06-15 16:10:00+00:00,70.12999725341797
2026-06-15 16:15:00+00:00,70.1500015258789
2026-06-15 16:20:00+00:00,70.1500015258789
2026-06-15 17:40:00+00:00,70.08999633789062
2026-06-15 18:25:00+00:00,70.08000183105469
2026-06-15 20:00:00+00:00,70.01
2026-06-15 20:10:00+00:00,70.01
2026-06-15 20:15:00+00:00,70.01
2026-06-15 20:25:00+00:00,70.01
2026-06-15 20:40:00+00:00,70.01
2026-06-15 21:00:00+00:00,70.01
2026-06-15 21:05:00+00:00,70.01
2026-06-16 11:40:00+00:00,70.01
2026-06-16 11:45:00+00:00,70.01
2026-06-16 12:00:00+00:00,70.01
2026-06-16 12:15:00+00:00,70.01
2026-06-16 12:30:00+00:00,70.01
2026-06-16 12:45:00+00:00,70.01
2026-06-16 13:00:00+00:00,70.01
2026-06-16 13:30:00+00:00,69.98999786376953
2026-06-16 14:45:00+00:00,70.04499816894531
2026-06-16 14:50:00+00:00,70.05999755859375
2026-06-16 15:15:00+00:00,70.04109954833984
2026-06-16 15:25:00+00:00,70.05999755859375
2026-06-16 15:30:00+00:00,70.06729888916016
2026-06-16 16:50:00+00:00,70.05999755859375
2026-06-16 17:00:00+00:00,70.03040313720703
2026-06-16 17:15:00+00:00,70.05000305175781
2026-06-16 17:20:00+00:00,70.05000305175781
2026-06-16 17:50:00+00:00,70.06999969482422
2026-06-16 18:05:00+00:00,69.98989868164062
2026-06-16 20:00:00+00:00,69.9899
2026-06-16 20:10:00+00:00,69.9899
2026-06-16 20:15:00+00:00,69.9899
2026-06-16 20:25:00+00:00,69.9899
2026-06-16 20:45:00+00:00,69.9899
2026-06-16 20:55:00+00:00,69.9899
2026-06-16 21:05:00+00:00,69.9899
2026-06-17 08:00:00+00:00,70.5
2026-06-17 08:15:00+00:00,70.5
2026-06-17 08:30:00+00:00,70.5
2026-06-17 08:45:00+00:00,70.5
2026-06-17 09:00:00+00:00,70.5
2026-06-17 09:15:00+00:00,70.5
2026-06-17 09:30:00+00:00,70.5
2026-06-17 09:45:00+00:00,70.5
2026-06-17 10:00:00+00:00,70.5
2026-06-17 10:15:00+00:00,70.5
2026-06-17 10:30:00+00:00,70.5
2026-06-17 10:45:00+00:00,70.5
2026-06-17 11:00:00+00:00,70.5
2026-06-17 11:15:00+00:00,70.5
2026-06-17 11:30:00+00:00,70.5
2026-06-17 11:45:00+00:00,70.5
2026-06-17 12:00:00+00:00,70.5
2026-06-17 12:15:00+00:00,70.5
2026-06-17 12:30:00+00:00,70.5
2026-06-17 12:45:00+00:00,69.99
2026-06-17 13:00:00+00:00,69.99
2026-06-17 13:30:00+00:00,69.97000122070312
2026-06-17 13:40:00+00:00,70.0
2026-06-17 14:40:00+00:00,70.04000091552734
2026-06-17 16:00:00+00:00,70.03500366210938
2026-06-17 17:45:00+00:00,70.06999969482422
2026-06-17 18:00:00+00:00,69.94000244140625
2026-06-17 18:10:00+00:00,69.7300033569336
2026-06-17 18:15:00+00:00,69.80999755859375
2026-06-17 19:05:00+00:00,69.64620208740234
2026-06-17 19:15:00+00:00,69.56999969482422
2026-06-17 20:00:00+00:00,69.42
2026-06-17 20:10:00+00:00,69.42
2026-06-17 20:15:00+00:00,69.42
2026-06-17 20:25:00+00:00,69.45
2026-06-17 20:30:00+00:00,69.45
2026-06-17 20:45:00+00:00,69.45
2026-06-17 21:00:00+00:00,69.45
2026-06-17 21:05:00+00:00,69.45
2026-06-18 10:25:00+00:00,69.4
2026-06-18 10:35:00+00:00,69.4
2026-06-18 10:50:00+00:00,69.4
2026-06-18 11:05:00+00:00,69.4
2026-06-18 11:20:00+00:00,69.4
2026-06-18 11:35:00+00:00,69.4
2026-06-18 11:50:00+00:00,69.4
2026-06-18 12:05:00+00:00,69.4
2026-06-18 12:15:00+00:00,69.44
2026-06-18 12:20:00+00:00,69.44
2026-06-18 12:35:00+00:00,69.44
2026-06-18 12:50:00+00:00,69.44
2026-06-18 13:05:00+00:00,69.44
2026-06-18 13:45:00+00:00,69.58000183105469
2026-06-18 13:55:00+00:00,69.56990051269531
2026-06-18 14:00:00+00:00,69.41999816894531
2026-06-18 14:15:00+00:00,69.5250015258789
2026-06-18 14:34:39+00:00,69.57990264892578
