time,FXC
2026-03-25 11:00:00+00:00,70.88
2026-03-25 11:10:00+00:00,70.88
2026-03-25 11:25:00+00:00,70.88
2026-03-25 11:40:00+00:00,70.88
2026-03-25 11:55:00+00:00,70.88
2026-03-25 12:10:00+00:00,70.88
2026-03-25 12:25:00+00:00,70.88
2026-03-25 12:40:00+00:00,70.88
2026-03-25 12:55:00+00:00,70.88
2026-03-25 13:00:00+00:00,71.0353
2026-03-25 13:10:00+00:00,71.0353
2026-03-25 13:30:00+00:00,70.91000366210938
2026-03-25 13:35:00+00:00,70.91999816894531
2026-03-25 13:40:00+00:00,70.9000015258789
2026-03-25 13:45:00+00:00,70.8949966430664
2026-03-25 13:50:00+00:00,70.89009857177734
2026-03-25 14:05:00+00:00,70.90280151367188
2026-03-25 14:15:00+00:00,70.9000015258789
2026-03-25 14:20:00+00:00,70.89859771728516
2026-03-25 14:25:00+00:00,70.875
2026-03-25 14:30:00+00:00,70.8550033569336
2026-03-25 14:35:00+00:00,70.84500122070312
2026-03-25 14:40:00+00:00,70.83999633789062
2026-03-25 14:45:00+00:00,70.83499908447266
2026-03-25 14:55:00+00:00,70.83999633789062
2026-03-25 15:05:00+00:00,70.81999969482422
2026-03-25 15:10:00+00:00,70.81999969482422
2026-03-25 15:15:00+00:00,70.77999877929688
2026-03-25 15:20:00+00:00,70.81999969482422
2026-03-25 15:25:00+00:00,70.80999755859375
2026-03-25 15:35:00+00:00,70.80000305175781
2026-03-25 15:40:00+00:00,70.77999877929688
2026-03-25 15:50:00+00:00,70.78009796142578
2026-03-25 16:00:00+00:00,70.80000305175781
2026-03-25 16:05:00+00:00,70.80000305175781
2026-03-25 16:15:00+00:00,70.7699966430664
2026-03-25 16:20:00+00:00,70.77999877929688
2026-03-25 16:25:00+00:00,70.80000305175781
2026-03-25 16:30:00+00:00,70.80000305175781
2026-03-25 16:35:00+00:00,70.78500366210938
2026-03-25 16:40:00+00:00,70.77999877929688
2026-03-25 16:55:00+00:00,70.77999877929688
2026-03-25 17:00:00+00:00,70.7699966430664
2026-03-25 17:10:00+00:00,70.7699966430664
2026-03-25 17:15:00+00:00,70.7750015258789
2026-03-25 17:45:00+00:00,70.77999877929688
2026-03-25 17:50:00+00:00,70.77999877929688
2026-03-25 17:55:00+00:00,70.7699966430664
2026-03-25 18:00:00+00:00,70.7699966430664
2026-03-25 18:05:00+00:00,70.77999877929688
2026-03-25 18:10:00+00:00,70.76000213623047
2026-03-25 18:35:00+00:00,70.75
2026-03-25 18:45:00+00:00,70.75
2026-03-25 18:50:00+00:00,70.75
2026-03-25 18:55:00+00:00,70.75
2026-03-25 19:00:00+00:00,70.73999786376953
2026-03-25 19:05:00+00:00,70.73999786376953
2026-03-25 19:15:00+00:00,70.7300033569336
2026-03-25 19:20:00+00:00,70.7300033569336
2026-03-25 19:25:00+00:00,70.72000122070312
2026-03-25 19:30:00+00:00,70.72029876708984
2026-03-25 19:35:00+00:00,70.72000122070312
2026-03-25 19:40:00+00:00,70.72000122070312
2026-03-25 19:50:00+00:00,70.69999694824219
2026-03-25 19:55:00+00:00,70.69000244140625
2026-03-25 20:00:00+00:00,70.69
2026-03-25 20:10:00+00:00,70.69
2026-03-25 20:25:00+00:00,70.69
2026-03-25 20:30:00+00:00,70.76
2026-03-25 20:40:00+00:00,70.76
2026-03-25 20:55:00+00:00,70.76
2026-03-25 21:10:00+00:00,70.76
2026-03-25 21:25:00+00:00,70.76
2026-03-25 21:40:00+00:00,70.76
2026-03-25 21:55:00+00:00,70.76
2026-03-25 22:10:00+00:00,70.76
2026-03-25 22:25:00+00:00,70.76
2026-03-26 11:20:00+00:00,70.61
2026-03-26 11:30:00+00:00,70.61
2026-03-26 11:45:00+00:00,70.61
2026-03-26 12:00:00+00:00,70.61
2026-03-26 12:15:00+00:00,70.61
2026-03-26 12:30:00+00:00,70.61
2026-03-26 12:45:00+00:00,70.61
2026-03-26 13:00:00+00:00,70.61
2026-03-26 13:30:00+00:00,70.63999938964844
2026-03-26 13:35:00+00:00,70.66000366210938
2026-03-26 13:55:00+00:00,70.62999725341797
2026-03-26 14:05:00+00:00,70.63999938964844
2026-03-26 14:10:00+00:00,70.6500015258789
2026-03-26 14:15:00+00:00,70.66000366210938
2026-03-26 14:25:00+00:00,70.66000366210938
2026-03-26 14:35:00+00:00,70.62999725341797
2026-03-26 14:45:00+00:00,70.61000061035156
2026-03-26 14:50:00+00:00,70.62000274658203
2026-03-26 14:55:00+00:00,70.5999984741211
2026-03-26 15:00:00+00:00,70.58999633789062
2026-03-26 15:20:00+00:00,70.58000183105469
2026-03-26 15:25:00+00:00,70.55999755859375
2026-03-26 15:35:00+00:00,70.51000213623047
2026-03-26 15:45:00+00:00,70.51000213623047
2026-03-26 15:50:00+00:00,70.51000213623047
2026-03-26 15:55:00+00:00,70.52999877929688
2026-03-26 16:00:00+00:00,70.5199966430664
2026-03-26 16:05:00+00:00,70.54000091552734
2026-03-26 16:10:00+00:00,70.5199966430664
2026-03-26 16:20:00+00:00,70.5199966430664
2026-03-26 16:35:00+00:00,70.55000305175781
2026-03-26 16:40:00+00:00,70.52999877929688
2026-03-26 16:45:00+00:00,70.55000305175781
2026-03-26 16:55:00+00:00,70.56999969482422
2026-03-26 17:05:00+00:00,70.55000305175781
2026-03-26 17:20:00+00:00,70.52999877929688
2026-03-26 17:25:00+00:00,70.5199966430664
2026-03-26 17:40:00+00:00,70.5199966430664
2026-03-26 17:45:00+00:00,70.5199966430664
2026-03-26 17:55:00+00:00,70.5199966430664
2026-03-26 18:10:00+00:00,70.5199966430664
2026-03-26 18:20:00+00:00,70.52999877929688
2026-03-26 18:25:00+00:00,70.52999877929688
2026-03-26 18:35:00+00:00,70.54000091552734
2026-03-26 18:40:00+00:00,70.54000091552734
2026-03-26 18:55:00+00:00,70.55000305175781
2026-03-26 19:10:00+00:00,70.55000305175781
2026-03-26 19:15:00+00:00,70.54000091552734
2026-03-26 19:25:00+00:00,70.52999877929688
2026-03-26 19:35:00+00:00,70.55000305175781
2026-03-26 19:50:00+00:00,70.51200103759766
2026-03-26 19:55:00+00:00,70.48999786376953
2026-03-26 20:00:00+00:00,70.5
2026-03-26 20:10:00+00:00,70.5
2026-03-26 20:15:00+00:00,70.5
2026-03-26 20:30:00+00:00,70.5
2026-03-26 20:35:00+00:00,70.4925
2026-03-26 20:40:00+00:00,70.4925
2026-03-26 21:00:00+00:00,70.4925
2026-03-26 21:15:00+00:00,70.4925
2026-03-26 21:30:00+00:00,70.2907
2026-03-26 21:45:00+00:00,70.2907
2026-03-26 22:00:00+00:00,70.2907
2026-03-26 22:15:00+00:00,70.2907
2026-03-27 11:40:00+00:00,70.421
2026-03-27 11:45:00+00:00,70.421
2026-03-27 12:00:00+00:00,70.421
2026-03-27 12:15:00+00:00,70.421
2026-03-27 12:30:00+00:00,70.421
2026-03-27 12:45:00+00:00,70.421
2026-03-27 13:00:00+00:00,70.421
2026-03-27 13:30:00+00:00,70.45999908447266
2026-03-27 13:35:00+00:00,70.47000122070312
2026-03-27 13:40:00+00:00,70.48999786376953
2026-03-27 13:55:00+00:00,70.48999786376953
2026-03-27 14:00:00+00:00,70.51000213623047
2026-03-27 14:15:00+00:00,70.52999877929688
2026-03-27 14:20:00+00:00,70.5
2026-03-27 14:35:00+00:00,70.47000122070312
2026-03-27 14:40:00+00:00,70.45999908447266
2026-03-27 14:55:00+00:00,70.47000122070312
2026-03-27 15:00:00+00:00,70.4800033569336
2026-03-27 15:05:00+00:00,70.45999908447266
2026-03-27 15:10:00+00:00,70.45999908447266
2026-03-27 15:15:00+00:00,70.43000030517578
2026-03-27 15:25:00+00:00,70.44999694824219
2026-03-27 15:35:00+00:00,70.44000244140625
2026-03-27 16:00:00+00:00,70.37999725341797
2026-03-27 16:10:00+00:00,70.41000366210938
2026-03-27 16:25:00+00:00,70.41000366210938
2026-03-27 16:35:00+00:00,70.3949966430664
2026-03-27 16:40:00+00:00,70.41999816894531
2026-03-27 16:45:00+00:00,70.40029907226562
2026-03-27 17:05:00+00:00,70.4000015258789
2026-03-27 17:10:00+00:00,70.37000274658203
2026-03-27 17:25:00+00:00,70.3499984741211
2026-03-27 17:30:00+00:00,70.3499984741211
2026-03-27 17:35:00+00:00,70.33999633789062
2026-03-27 17:40:00+00:00,70.33989715576172
2026-03-27 17:45:00+00:00,70.3499984741211
2026-03-27 18:00:00+00:00,70.3499984741211
2026-03-27 18:10:00+00:00,70.32499694824219
2026-03-27 18:20:00+00:00,70.33999633789062
2026-03-27 18:30:00+00:00,70.3550033569336
2026-03-27 18:35:00+00:00,70.3499984741211
2026-03-27 18:40:00+00:00,70.37000274658203
2026-03-27 18:45:00+00:00,70.36000061035156
2026-03-27 18:55:00+00:00,70.3499984741211
2026-03-27 19:00:00+00:00,70.33999633789062
2026-03-27 19:05:00+00:00,70.33999633789062
2026-03-27 19:15:00+00:00,70.34500122070312
2026-03-27 19:20:00+00:00,70.33999633789062
2026-03-27 19:35:00+00:00,70.33270263671875
2026-03-27 19:40:00+00:00,70.33499908447266
2026-03-27 19:45:00+00:00,70.33499908447266
2026-03-27 19:50:00+00:00,70.3499984741211
2026-03-27 19:55:00+00:00,70.41999816894531
2026-03-27 20:00:00+00:00,70.4
2026-03-27 20:10:00+00:00,70.4
2026-03-27 20:15:00+00:00,70.4
2026-03-27 20:30:00+00:00,70.4
2026-03-27 20:35:00+00:00,70.389
2026-03-27 20:45:00+00:00,70.389
2026-03-27 21:00:00+00:00,70.389
2026-03-27 21:15:00+00:00,70.389
2026-03-27 21:30:00+00:00,70.389
2026-03-27 21:45:00+00:00,70.389
2026-03-27 22:00:00+00:00,70.389
2026-03-27 22:15:00+00:00,70.389
2026-03-27 23:35:00+00:00,70.42
2026-03-27 23:40:00+00:00,70.57
2026-03-30 11:00:00+00:00,70.26
2026-03-30 11:05:00+00:00,70.26
2026-03-30 11:20:00+00:00,70.26
2026-03-30 11:35:00+00:00,70.26
2026-03-30 11:50:00+00:00,70.26
2026-03-30 12:05:00+00:00,70.26
2026-03-30 12:20:00+00:00,70.26
2026-03-30 12:35:00+00:00,70.26
2026-03-30 12:50:00+00:00,70.26
2026-03-30 13:05:00+00:00,70.26
2026-03-30 13:30:00+00:00,70.19999694824219
2026-03-30 13:35:00+00:00,70.19000244140625
2026-03-30 13:40:00+00:00,70.19499969482422
2026-03-30 13:45:00+00:00,70.18000030517578
2026-03-30 14:05:00+00:00,70.16000366210938
2026-03-30 14:10:00+00:00,70.12000274658203
2026-03-30 14:15:00+00:00,70.0999984741211
2026-03-30 14:20:00+00:00,70.0999984741211
2026-03-30 14:25:00+00:00,70.11910247802734
2026-03-30 14:35:00+00:00,70.13999938964844
2026-03-30 14:40:00+00:00,70.16000366210938
2026-03-30 14:45:00+00:00,70.18000030517578
2026-03-30 14:55:00+00:00,70.20999908447266
2026-03-30 15:00:00+00:00,70.22000122070312
2026-03-30 15:10:00+00:00,70.19999694824219
2026-03-30 15:35:00+00:00,70.19999694824219
2026-03-30 15:55:00+00:00,70.19999694824219
2026-03-30 16:00:00+00:00,70.20680236816406
2026-03-30 16:05:00+00:00,70.19999694824219
2026-03-30 16:15:00+00:00,70.21099853515625
2026-03-30 16:20:00+00:00,70.20999908447266
2026-03-30 16:30:00+00:00,70.20999908447266
2026-03-30 16:35:00+00:00,70.20999908447266
2026-03-30 16:40:00+00:00,70.20999908447266
2026-03-30 16:50:00+00:00,70.19029998779297
2026-03-30 17:00:00+00:00,70.20999908447266
2026-03-30 17:05:00+00:00,70.20010375976562
2026-03-30 17:10:00+00:00,70.20500183105469
2026-03-30 17:20:00+00:00,70.19499969482422
2026-03-30 17:25:00+00:00,70.20999908447266
2026-03-30 17:30:00+00:00,70.19999694824219
2026-03-30 17:40:00+00:00,70.22000122070312
2026-03-30 17:50:00+00:00,70.2300033569336
2026-03-30 17:55:00+00:00,70.22000122070312
2026-03-30 18:00:00+00:00,70.20999908447266
2026-03-30 18:05:00+00:00,70.22000122070312
2026-03-30 18:15:00+00:00,70.2300033569336
2026-03-30 18:20:00+00:00,70.2300033569336
2026-03-30 18:25:00+00:00,70.20999908447266
2026-03-30 18:35:00+00:00,70.20999908447266
2026-03-30 18:50:00+00:00,70.19999694824219
2026-03-30 19:05:00+00:00,70.18730163574219
2026-03-30 19:10:00+00:00,70.18000030517578
2026-03-30 19:20:00+00:00,70.18000030517578
2026-03-30 19:40:00+00:00,70.19499969482422
2026-03-30 19:50:00+00:00,70.2249984741211
2026-03-30 19:55:00+00:00,70.20999908447266
2026-03-30 20:00:00+00:00,70.21
2026-03-30 20:05:00+00:00,70.21
2026-03-30 20:10:00+00:00,70.21
2026-03-30 20:20:00+00:00,70.21
2026-03-30 20:35:00+00:00,70.21
2026-03-30 20:50:00+00:00,70.21
2026-03-30 21:05:00+00:00,70.21
2026-03-30 23:00:00+00:00,70.1
2026-03-30 23:05:00+00:00,70.1
2026-03-30 23:20:00+00:00,70.1
2026-03-30 23:35:00+00:00,70.1
2026-03-30 23:50:00+00:00,70.1
2026-03-31 09:30:00+00:00,70.22
2026-03-31 09:50:00+00:00,70.22
2026-03-31 10:05:00+00:00,70.22
2026-03-31 10:20:00+00:00,70.22
2026-03-31 10:35:00+00:00,70.22
2026-03-31 10:50:00+00:00,70.22
2026-03-31 11:05:00+00:00,70.22
2026-03-31 11:20:00+00:00,70.22
2026-03-31 11:35:00+00:00,70.22
2026-03-31 11:50:00+00:00,70.22
2026-03-31 12:05:00+00:00,70.22
2026-03-31 12:20:00+00:00,70.22
2026-03-31 12:35:00+00:00,70.22
2026-03-31 12:50:00+00:00,70.22
2026-03-31 13:05:00+00:00,70.22
2026-03-31 13:30:00+00:00,70.18990325927734
2026-03-31 13:35:00+00:00,70.19000244140625
2026-03-31 13:40:00+00:00,70.17990112304688
2026-03-31 13:45:00+00:00,70.16999816894531
2026-03-31 13:50:00+00:00,70.16999816894531
2026-03-31 13:55:00+00:00,70.17019653320312
2026-03-31 14:05:00+00:00,70.17680358886719
2026-03-31 14:10:00+00:00,70.1500015258789
2026-03-31 14:15:00+00:00,70.13999938964844
2026-03-31 14:50:00+00:00,70.08999633789062
2026-03-31 14:55:00+00:00,70.04000091552734
2026-03-31 15:00:00+00:00,70.02999877929688
2026-03-31 15:05:00+00:00,70.01000213623047
2026-03-31 15:10:00+00:00,70.02999877929688
2026-03-31 15:15:00+00:00,70.04000091552734
2026-03-31 15:20:00+00:00,70.02999877929688
2026-03-31 15:35:00+00:00,70.02999877929688
2026-03-31 15:40:00+00:00,70.02999877929688
2026-03-31 15:55:00+00:00,70.05000305175781
2026-03-31 16:45:00+00:00,70.19999694824219
2026-03-31 17:10:00+00:00,70.13999938964844
2026-03-31 17:15:00+00:00,70.16999816894531
2026-03-31 17:25:00+00:00,70.16000366210938
2026-03-31 17:55:00+00:00,70.15599822998047
2026-03-31 18:10:00+00:00,70.16000366210938
2026-03-31 18:30:00+00:00,70.1449966430664
2026-03-31 18:45:00+00:00,70.16999816894531
2026-03-31 18:55:00+00:00,70.16000366210938
2026-03-31 19:00:00+00:00,70.16000366210938
2026-03-31 19:30:00+00:00,70.16500091552734
2026-03-31 19:40:00+00:00,70.20500183105469
2026-03-31 19:45:00+00:00,70.19999694824219
2026-03-31 19:50:00+00:00,70.20999908447266
2026-03-31 19:55:00+00:00,70.24019622802734
2026-03-31 20:00:00+00:00,70.2402
2026-03-31 20:05:00+00:00,70.26
2026-03-31 20:10:00+00:00,70.2402
2026-03-31 20:20:00+00:00,70.2402
2026-03-31 20:35:00+00:00,70.2402
2026-03-31 20:45:00+00:00,70.23
2026-03-31 20:50:00+00:00,70.23
2026-03-31 21:00:00+00:00,70.25
2026-03-31 21:05:00+00:00,70.25
2026-03-31 21:20:00+00:00,70.25
2026-03-31 21:35:00+00:00,70.25
2026-03-31 21:50:00+00:00,70.25
2026-03-31 22:05:00+00:00,70.25
2026-03-31 22:20:00+00:00,70.25
2026-04-01 12:40:00+00:00,70.36
2026-04-01 12:50:00+00:00,70.36
2026-04-01 13:05:00+00:00,70.36
2026-04-01 13:30:00+00:00,70.36499786376953
2026-04-01 13:35:00+00:00,70.4000015258789
2026-04-01 13:45:00+00:00,70.33999633789062
2026-04-01 13:50:00+00:00,70.30999755859375
2026-04-01 13:55:00+00:00,70.30000305175781
2026-04-01 14:00:00+00:00,70.29889678955078
2026-04-01 14:10:00+00:00,70.30000305175781
2026-04-01 14:25:00+00:00,70.29000091552734
2026-04-01 14:40:00+00:00,70.3550033569336
2026-04-01 15:20:00+00:00,70.33999633789062
2026-04-01 15:25:00+00:00,70.36000061035156
2026-04-01 15:55:00+00:00,70.38999938964844
2026-04-01 16:05:00+00:00,70.36000061035156
2026-04-01 17:05:00+00:00,70.41400146484375
2026-04-01 17:15:00+00:00,70.40373229980469
2026-04-01 18:25:00+00:00,70.33000183105469
2026-04-01 18:35:00+00:00,70.33499908447266
2026-04-01 18:55:00+00:00,70.33000183105469
2026-04-01 19:25:00+00:00,70.37000274658203
2026-04-01 19:35:00+00:00,70.38999938964844
2026-04-01 19:45:00+00:00,70.38500213623047
2026-04-01 19:50:00+00:00,70.31999969482422
2026-04-01 19:55:00+00:00,70.33000183105469
2026-04-01 20:00:00+00:00,70.33
2026-04-01 20:05:00+00:00,70.33
2026-04-01 20:10:00+00:00,70.33
2026-04-01 20:20:00+00:00,70.33
2026-04-01 20:35:00+00:00,70.33
2026-04-01 20:50:00+00:00,70.33
2026-04-01 21:05:00+00:00,70.33
2026-04-01 21:20:00+00:00,70.33
2026-04-01 21:35:00+00:00,70.33
2026-04-01 21:50:00+00:00,70.33
2026-04-01 22:05:00+00:00,71.13
2026-04-01 22:20:00+00:00,71.13
2026-04-02 12:10:00+00:00,70.03
2026-04-02 12:25:00+00:00,70.03
2026-04-02 12:40:00+00:00,70.03
2026-04-02 12:55:00+00:00,70.03
2026-04-02 13:10:00+00:00,70.03
2026-04-02 13:30:00+00:00,70.19999694824219
2026-04-02 13:35:00+00:00,70.19000244140625
2026-04-02 13:45:00+00:00,70.18000030517578
2026-04-02 13:50:00+00:00,70.16999816894531
2026-04-02 14:25:00+00:00,70.1500015258789
2026-04-02 14:30:00+00:00,70.16000366210938
2026-04-02 14:35:00+00:00,70.20500183105469
2026-04-02 14:45:00+00:00,70.19000244140625
2026-04-02 15:05:00+00:00,70.16999816894531
2026-04-02 15:10:00+00:00,70.16999816894531
2026-04-02 15:25:00+00:00,70.16999816894531
2026-04-02 15:40:00+00:00,70.19999694824219
2026-04-02 15:45:00+00:00,70.20999908447266
2026-04-02 15:50:00+00:00,70.18000030517578
2026-04-02 15:55:00+00:00,70.18000030517578
2026-04-02 16:15:00+00:00,70.16999816894531
2026-04-02 16:25:00+00:00,70.1500015258789
2026-04-02 16:30:00+00:00,70.16999816894531
2026-04-02 17:40:00+00:00,70.20999908447266
2026-04-02 17:45:00+00:00,70.19999694824219
2026-04-02 18:15:00+00:00,70.18000030517578
2026-04-02 18:25:00+00:00,70.16999816894531
2026-04-02 18:30:00+00:00,70.16000366210938
2026-04-02 18:40:00+00:00,70.16999816894531
2026-04-02 18:55:00+00:00,70.17500305175781
2026-04-02 19:05:00+00:00,70.18000030517578
2026-04-02 19:20:00+00:00,70.19000244140625
2026-04-02 19:40:00+00:00,70.1500015258789
2026-04-02 19:55:00+00:00,70.16500091552734
2026-04-02 20:00:00+00:00,70.165
2026-04-02 20:10:00+00:00,70.165
2026-04-02 20:25:00+00:00,70.165
2026-04-02 20:35:00+00:00,70.165
2026-04-02 20:50:00+00:00,70.165
2026-04-02 21:10:00+00:00,70.165
2026-04-02 21:25:00+00:00,70.165
2026-04-02 21:40:00+00:00,70.165
2026-04-02 21:55:00+00:00,70.165
2026-04-02 22:10:00+00:00,70.165
2026-04-06 13:35:00+00:00,70.27999877929688
2026-04-06 13:45:00+00:00,70.2300033569336
2026-04-06 13:50:00+00:00,70.2300033569336
2026-04-06 14:00:00+00:00,70.22000122070312
2026-04-06 14:05:00+00:00,70.19999694824219
2026-04-06 14:10:00+00:00,70.20999908447266
2026-04-06 14:20:00+00:00,70.21499633789062
2026-04-06 14:30:00+00:00,70.2300033569336
2026-04-06 14:35:00+00:00,70.23500061035156
2026-04-06 14:50:00+00:00,70.20999908447266
2026-04-06 14:55:00+00:00,70.21990203857422
2026-04-06 15:05:00+00:00,70.18000030517578
2026-04-06 15:10:00+00:00,70.18000030517578
2026-04-06 15:35:00+00:00,70.16999816894531
2026-04-06 15:40:00+00:00,70.16000366210938
2026-04-06 16:00:00+00:00,70.19010162353516
2026-04-06 16:10:00+00:00,70.20999908447266
2026-04-06 16:15:00+00:00,70.2300033569336
2026-04-06 16:50:00+00:00,70.2063980102539
2026-04-06 17:05:00+00:00,70.16999816894531
2026-04-06 17:25:00+00:00,70.18679809570312
2026-04-06 17:30:00+00:00,70.19999694824219
2026-04-06 17:35:00+00:00,70.19000244140625
2026-04-06 18:00:00+00:00,70.18000030517578
2026-04-06 18:35:00+00:00,70.20999908447266
2026-04-06 18:40:00+00:00,70.19000244140625
2026-04-06 18:50:00+00:00,70.18000030517578
2026-04-06 18:55:00+00:00,70.19000244140625
2026-04-06 19:00:00+00:00,70.19000244140625
2026-04-06 19:05:00+00:00,70.19999694824219
2026-04-06 19:20:00+00:00,70.19000244140625
2026-04-06 19:25:00+00:00,70.20999908447266
2026-04-06 19:30:00+00:00,70.19999694824219
2026-04-06 19:35:00+00:00,70.19999694824219
2026-04-06 19:40:00+00:00,70.19999694824219
2026-04-06 19:45:00+00:00,70.19999694824219
2026-04-06 19:50:00+00:00,70.20999908447266
2026-04-06 19:55:00+00:00,70.19999694824219
2026-04-06 20:00:00+00:00,70.2
2026-04-06 20:10:00+00:00,70.2
2026-04-06 20:20:00+00:00,70.2
2026-04-06 20:40:00+00:00,70.2
2026-04-06 20:50:00+00:00,70.2
2026-04-06 21:10:00+00:00,70.2
2026-04-06 21:25:00+00:00,70.2
2026-04-06 21:40:00+00:00,70.2
2026-04-06 21:55:00+00:00,70.2
2026-04-06 22:10:00+00:00,70.2
2026-04-06 22:25:00+00:00,70.2
2026-04-07 13:30:00+00:00,70.19000244140625
2026-04-07 13:35:00+00:00,70.18000030517578
2026-04-07 13:45:00+00:00,70.19000244140625
2026-04-07 14:10:00+00:00,70.19999694824219
2026-04-07 14:15:00+00:00,70.19999694824219
2026-04-07 14:30:00+00:00,70.30780029296875
2026-04-07 14:35:00+00:00,70.31999969482422
2026-04-07 14:55:00+00:00,70.23999786376953
2026-04-07 15:05:00+00:00,70.20999908447266
2026-04-07 15:15:00+00:00,70.20999908447266
2026-04-07 15:30:00+00:00,70.19000244140625
2026-04-07 15:35:00+00:00,70.19000244140625
2026-04-07 15:50:00+00:00,70.2300033569336
2026-04-07 16:00:00+00:00,70.26000213623047
2026-04-07 16:20:00+00:00,70.2699966430664
2026-04-07 16:40:00+00:00,70.27999877929688
2026-04-07 16:50:00+00:00,70.27999877929688
2026-04-07 16:55:00+00:00,70.2699966430664
2026-04-07 17:05:00+00:00,70.2699966430664
2026-04-07 17:15:00+00:00,70.2699966430664
2026-04-07 17:20:00+00:00,70.2699966430664
2026-04-07 17:25:00+00:00,70.27999877929688
2026-04-07 17:35:00+00:00,70.30000305175781
2026-04-07 17:50:00+00:00,70.29000091552734
2026-04-07 17:55:00+00:00,70.2699966430664
2026-04-07 18:30:00+00:00,70.27999877929688
2026-04-07 18:40:00+00:00,70.27999877929688
2026-04-07 18:45:00+00:00,70.27999877929688
2026-04-07 18:50:00+00:00,70.27999877929688
2026-04-07 18:55:00+00:00,70.26000213623047
2026-04-07 19:10:00+00:00,70.25
2026-04-07 19:20:00+00:00,70.29000091552734
2026-04-07 19:40:00+00:00,70.3279037475586
2026-04-07 19:50:00+00:00,70.32499694824219
2026-04-07 19:55:00+00:00,70.29000091552734
2026-04-07 20:00:00+00:00,70.3
2026-04-07 20:10:00+00:00,70.3
2026-04-07 20:25:00+00:00,70.3
2026-04-07 20:35:00+00:00,70.4
2026-04-07 20:40:00+00:00,70.4
2026-04-07 20:45:00+00:00,70.4
2026-04-07 20:55:00+00:00,70.4
2026-04-07 21:10:00+00:00,70.4
2026-04-07 21:25:00+00:00,70.4
2026-04-07 21:40:00+00:00,70.4
2026-04-07 21:55:00+00:00,70.4
2026-04-07 22:10:00+00:00,70.4
2026-04-07 22:25:00+00:00,70.4
2026-04-07 23:45:00+00:00,70.4
2026-04-07 23:50:00+00:00,70.3
2026-04-07 23:55:00+00:00,70.3
2026-04-08 13:00:00+00:00,70.5983
2026-04-08 13:10:00+00:00,70.5983
2026-04-08 13:30:00+00:00,70.54000091552734
2026-04-08 13:40:00+00:00,70.44999694824219
2026-04-08 14:15:00+00:00,70.53500366210938
2026-04-08 14:25:00+00:00,70.55000305175781
2026-04-08 14:40:00+00:00,70.5250015258789
2026-04-08 14:45:00+00:00,70.5
2026-04-08 14:55:00+00:00,70.55999755859375
2026-04-08 15:05:00+00:00,70.55999755859375
2026-04-08 15:10:00+00:00,70.54000091552734
2026-04-08 15:25:00+00:00,70.54499816894531
2026-04-08 15:30:00+00:00,70.55000305175781
2026-04-08 15:35:00+00:00,70.56999969482422
2026-04-08 15:40:00+00:00,70.54000091552734
2026-04-08 15:50:00+00:00,70.54000091552734
2026-04-08 15:55:00+00:00,70.51000213623047
2026-04-08 16:00:00+00:00,70.51000213623047
2026-04-08 16:05:00+00:00,70.48999786376953
2026-04-08 16:35:00+00:00,70.51000213623047
2026-04-08 16:40:00+00:00,70.54000091552734
2026-04-08 17:05:00+00:00,70.56999969482422
2026-04-08 17:20:00+00:00,70.56999969482422
2026-04-08 17:30:00+00:00,70.55999755859375
2026-04-08 17:45:00+00:00,70.55999755859375
2026-04-08 18:20:00+00:00,70.52999877929688
2026-04-08 18:50:00+00:00,70.48999786376953
2026-04-08 19:00:00+00:00,70.48999786376953
2026-04-08 19:20:00+00:00,70.52999877929688
2026-04-08 19:25:00+00:00,70.51000213623047
2026-04-08 19:50:00+00:00,70.55000305175781
2026-04-08 19:55:00+00:00,70.56999969482422
2026-04-08 20:00:00+00:00,70.57
2026-04-08 20:10:00+00:00,70.57
2026-04-08 20:25:00+00:00,70.57
2026-04-08 20:40:00+00:00,70.57
2026-04-08 20:55:00+00:00,70.57
2026-04-08 21:10:00+00:00,70.57
2026-04-08 21:25:00+00:00,70.57
2026-04-08 21:40:00+00:00,70.57
2026-04-08 21:55:00+00:00,70.57
2026-04-08 22:10:00+00:00,70.57
2026-04-08 22:25:00+00:00,70.57
2026-04-09 08:00:00+00:00,70.53
2026-04-09 08:10:00+00:00,70.53
2026-04-09 08:25:00+00:00,70.53
2026-04-09 08:40:00+00:00,70.53
2026-04-09 08:55:00+00:00,70.53
2026-04-09 09:10:00+00:00,70.53
2026-04-09 09:25:00+00:00,70.53
2026-04-09 09:40:00+00:00,70.53
2026-04-09 09:55:00+00:00,70.53
2026-04-09 10:10:00+00:00,70.53
2026-04-09 10:25:00+00:00,70.53
2026-04-09 10:40:00+00:00,70.53
2026-04-09 10:55:00+00:00,70.53
2026-04-09 11:00:00+00:00,70.53
2026-04-09 11:25:00+00:00,70.53
2026-04-09 11:40:00+00:00,70.53
2026-04-09 11:55:00+00:00,70.53
2026-04-09 12:10:00+00:00,70.53
2026-04-09 12:25:00+00:00,70.53
2026-04-09 12:40:00+00:00,70.53
2026-04-09 12:55:00+00:00,70.53
2026-04-09 13:10:00+00:00,70.53
2026-04-09 13:30:00+00:00,70.69000244140625
2026-04-09 13:35:00+00:00,70.66999816894531
2026-04-09 14:15:00+00:00,70.69000244140625
2026-04-09 14:25:00+00:00,70.72000122070312
2026-04-09 14:30:00+00:00,70.72000122070312
2026-04-09 14:40:00+00:00,70.66999816894531
2026-04-09 14:45:00+00:00,70.6500015258789
2026-04-09 14:50:00+00:00,70.63999938964844
2026-04-09 14:55:00+00:00,70.68499755859375
2026-04-09 15:00:00+00:00,70.66999816894531
2026-04-09 15:05:00+00:00,70.62999725341797
2026-04-09 15:20:00+00:00,70.69000244140625
2026-04-09 15:30:00+00:00,70.69000244140625
2026-04-09 15:35:00+00:00,70.7300033569336
2026-04-09 15:40:00+00:00,70.70999908447266
2026-04-09 15:50:00+00:00,70.7300033569336
2026-04-09 15:55:00+00:00,70.76000213623047
2026-04-09 16:00:00+00:00,70.76000213623047
2026-04-09 16:10:00+00:00,70.73999786376953
2026-04-09 16:15:00+00:00,70.7300033569336
2026-04-09 16:20:00+00:00,70.7300033569336
2026-04-09 16:25:00+00:00,70.7300033569336
2026-04-09 16:35:00+00:00,70.72000122070312
2026-04-09 16:40:00+00:00,70.70999908447266
2026-04-09 16:45:00+00:00,70.69999694824219
2026-04-09 16:50:00+00:00,70.70999908447266
2026-04-09 16:55:00+00:00,70.72000122070312
2026-04-09 17:00:00+00:00,70.69999694824219
2026-04-09 17:20:00+00:00,70.70999908447266
2026-04-09 18:15:00+00:00,70.69000244140625
2026-04-09 18:20:00+00:00,70.68000030517578
2026-04-09 18:45:00+00:00,70.66999816894531
2026-04-09 18:50:00+00:00,70.69000244140625
2026-04-09 19:05:00+00:00,70.70999908447266
2026-04-09 19:15:00+00:00,70.72000122070312
2026-04-09 19:45:00+00:00,70.7300033569336
2026-04-09 19:50:00+00:00,70.72000122070312
2026-04-09 19:55:00+00:00,70.70999908447266
2026-04-09 20:00:00+00:00,70.72
2026-04-09 20:10:00+00:00,70.72
2026-04-09 20:25:00+00:00,70.72
2026-04-09 20:40:00+00:00,70.72
2026-04-09 20:55:00+00:00,70.72
2026-04-09 21:10:00+00:00,70.72
2026-04-09 21:25:00+00:00,70.72
2026-04-09 21:40:00+00:00,70.72
2026-04-09 21:55:00+00:00,70.72
2026-04-09 22:10:00+00:00,70.72
2026-04-09 22:25:00+00:00,70.72
2026-04-10 13:30:00+00:00,70.77999877929688
2026-04-10 14:20:00+00:00,70.77999877929688
2026-04-10 14:40:00+00:00,70.75
2026-04-10 14:55:00+00:00,70.63999938964844
2026-04-10 15:00:00+00:00,70.6500015258789
2026-04-10 15:05:00+00:00,70.66000366210938
2026-04-10 16:45:00+00:00,70.5999984741211
2026-04-10 16:50:00+00:00,70.6050033569336
2026-04-10 17:00:00+00:00,70.61000061035156
2026-04-10 17:10:00+00:00,70.61499786376953
2026-04-10 17:35:00+00:00,70.62999725341797
2026-04-10 18:10:00+00:00,70.63999938964844
2026-04-10 18:20:00+00:00,70.66000366210938
2026-04-10 18:25:00+00:00,70.6500015258789
2026-04-10 18:40:00+00:00,70.68000030517578
2026-04-10 18:50:00+00:00,70.6500015258789
2026-04-10 19:05:00+00:00,70.63999938964844
2026-04-10 19:10:00+00:00,70.6449966430664
2026-04-10 19:15:00+00:00,70.6449966430664
2026-04-10 19:20:00+00:00,70.62999725341797
2026-04-10 19:55:00+00:00,70.61000061035156
2026-04-10 20:00:00+00:00,70.59
2026-04-10 20:10:00+00:00,70.59
2026-04-10 20:15:00+00:00,70.59
2026-04-10 20:30:00+00:00,70.59
2026-04-10 20:45:00+00:00,70.59
2026-04-10 21:00:00+00:00,70.59
2026-04-10 21:05:00+00:00,70.59
2026-04-10 21:25:00+00:00,70.59
2026-04-13 13:30:00+00:00,70.62000274658203
2026-04-13 13:35:00+00:00,70.62999725341797
2026-04-13 13:40:00+00:00,70.62000274658203
2026-04-13 13:45:00+00:00,70.63999938964844
2026-04-13 13:50:00+00:00,70.66000366210938
2026-04-13 13:55:00+00:00,70.62999725341797
2026-04-13 14:05:00+00:00,70.66000366210938
2026-04-13 14:15:00+00:00,70.68000030517578
2026-04-13 14:20:00+00:00,70.66999816894531
2026-04-13 14:35:00+00:00,70.72000122070312
2026-04-13 14:50:00+00:00,70.73999786376953
2026-04-13 14:55:00+00:00,70.73999786376953
2026-04-13 15:00:00+00:00,70.73999786376953
2026-04-13 15:05:00+00:00,70.75
2026-04-13 15:10:00+00:00,70.7300033569336
2026-04-13 15:15:00+00:00,70.73999786376953
2026-04-13 15:30:00+00:00,70.70999908447266
2026-04-13 15:40:00+00:00,70.73999786376953
2026-04-13 15:45:00+00:00,70.72000122070312
2026-04-13 16:05:00+00:00,70.73999786376953
2026-04-13 16:10:00+00:00,70.73999786376953
2026-04-13 16:20:00+00:00,70.73999786376953
2026-04-13 16:25:00+00:00,70.76499938964844
2026-04-13 16:30:00+00:00,70.76499938964844
2026-04-13 16:35:00+00:00,70.7699966430664
2026-04-13 16:40:00+00:00,70.7699966430664
2026-04-13 16:45:00+00:00,70.77999877929688
2026-04-13 16:55:00+00:00,70.80000305175781
2026-04-13 17:00:00+00:00,70.80999755859375
2026-04-13 17:15:00+00:00,70.81999969482422
2026-04-13 17:45:00+00:00,70.80999755859375
2026-04-13 17:55:00+00:00,70.80000305175781
2026-04-13 18:05:00+00:00,70.80999755859375
2026-04-13 18:25:00+00:00,70.79000091552734
2026-04-13 18:40:00+00:00,70.82240295410156
2026-04-13 18:45:00+00:00,70.80999755859375
2026-04-13 18:55:00+00:00,70.83000183105469
2026-04-13 19:05:00+00:00,70.83999633789062
2026-04-13 19:15:00+00:00,70.8499984741211
2026-04-13 19:25:00+00:00,70.83999633789062
2026-04-13 19:35:00+00:00,70.8499984741211
2026-04-13 19:50:00+00:00,70.86000061035156
2026-04-13 19:55:00+00:00,70.83999633789062
2026-04-13 20:00:00+00:00,70.84
2026-04-13 20:10:00+00:00,70.84
2026-04-13 20:15:00+00:00,70.84
2026-04-13 20:30:00+00:00,70.84
2026-04-13 20:45:00+00:00,70.84
2026-04-13 21:00:00+00:00,70.84
2026-04-13 21:05:00+00:00,70.84
2026-04-13 21:25:00+00:00,70.84
2026-04-13 21:45:00+00:00,70.84
2026-04-13 21:55:00+00:00,70.84
2026-04-13 22:15:00+00:00,70.84
2026-04-13 23:10:00+00:00,69.7
2026-04-14 11:00:00+00:00,70.87
2026-04-14 11:15:00+00:00,70.87
2026-04-14 11:30:00+00:00,70.87
2026-04-14 11:45:00+00:00,70.87
2026-04-14 12:00:00+00:00,70.87
2026-04-14 12:15:00+00:00,70.87
2026-04-14 12:30:00+00:00,70.87
2026-04-14 12:45:00+00:00,70.87
2026-04-14 12:50:00+00:00,71.07
2026-04-14 13:00:00+00:00,71.07
2026-04-14 13:30:00+00:00,71.08999633789062
2026-04-14 13:35:00+00:00,71.09989929199219
2026-04-14 13:40:00+00:00,71.08000183105469
2026-04-14 13:45:00+00:00,71.09200286865234
2026-04-14 13:55:00+00:00,71.08100128173828
2026-04-14 14:00:00+00:00,71.08999633789062
2026-04-14 14:05:00+00:00,71.07009887695312
2026-04-14 14:10:00+00:00,71.08000183105469
2026-04-14 14:20:00+00:00,71.12000274658203
2026-04-14 14:30:00+00:00,71.08999633789062
2026-04-14 14:40:00+00:00,71.08999633789062
2026-04-14 14:50:00+00:00,71.08999633789062
2026-04-14 15:00:00+00:00,71.06999969482422
2026-04-14 15:10:00+00:00,71.04499816894531
2026-04-14 15:15:00+00:00,71.01000213623047
2026-04-14 15:20:00+00:00,71.0199966430664
2026-04-14 15:30:00+00:00,71.01000213623047
2026-04-14 15:35:00+00:00,71.0199966430664
2026-04-14 15:45:00+00:00,71.0199966430664
2026-04-14 15:50:00+00:00,71.02200317382812
2026-04-14 15:55:00+00:00,71.0199966430664
2026-04-14 16:15:00+00:00,71.0199966430664
2026-04-14 16:25:00+00:00,71.0199966430664
2026-04-14 16:30:00+00:00,71.01000213623047
2026-04-14 16:45:00+00:00,71.0
2026-04-14 16:50:00+00:00,71.0
2026-04-14 16:55:00+00:00,71.0
2026-04-14 17:00:00+00:00,71.0
2026-04-14 17:05:00+00:00,71.0
2026-04-14 17:10:00+00:00,71.0
2026-04-14 17:15:00+00:00,71.0
2026-04-14 17:30:00+00:00,71.01000213623047
2026-04-14 17:45:00+00:00,70.98999786376953
2026-04-14 17:55:00+00:00,70.98999786376953
2026-04-14 18:10:00+00:00,70.97000122070312
2026-04-14 18:35:00+00:00,70.93000030517578
2026-04-14 18:40:00+00:00,70.94000244140625
2026-04-14 18:45:00+00:00,70.93000030517578
2026-04-14 18:50:00+00:00,70.91999816894531
2026-04-14 19:00:00+00:00,70.91999816894531
2026-04-14 19:05:00+00:00,70.91999816894531
2026-04-14 19:10:00+00:00,70.91999816894531
2026-04-14 19:25:00+00:00,70.93000030517578
2026-04-14 19:30:00+00:00,70.94000244140625
2026-04-14 19:40:00+00:00,70.94999694824219
2026-04-14 19:45:00+00:00,70.94999694824219
2026-04-14 19:50:00+00:00,70.94999694824219
2026-04-14 19:55:00+00:00,70.94000244140625
2026-04-14 20:00:00+00:00,70.94
2026-04-14 20:10:00+00:00,70.94
2026-04-14 20:15:00+00:00,70.94
2026-04-14 20:30:00+00:00,70.94
2026-04-14 20:40:00+00:00,70.94
2026-04-14 20:50:00+00:00,70.94
2026-04-14 21:00:00+00:00,70.94
2026-04-14 21:15:00+00:00,70.94
2026-04-14 21:30:00+00:00,70.94
2026-04-14 21:45:00+00:00,70.94
2026-04-14 22:00:00+00:00,70.94
2026-04-14 22:15:00+00:00,70.94
2026-04-15 08:00:00+00:00,70.94
2026-04-15 08:15:00+00:00,70.94
2026-04-15 08:25:00+00:00,70.83
2026-04-15 08:30:00+00:00,70.83
2026-04-15 08:45:00+00:00,70.83
2026-04-15 09:00:00+00:00,70.83
2026-04-15 09:15:00+00:00,70.83
2026-04-15 09:30:00+00:00,70.83
2026-04-15 09:45:00+00:00,70.83
2026-04-15 10:00:00+00:00,70.83
2026-04-15 10:15:00+00:00,70.83
2026-04-15 10:30:00+00:00,70.83
2026-04-15 10:45:00+00:00,70.83
2026-04-15 11:00:00+00:00,70.83
2026-04-15 11:15:00+00:00,70.83
2026-04-15 11:30:00+00:00,70.83
2026-04-15 11:45:00+00:00,70.83
2026-04-15 12:00:00+00:00,70.83
2026-04-15 12:15:00+00:00,70.83
2026-04-15 12:30:00+00:00,70.83
2026-04-15 12:45:00+00:00,70.83
2026-04-15 13:00:00+00:00,70.83
2026-04-15 13:30:00+00:00,70.95999908447266
2026-04-15 13:35:00+00:00,70.94999694824219
2026-04-15 13:55:00+00:00,71.0
2026-04-15 14:05:00+00:00,71.01000213623047
2026-04-15 14:25:00+00:00,71.06999969482422
2026-04-15 14:30:00+00:00,71.08999633789062
2026-04-15 14:45:00+00:00,71.08999633789062
2026-04-15 14:50:00+00:00,71.05999755859375
2026-04-15 14:55:00+00:00,71.06999969482422
2026-04-15 15:20:00+00:00,71.11000061035156
2026-04-15 15:25:00+00:00,71.12000274658203
2026-04-15 15:35:00+00:00,71.11000061035156
2026-04-15 15:45:00+00:00,71.11990356445312
2026-04-15 16:00:00+00:00,71.11000061035156
2026-04-15 16:20:00+00:00,71.11000061035156
2026-04-15 16:30:00+00:00,71.0999984741211
2026-04-15 16:40:00+00:00,71.11000061035156
2026-04-15 16:45:00+00:00,71.11000061035156
2026-04-15 17:10:00+00:00,71.12999725341797
2026-04-15 17:30:00+00:00,71.13999938964844
2026-04-15 17:40:00+00:00,71.1500015258789
2026-04-15 17:45:00+00:00,71.13999938964844
2026-04-15 18:00:00+00:00,71.16000366210938
2026-04-15 18:15:00+00:00,71.16500091552734
2026-04-15 18:25:00+00:00,71.16000366210938
2026-04-15 18:35:00+00:00,71.16000366210938
2026-04-15 18:55:00+00:00,71.17009735107422
2026-04-15 19:00:00+00:00,71.16000366210938
2026-04-15 19:05:00+00:00,71.1500015258789
2026-04-15 19:15:00+00:00,71.13999938964844
2026-04-15 19:25:00+00:00,71.16000366210938
2026-04-15 19:35:00+00:00,71.1500015258789
2026-04-15 19:40:00+00:00,71.1500015258789
2026-04-15 19:45:00+00:00,71.1500015258789
2026-04-15 19:50:00+00:00,71.1500015258789
2026-04-15 19:55:00+00:00,71.12999725341797
2026-04-15 20:00:00+00:00,71.13
2026-04-15 20:10:00+00:00,71.13
2026-04-15 20:15:00+00:00,71.13
2026-04-15 20:30:00+00:00,71.13
2026-04-15 20:45:00+00:00,71.13
2026-04-15 21:00:00+00:00,71.13
2026-04-15 21:05:00+00:00,70.73
2026-04-15 21:15:00+00:00,70.73
2026-04-15 21:30:00+00:00,70.73
2026-04-15 21:45:00+00:00,70.73
2026-04-15 22:00:00+00:00,70.73
2026-04-15 22:15:00+00:00,70.73
2026-04-16 13:30:00+00:00,71.22000122070312
2026-04-16 13:40:00+00:00,71.24500274658203
2026-04-16 13:45:00+00:00,71.24440002441406
2026-04-16 13:50:00+00:00,71.22000122070312
2026-04-16 14:05:00+00:00,71.26499938964844
2026-04-16 14:25:00+00:00,71.26499938964844
2026-04-16 14:30:00+00:00,71.26000213623047
2026-04-16 15:10:00+00:00,71.23999786376953
2026-04-16 15:15:00+00:00,71.26000213623047
2026-04-16 15:20:00+00:00,71.24500274658203
2026-04-16 15:25:00+00:00,71.2500991821289
2026-04-16 15:30:00+00:00,71.25
2026-04-16 16:05:00+00:00,71.2699966430664
2026-04-16 16:10:00+00:00,71.29000091552734
2026-04-16 16:25:00+00:00,71.27999877929688
2026-04-16 16:40:00+00:00,71.27999877929688
2026-04-16 17:05:00+00:00,71.30000305175781
2026-04-16 17:20:00+00:00,71.27999877929688
2026-04-16 17:35:00+00:00,71.28140258789062
2026-04-16 17:45:00+00:00,71.28500366210938
2026-04-16 17:50:00+00:00,71.28500366210938
2026-04-16 17:55:00+00:00,71.27999877929688
2026-04-16 18:00:00+00:00,71.29000091552734
2026-04-16 18:10:00+00:00,71.29399871826172
2026-04-16 18:15:00+00:00,71.29000091552734
2026-04-16 18:35:00+00:00,71.31999969482422
2026-04-16 18:50:00+00:00,71.30000305175781
2026-04-16 18:55:00+00:00,71.30500030517578
2026-04-16 19:00:00+00:00,71.31999969482422
2026-04-16 19:15:00+00:00,71.30999755859375
2026-04-16 19:35:00+00:00,71.33989715576172
2026-04-16 19:55:00+00:00,71.2699966430664
2026-04-16 20:00:00+00:00,71.27
2026-04-16 20:05:00+00:00,71.27
2026-04-16 20:10:00+00:00,71.27
2026-04-16 20:20:00+00:00,71.34
2026-04-16 20:35:00+00:00,71.34
2026-04-16 20:50:00+00:00,71.34
2026-04-16 21:05:00+00:00,71.34
2026-04-16 21:20:00+00:00,71.34
2026-04-16 21:35:00+00:00,71.34
2026-04-16 21:50:00+00:00,71.34
2026-04-16 22:05:00+00:00,71.34
2026-04-16 22:20:00+00:00,71.34
2026-04-17 13:30:00+00:00,71.51000213623047
2026-04-17 13:35:00+00:00,71.5
2026-04-17 13:40:00+00:00,71.54000091552734
2026-04-17 13:50:00+00:00,71.47000122070312
2026-04-17 14:00:00+00:00,71.48079681396484
2026-04-17 14:20:00+00:00,71.54000091552734
2026-04-17 14:25:00+00:00,71.56999969482422
2026-04-17 14:30:00+00:00,71.54000091552734
2026-04-17 14:35:00+00:00,71.51000213623047
2026-04-17 14:40:00+00:00,71.51000213623047
2026-04-17 14:45:00+00:00,71.48500061035156
2026-04-17 14:50:00+00:00,71.47000122070312
2026-04-17 14:55:00+00:00,71.48999786376953
2026-04-17 15:00:00+00:00,71.4800033569336
2026-04-17 15:10:00+00:00,71.48999786376953
2026-04-17 15:20:00+00:00,71.47000122070312
2026-04-17 15:30:00+00:00,71.5
2026-04-17 15:35:00+00:00,71.51000213623047
2026-04-17 15:45:00+00:00,71.5
2026-04-17 15:55:00+00:00,71.48999786376953
2026-04-17 16:10:00+00:00,71.45999908447266
2026-04-17 16:25:00+00:00,71.47000122070312
2026-04-17 16:30:00+00:00,71.45999908447266
2026-04-17 16:45:00+00:00,71.4800033569336
2026-04-17 16:50:00+00:00,71.47000122070312
2026-04-17 17:20:00+00:00,71.44000244140625
2026-04-17 17:25:00+00:00,71.44000244140625
2026-04-17 17:35:00+00:00,71.44999694824219
2026-04-17 17:40:00+00:00,71.43499755859375
2026-04-17 17:45:00+00:00,71.45999908447266
2026-04-17 17:50:00+00:00,71.46499633789062
2026-04-17 18:05:00+00:00,71.45999908447266
2026-04-17 18:20:00+00:00,71.44000244140625
2026-04-17 18:30:00+00:00,71.45999908447266
2026-04-17 18:45:00+00:00,71.43000030517578
2026-04-17 18:50:00+00:00,71.40010070800781
2026-04-17 18:55:00+00:00,71.41000366210938
2026-04-17 19:00:00+00:00,71.41999816894531
2026-04-17 19:05:00+00:00,71.44010162353516
2026-04-17 19:10:00+00:00,71.44000244140625
2026-04-17 19:15:00+00:00,71.44000244140625
2026-04-17 19:25:00+00:00,71.41999816894531
2026-04-17 19:40:00+00:00,71.41000366210938
2026-04-17 19:50:00+00:00,71.4000015258789
2026-04-17 19:55:00+00:00,71.3499984741211
2026-04-17 20:00:00+00:00,71.33
2026-04-17 20:05:00+00:00,71.33
2026-04-17 20:10:00+00:00,71.33
2026-04-17 20:20:00+00:00,71.33
2026-04-17 20:35:00+00:00,71.33
2026-04-17 20:50:00+00:00,71.33
2026-04-17 21:05:00+00:00,71.33
2026-04-17 21:25:00+00:00,71.33
2026-04-20 12:30:00+00:00,71.3
2026-04-20 12:40:00+00:00,71.25
2026-04-20 12:55:00+00:00,71.25
2026-04-20 13:10:00+00:00,71.25
2026-04-20 13:30:00+00:00,71.38999938964844
2026-04-20 13:45:00+00:00,71.44999694824219
2026-04-20 13:55:00+00:00,71.44509887695312
2026-04-20 14:10:00+00:00,71.41999816894531
2026-04-20 14:25:00+00:00,71.4800033569336
2026-04-20 14:30:00+00:00,71.4800033569336
2026-04-20 14:40:00+00:00,71.48999786376953
2026-04-20 14:50:00+00:00,71.5
2026-04-20 15:00:00+00:00,71.5199966430664
2026-04-20 15:20:00+00:00,71.55999755859375
2026-04-20 15:25:00+00:00,71.58000183105469
2026-04-20 15:35:00+00:00,71.56999969482422
2026-04-20 15:40:00+00:00,71.61000061035156
2026-04-20 15:45:00+00:00,71.61000061035156
2026-04-20 16:00:00+00:00,71.57499694824219
2026-04-20 16:25:00+00:00,71.5999984741211
2026-04-20 16:55:00+00:00,71.58999633789062
2026-04-20 17:10:00+00:00,71.61000061035156
2026-04-20 17:20:00+00:00,71.5999984741211
2026-04-20 17:25:00+00:00,71.59110260009766
2026-04-20 17:40:00+00:00,71.5999984741211
2026-04-20 18:05:00+00:00,71.62999725341797
2026-04-20 18:10:00+00:00,71.63999938964844
2026-04-20 18:15:00+00:00,71.6500015258789
2026-04-20 18:30:00+00:00,71.63999938964844
2026-04-20 18:35:00+00:00,71.63999938964844
2026-04-20 19:20:00+00:00,71.62000274658203
2026-04-20 19:35:00+00:00,71.62000274658203
2026-04-20 19:55:00+00:00,71.58000183105469
2026-04-20 20:00:00+00:00,71.58
2026-04-20 20:10:00+00:00,71.58
2026-04-20 20:20:00+00:00,71.5404
2026-04-20 20:25:00+00:00,71.5404
2026-04-20 20:40:00+00:00,71.5404
2026-04-20 20:55:00+00:00,71.5404
2026-04-20 21:10:00+00:00,71.54
2026-04-20 21:25:00+00:00,71.54
2026-04-20 21:40:00+00:00,71.54
2026-04-20 21:55:00+00:00,71.54
2026-04-20 22:10:00+00:00,71.54
2026-04-20 22:25:00+00:00,71.54
2026-04-21 13:30:00+00:00,71.61000061035156
2026-04-21 13:50:00+00:00,71.62000274658203
2026-04-21 13:55:00+00:00,71.63999938964844
2026-04-21 14:05:00+00:00,71.62999725341797
2026-04-21 14:10:00+00:00,71.6500015258789
2026-04-21 14:15:00+00:00,71.63999938964844
2026-04-21 14:20:00+00:00,71.6449966430664
2026-04-21 14:25:00+00:00,71.6500015258789
2026-04-21 15:10:00+00:00,71.62000274658203
2026-04-21 15:40:00+00:00,71.58999633789062
2026-04-21 15:45:00+00:00,71.61000061035156
2026-04-21 15:50:00+00:00,71.5999984741211
2026-04-21 15:55:00+00:00,71.62000274658203
2026-04-21 16:00:00+00:00,71.62999725341797
2026-04-21 16:15:00+00:00,71.61000061035156
2026-04-21 16:55:00+00:00,71.54000091552734
2026-04-21 17:10:00+00:00,71.4800033569336
2026-04-21 17:25:00+00:00,71.4800033569336
2026-04-21 17:30:00+00:00,71.4800033569336
2026-04-21 17:40:00+00:00,71.55999755859375
2026-04-21 17:50:00+00:00,71.54000091552734
2026-04-21 18:05:00+00:00,71.52999877929688
2026-04-21 18:10:00+00:00,71.5199966430664
2026-04-21 18:20:00+00:00,71.48999786376953
2026-04-21 18:25:00+00:00,71.4800033569336
2026-04-21 18:50:00+00:00,71.51000213623047
2026-04-21 18:55:00+00:00,71.5199966430664
2026-04-21 19:35:00+00:00,71.48999786376953
2026-04-21 19:40:00+00:00,71.45320129394531
2026-04-21 19:50:00+00:00,71.45999908447266
2026-04-21 19:55:00+00:00,71.45500183105469
2026-04-21 20:00:00+00:00,71.455
2026-04-21 20:10:00+00:00,71.455
2026-04-21 20:25:00+00:00,71.455
2026-04-21 20:35:00+00:00,71.455
2026-04-21 20:55:00+00:00,71.455
2026-04-21 21:10:00+00:00,71.455
2026-04-21 21:25:00+00:00,71.455
2026-04-21 21:40:00+00:00,71.455
2026-04-21 21:55:00+00:00,71.455
2026-04-21 22:10:00+00:00,71.455
2026-04-21 22:25:00+00:00,71.455
2026-04-21 23:05:00+00:00,71.44
2026-04-21 23:10:00+00:00,71.44
2026-04-21 23:25:00+00:00,71.44
2026-04-21 23:40:00+00:00,71.44
2026-04-21 23:55:00+00:00,71.44
2026-04-22 12:20:00+00:00,71.45
2026-04-22 12:25:00+00:00,71.45
2026-04-22 12:40:00+00:00,71.45
2026-04-22 12:55:00+00:00,71.45
2026-04-22 13:10:00+00:00,71.45
2026-04-22 13:30:00+00:00,71.51000213623047
2026-04-22 13:35:00+00:00,71.51000213623047
2026-04-22 14:15:00+00:00,71.56999969482422
2026-04-22 14:25:00+00:00,71.56999969482422
2026-04-22 14:35:00+00:00,71.54930114746094
2026-04-22 15:35:00+00:00,71.52970123291016
2026-04-22 15:45:00+00:00,71.51000213623047
2026-04-22 15:50:00+00:00,71.51000213623047
2026-04-22 16:00:00+00:00,71.5199966430664
2026-04-22 17:00:00+00:00,71.54000091552734
2026-04-22 18:30:00+00:00,71.5
2026-04-22 19:05:00+00:00,71.5
2026-04-22 19:40:00+00:00,71.5
2026-04-22 19:55:00+00:00,71.45500183105469
2026-04-22 20:00:00+00:00,71.455
2026-04-22 20:10:00+00:00,71.455
2026-04-22 20:25:00+00:00,71.455
2026-04-22 20:40:00+00:00,71.455
2026-04-22 20:55:00+00:00,71.455
2026-04-22 21:10:00+00:00,71.455
2026-04-22 21:25:00+00:00,71.455
2026-04-22 21:40:00+00:00,71.455
2026-04-22 21:55:00+00:00,71.455
2026-04-22 22:10:00+00:00,71.455
2026-04-22 22:15:00+00:00,71.47
2026-04-22 22:25:00+00:00,71.47
2026-04-23 11:25:00+00:00,71.45
2026-04-23 11:30:00+00:00,71.45
2026-04-23 11:55:00+00:00,71.4
2026-04-23 12:00:00+00:00,71.4
2026-04-23 12:15:00+00:00,71.4
2026-04-23 12:30:00+00:00,71.4
2026-04-23 12:45:00+00:00,71.4
2026-04-23 13:00:00+00:00,71.4
2026-04-23 13:30:00+00:00,71.41999816894531
2026-04-23 13:35:00+00:00,71.41999816894531
2026-04-23 14:20:00+00:00,71.4749984741211
2026-04-23 14:35:00+00:00,71.44000244140625
2026-04-23 14:45:00+00:00,71.44000244140625
2026-04-23 15:00:00+00:00,71.43000030517578
2026-04-23 15:10:00+00:00,71.4000015258789
2026-04-23 15:15:00+00:00,71.43209838867188
2026-04-23 15:25:00+00:00,71.41999816894531
2026-04-23 15:35:00+00:00,71.41000366210938
2026-04-23 15:40:00+00:00,71.41999816894531
2026-04-23 15:55:00+00:00,71.41000366210938
2026-04-23 16:35:00+00:00,71.3499984741211
2026-04-23 16:55:00+00:00,71.3499984741211
2026-04-23 17:10:00+00:00,71.27999877929688
2026-04-23 17:15:00+00:00,71.27999877929688
2026-04-23 17:45:00+00:00,71.25
2026-04-23 17:50:00+00:00,71.30000305175781
2026-04-23 18:00:00+00:00,71.3499984741211
2026-04-23 18:05:00+00:00,71.36000061035156
2026-04-23 18:10:00+00:00,71.36000061035156
2026-04-23 18:15:00+00:00,71.36000061035156
2026-04-23 18:45:00+00:00,71.37000274658203
2026-04-23 18:50:00+00:00,71.36000061035156
2026-04-23 18:55:00+00:00,71.3499984741211
2026-04-23 19:15:00+00:00,71.33000183105469
2026-04-23 19:20:00+00:00,71.33999633789062
2026-04-23 19:25:00+00:00,71.3499984741211
2026-04-23 19:35:00+00:00,71.33000183105469
2026-04-23 19:40:00+00:00,71.34200286865234
2026-04-23 19:50:00+00:00,71.33000183105469
2026-04-23 19:55:00+00:00,71.34500122070312
2026-04-23 20:00:00+00:00,71.345
2026-04-23 20:10:00+00:00,71.345
2026-04-23 20:15:00+00:00,71.345
2026-04-23 20:30:00+00:00,71.345
2026-04-23 20:45:00+00:00,71.345
2026-04-23 21:00:00+00:00,71.345
2026-04-23 21:15:00+00:00,71.345
2026-04-23 21:30:00+00:00,71.345
2026-04-23 21:45:00+00:00,71.345
2026-04-23 22:00:00+00:00,71.345
2026-04-23 22:15:00+00:00,71.345
2026-04-24 13:30:00+00:00,71.33999633789062
2026-04-24 13:35:00+00:00,71.3499984741211
2026-04-24 13:40:00+00:00,71.3499984741211
2026-04-24 13:50:00+00:00,71.3499984741211
2026-04-24 14:00:00+00:00,71.32499694824219
2026-04-24 14:10:00+00:00,71.37000274658203
2026-04-24 14:15:00+00:00,71.37999725341797
2026-04-24 14:30:00+00:00,71.41000366210938
2026-04-24 14:50:00+00:00,71.4000015258789
2026-04-24 15:30:00+00:00,71.41000366210938
2026-04-24 15:45:00+00:00,71.43329620361328
2026-04-24 15:55:00+00:00,71.44999694824219
2026-04-24 16:00:00+00:00,71.44499969482422
2026-04-24 16:25:00+00:00,71.44000244140625
2026-04-24 16:30:00+00:00,71.44010162353516
2026-04-24 16:35:00+00:00,71.44000244140625
2026-04-24 18:00:00+00:00,71.4749984741211
2026-04-24 18:15:00+00:00,71.48999786376953
2026-04-24 18:20:00+00:00,71.48999786376953
2026-04-24 18:40:00+00:00,71.51499938964844
2026-04-24 18:50:00+00:00,71.5
2026-04-24 18:55:00+00:00,71.5
2026-04-24 19:10:00+00:00,71.51000213623047
2026-04-24 19:45:00+00:00,71.51000213623047
2026-04-24 19:55:00+00:00,71.48999786376953
2026-04-24 20:00:00+00:00,71.49
2026-04-24 20:10:00+00:00,71.49
2026-04-24 20:15:00+00:00,71.49
2026-04-24 20:30:00+00:00,71.49
2026-04-24 20:45:00+00:00,71.49
2026-04-24 21:00:00+00:00,71.49
2026-04-24 21:05:00+00:00,71.49
2026-04-24 21:25:00+00:00,71.49
2026-04-27 11:00:00+00:00,71.79
2026-04-27 11:10:00+00:00,71.79
2026-04-27 11:25:00+00:00,71.79
2026-04-27 13:30:00+00:00,71.81999969482422
2026-04-27 13:55:00+00:00,71.80000305175781
2026-04-27 14:05:00+00:00,71.81999969482422
2026-04-27 14:10:00+00:00,71.81999969482422
2026-04-27 14:20:00+00:00,71.83000183105469
2026-04-27 14:35:00+00:00,71.83000183105469
2026-04-27 14:50:00+00:00,71.80999755859375
2026-04-27 14:55:00+00:00,71.76000213623047
2026-04-27 15:00:00+00:00,71.7699966430664
2026-04-27 15:20:00+00:00,71.75
2026-04-27 15:40:00+00:00,71.75779724121094
2026-04-27 15:55:00+00:00,71.76000213623047
2026-04-27 16:00:00+00:00,71.7699966430664
2026-04-27 16:20:00+00:00,71.76000213623047
2026-04-27 16:25:00+00:00,71.76000213623047
2026-04-27 16:30:00+00:00,71.76000213623047
2026-04-27 16:35:00+00:00,71.76000213623047
2026-04-27 16:40:00+00:00,71.75
2026-04-27 17:30:00+00:00,71.7300033569336
2026-04-27 18:30:00+00:00,71.73999786376953
2026-04-27 18:35:00+00:00,71.7300033569336
2026-04-27 19:10:00+00:00,71.69999694824219
2026-04-27 19:50:00+00:00,71.67410278320312
2026-04-27 20:00:00+00:00,71.6741
2026-04-27 20:10:00+00:00,71.6741
2026-04-27 20:25:00+00:00,71.6741
2026-04-27 20:35:00+00:00,71.6741
2026-04-27 20:55:00+00:00,71.6741
2026-04-27 21:10:00+00:00,71.6741
2026-04-27 21:25:00+00:00,71.6741
2026-04-27 21:40:00+00:00,71.6741
2026-04-27 21:55:00+00:00,71.6741
2026-04-27 22:10:00+00:00,71.6741
2026-04-27 22:25:00+00:00,71.6741
2026-04-28 13:30:00+00:00,71.4489974975586
2026-04-28 13:40:00+00:00,71.5199966430664
2026-04-28 14:10:00+00:00,71.4800033569336
2026-04-28 14:25:00+00:00,71.4800033569336
2026-04-28 14:30:00+00:00,71.5
2026-04-28 14:35:00+00:00,71.4800033569336
2026-04-28 14:50:00+00:00,71.43399810791016
2026-04-28 15:10:00+00:00,71.4000015258789
2026-04-28 15:25:00+00:00,71.44000244140625
2026-04-28 15:35:00+00:00,71.44999694824219
2026-04-28 16:30:00+00:00,71.41999816894531
2026-04-28 17:10:00+00:00,71.42500305175781
2026-04-28 18:05:00+00:00,71.4083023071289
2026-04-28 20:00:00+00:00,71.4083
2026-04-28 20:10:00+00:00,71.4083
2026-04-28 20:15:00+00:00,71.4083
2026-04-28 20:30:00+00:00,71.4083
2026-04-28 20:45:00+00:00,71.4083
2026-04-28 21:00:00+00:00,71.4083
2026-04-28 21:15:00+00:00,71.4083
2026-04-28 21:30:00+00:00,71.4083
2026-04-28 21:45:00+00:00,71.35
2026-04-28 22:00:00+00:00,71.35
2026-04-28 22:15:00+00:00,71.35
2026-04-29 13:30:00+00:00,71.38500213623047
2026-04-29 14:05:00+00:00,71.31999969482422
2026-04-29 14:15:00+00:00,71.37000274658203
2026-04-29 14:20:00+00:00,71.38999938964844
2026-04-29 14:35:00+00:00,71.37000274658203
2026-04-29 14:50:00+00:00,71.41999816894531
2026-04-29 15:15:00+00:00,71.41999816894531
2026-04-29 15:20:00+00:00,71.44000244140625
2026-04-29 16:20:00+00:00,71.47000122070312
2026-04-29 18:05:00+00:00,71.41000366210938
2026-04-29 18:40:00+00:00,71.38999938964844
2026-04-29 19:35:00+00:00,71.4000015258789
2026-04-29 19:55:00+00:00,71.42500305175781
2026-04-29 20:00:00+00:00,71.425
2026-04-29 20:10:00+00:00,71.41
2026-04-29 20:15:00+00:00,71.3935
2026-04-29 20:30:00+00:00,71.3935
2026-04-29 20:40:00+00:00,71.44
2026-04-29 20:45:00+00:00,71.44
2026-04-29 21:00:00+00:00,71.44
2026-04-29 21:15:00+00:00,71.44
2026-04-29 21:30:00+00:00,71.44
2026-04-29 21:45:00+00:00,71.44
2026-04-29 22:00:00+00:00,71.44
2026-04-29 22:15:00+00:00,71.44
2026-04-30 13:35:00+00:00,71.5
2026-04-30 13:55:00+00:00,71.54000091552734
2026-04-30 14:05:00+00:00,71.58999633789062
2026-04-30 14:15:00+00:00,71.63999938964844
2026-04-30 14:20:00+00:00,71.66000366210938
2026-04-30 14:25:00+00:00,71.66500091552734
2026-04-30 14:30:00+00:00,71.62999725341797
2026-04-30 14:40:00+00:00,71.62000274658203
2026-04-30 14:45:00+00:00,71.6500015258789
2026-04-30 14:50:00+00:00,71.7300033569336
2026-04-30 14:55:00+00:00,71.80999755859375
2026-04-30 15:00:00+00:00,71.81999969482422
2026-04-30 15:05:00+00:00,71.77999877929688
2026-04-30 15:15:00+00:00,71.79000091552734
2026-04-30 15:30:00+00:00,71.82499694824219
2026-04-30 15:35:00+00:00,71.83000183105469
2026-04-30 16:00:00+00:00,71.80999755859375
2026-04-30 16:05:00+00:00,71.81999969482422
2026-04-30 16:10:00+00:00,71.80999755859375
2026-04-30 16:20:00+00:00,71.80000305175781
2026-04-30 16:40:00+00:00,71.8010025024414
2026-04-30 16:45:00+00:00,71.80010223388672
2026-04-30 16:50:00+00:00,71.80000305175781
2026-04-30 16:55:00+00:00,71.79000091552734
2026-04-30 17:00:00+00:00,71.80999755859375
2026-04-30 17:05:00+00:00,71.80000305175781
2026-04-30 17:15:00+00:00,71.79000091552734
2026-04-30 17:50:00+00:00,71.80000305175781
2026-04-30 18:05:00+00:00,71.81999969482422
2026-04-30 18:50:00+00:00,71.93000030517578
2026-04-30 19:05:00+00:00,71.95099639892578
2026-04-30 19:10:00+00:00,71.94000244140625
2026-04-30 19:20:00+00:00,71.91500091552734
2026-04-30 19:35:00+00:00,71.93000030517578
2026-04-30 19:55:00+00:00,71.94000244140625
2026-04-30 20:00:00+00:00,71.94
2026-04-30 20:10:00+00:00,71.94
2026-04-30 20:20:00+00:00,71.94
2026-04-30 20:40:00+00:00,71.94
2026-04-30 20:55:00+00:00,71.94
2026-04-30 21:05:00+00:00,71.94
2026-05-01 11:00:00+00:00,72.0
2026-05-01 11:05:00+00:00,72.0
2026-05-01 11:45:00+00:00,72.0
2026-05-01 12:10:00+00:00,72.0
2026-05-01 12:25:00+00:00,72.0
2026-05-01 12:40:00+00:00,72.0
2026-05-01 12:55:00+00:00,72.0
2026-05-01 13:10:00+00:00,72.0
2026-05-01 13:30:00+00:00,72.08000183105469
2026-05-01 13:45:00+00:00,72.04499816894531
2026-05-01 13:50:00+00:00,72.02999877929688
2026-05-01 13:55:00+00:00,72.04080200195312
2026-05-01 14:15:00+00:00,72.02999877929688
2026-05-01 14:20:00+00:00,72.0199966430664
2026-05-01 14:25:00+00:00,72.02010345458984
2026-05-01 14:30:00+00:00,72.0199966430664
2026-05-01 14:35:00+00:00,72.01000213623047
2026-05-01 15:05:00+00:00,72.0
2026-05-01 15:20:00+00:00,72.01000213623047
2026-05-01 15:30:00+00:00,72.0
2026-05-01 15:35:00+00:00,72.0
2026-05-01 15:40:00+00:00,71.98999786376953
2026-05-01 15:50:00+00:00,71.9800033569336
2026-05-01 16:05:00+00:00,71.97000122070312
2026-05-01 16:25:00+00:00,71.94000244140625
2026-05-01 16:40:00+00:00,71.91999816894531
2026-05-01 17:20:00+00:00,71.91999816894531
2026-05-01 18:10:00+00:00,71.9000015258789
2026-05-01 18:25:00+00:00,71.9000015258789
2026-05-01 19:55:00+00:00,71.88999938964844
2026-05-01 20:00:00+00:00,71.88
2026-05-01 20:10:00+00:00,71.88
2026-05-01 20:25:00+00:00,71.88
2026-05-01 20:40:00+00:00,71.88
2026-05-01 20:55:00+00:00,71.88
2026-05-04 13:30:00+00:00,71.77989959716797
2026-05-04 13:35:00+00:00,71.7699966430664
2026-05-04 13:55:00+00:00,71.79000091552734
2026-05-04 14:20:00+00:00,71.80999755859375
2026-05-04 14:25:00+00:00,71.80999755859375
2026-05-04 14:45:00+00:00,71.80999755859375
2026-05-04 15:10:00+00:00,71.80999755859375
2026-05-04 15:15:00+00:00,71.83000183105469
2026-05-04 15:45:00+00:00,71.76000213623047
2026-05-04 17:35:00+00:00,71.79000091552734
2026-05-04 18:45:00+00:00,71.80000305175781
2026-05-04 19:15:00+00:00,71.79000091552734
2026-05-04 19:20:00+00:00,71.80500030517578
2026-05-04 19:30:00+00:00,71.79000091552734
2026-05-04 19:35:00+00:00,71.78579711914062
2026-05-04 20:00:00+00:00,71.7858
2026-05-04 20:05:00+00:00,71.7858
2026-05-04 20:10:00+00:00,71.7858
2026-05-04 20:20:00+00:00,71.7858
2026-05-04 20:30:00+00:00,71.7858
2026-05-04 20:50:00+00:00,71.7858
2026-05-05 13:30:00+00:00,71.7699966430664
2026-05-05 13:40:00+00:00,71.73999786376953
2026-05-05 13:50:00+00:00,71.7699966430664
2026-05-05 13:55:00+00:00,71.7771987915039
2026-05-05 14:00:00+00:00,71.80000305175781
2026-05-05 14:20:00+00:00,71.77999877929688
2026-05-05 14:45:00+00:00,71.79000091552734
2026-05-05 14:50:00+00:00,71.77999877929688
2026-05-05 15:10:00+00:00,71.76000213623047
2026-05-05 15:30:00+00:00,71.76000213623047
2026-05-05 15:45:00+00:00,71.80000305175781
2026-05-05 15:55:00+00:00,71.80000305175781
2026-05-05 16:05:00+00:00,71.77999877929688
2026-05-05 16:20:00+00:00,71.75
2026-05-05 16:35:00+00:00,71.74949645996094
2026-05-05 17:00:00+00:00,71.73999786376953
2026-05-05 17:45:00+00:00,71.7300033569336
2026-05-05 17:55:00+00:00,71.7499008178711
2026-05-05 18:35:00+00:00,71.75
2026-05-05 18:45:00+00:00,71.73999786376953
2026-05-05 19:25:00+00:00,71.73999786376953
2026-05-05 19:30:00+00:00,71.73999786376953
2026-05-05 19:35:00+00:00,71.7300033569336
2026-05-05 19:55:00+00:00,71.7249984741211
2026-05-05 20:00:00+00:00,71.75
2026-05-05 20:05:00+00:00,71.75
2026-05-05 20:10:00+00:00,71.75
2026-05-05 20:15:00+00:00,71.75
2026-05-05 20:35:00+00:00,71.75
2026-05-05 20:50:00+00:00,71.75
2026-05-05 21:05:00+00:00,71.75
2026-05-06 08:00:00+00:00,71.88
2026-05-06 08:05:00+00:00,71.88
2026-05-06 08:20:00+00:00,71.88
2026-05-06 08:35:00+00:00,71.88
2026-05-06 08:50:00+00:00,71.88
2026-05-06 09:05:00+00:00,71.88
2026-05-06 09:20:00+00:00,71.88
2026-05-06 09:35:00+00:00,71.88
2026-05-06 09:50:00+00:00,71.88
2026-05-06 10:05:00+00:00,71.88
2026-05-06 10:20:00+00:00,71.88
2026-05-06 10:35:00+00:00,71.88
2026-05-06 10:50:00+00:00,71.88
2026-05-06 11:00:00+00:00,71.88
2026-05-06 11:45:00+00:00,71.88
2026-05-06 12:05:00+00:00,71.88
2026-05-06 12:20:00+00:00,71.88
2026-05-06 12:35:00+00:00,71.88
2026-05-06 12:50:00+00:00,71.88
2026-05-06 13:05:00+00:00,71.88
2026-05-06 13:35:00+00:00,71.76599884033203
2026-05-06 13:45:00+00:00,71.7699966430664
2026-05-06 14:20:00+00:00,71.76000213623047
2026-05-06 14:35:00+00:00,71.7699966430664
2026-05-06 15:30:00+00:00,71.7490005493164
2026-05-06 15:35:00+00:00,71.7499008178711
2026-05-06 15:40:00+00:00,71.75
2026-05-06 16:45:00+00:00,71.70999908447266
2026-05-06 16:50:00+00:00,71.69999694824219
2026-05-06 16:55:00+00:00,71.68000030517578
2026-05-06 17:10:00+00:00,71.66000366210938
2026-05-06 17:50:00+00:00,71.64009857177734
2026-05-06 17:55:00+00:00,71.66000366210938
2026-05-06 18:00:00+00:00,71.66000366210938
2026-05-06 19:45:00+00:00,71.69000244140625
2026-05-06 19:55:00+00:00,71.69000244140625
2026-05-06 20:00:00+00:00,71.69
2026-05-06 20:05:00+00:00,71.69
2026-05-06 20:10:00+00:00,71.69
2026-05-06 20:20:00+00:00,71.69
2026-05-06 20:35:00+00:00,71.69
2026-05-06 20:50:00+00:00,71.85
2026-05-06 21:05:00+00:00,71.85
2026-05-07 11:00:00+00:00,71.6029
2026-05-07 11:10:00+00:00,71.6029
2026-05-07 11:25:00+00:00,71.6029
2026-05-07 11:40:00+00:00,71.6029
2026-05-07 11:55:00+00:00,71.6029
2026-05-07 12:10:00+00:00,71.6029
2026-05-07 12:25:00+00:00,71.6029
2026-05-07 12:35:00+00:00,71.6029
2026-05-07 12:55:00+00:00,71.6029
2026-05-07 13:10:00+00:00,71.6029
2026-05-07 13:30:00+00:00,71.70999908447266
2026-05-07 13:35:00+00:00,71.68000030517578
2026-05-07 13:45:00+00:00,71.66999816894531
2026-05-07 14:05:00+00:00,71.63999938964844
2026-05-07 14:15:00+00:00,71.66000366210938
2026-05-07 14:20:00+00:00,71.66999816894531
2026-05-07 14:25:00+00:00,71.66000366210938
2026-05-07 14:30:00+00:00,71.69000244140625
2026-05-07 15:00:00+00:00,71.68000030517578
2026-05-07 15:05:00+00:00,71.68450164794922
2026-05-07 15:15:00+00:00,71.66999816894531
2026-05-07 15:30:00+00:00,71.66999816894531
2026-05-07 15:35:00+00:00,71.66999816894531
2026-05-07 15:45:00+00:00,71.66000366210938
2026-05-07 16:00:00+00:00,71.66000366210938
2026-05-07 16:25:00+00:00,71.69000244140625
2026-05-07 16:40:00+00:00,71.69000244140625
2026-05-07 16:55:00+00:00,71.68000030517578
2026-05-07 18:10:00+00:00,71.66999816894531
2026-05-07 18:30:00+00:00,71.66000366210938
2026-05-07 18:35:00+00:00,71.66000366210938
2026-05-07 18:40:00+00:00,71.6500015258789
2026-05-07 18:55:00+00:00,71.66000366210938
2026-05-07 19:00:00+00:00,71.66000366210938
2026-05-07 19:05:00+00:00,71.68000030517578
2026-05-07 19:50:00+00:00,71.62999725341797
2026-05-07 20:00:00+00:00,71.56
2026-05-07 20:10:00+00:00,71.56
2026-05-07 20:20:00+00:00,71.56
2026-05-07 20:40:00+00:00,71.56
2026-05-07 20:55:00+00:00,71.56
2026-05-07 21:05:00+00:00,71.56
2026-05-08 08:10:00+00:00,71.4251
2026-05-08 08:25:00+00:00,71.4251
2026-05-08 08:40:00+00:00,71.4251
2026-05-08 08:55:00+00:00,71.4251
2026-05-08 09:10:00+00:00,71.4251
2026-05-08 09:25:00+00:00,71.4251
2026-05-08 09:40:00+00:00,71.4251
2026-05-08 09:55:00+00:00,71.4251
2026-05-08 10:00:00+00:00,71.4251
2026-05-08 10:25:00+00:00,71.4251
2026-05-08 10:40:00+00:00,71.4251
2026-05-08 10:55:00+00:00,71.4251
2026-05-08 11:10:00+00:00,71.4251
2026-05-08 11:25:00+00:00,71.4251
2026-05-08 11:35:00+00:00,71.4251
2026-05-08 11:55:00+00:00,71.4251
2026-05-08 12:10:00+00:00,71.4251
2026-05-08 12:25:00+00:00,71.4251
2026-05-08 12:40:00+00:00,71.4251
2026-05-08 12:55:00+00:00,71.4251
2026-05-08 13:10:00+00:00,71.4251
2026-05-08 13:30:00+00:00,71.35600280761719
2026-05-08 13:35:00+00:00,71.34500122070312
2026-05-08 13:45:00+00:00,71.30000305175781
2026-05-08 14:05:00+00:00,71.31999969482422
2026-05-08 14:20:00+00:00,71.3499984741211
2026-05-08 14:30:00+00:00,71.33999633789062
2026-05-08 14:55:00+00:00,71.38990020751953
2026-05-08 15:00:00+00:00,71.37989807128906
2026-05-08 15:05:00+00:00,71.38990020751953
2026-05-08 15:10:00+00:00,71.37000274658203
2026-05-08 15:30:00+00:00,71.4000015258789
2026-05-08 15:45:00+00:00,71.44999694824219
2026-05-08 15:55:00+00:00,71.43000030517578
2026-05-08 16:20:00+00:00,71.41000366210938
2026-05-08 16:35:00+00:00,71.4000015258789
2026-05-08 16:40:00+00:00,71.4000015258789
2026-05-08 16:55:00+00:00,71.38999938964844
2026-05-08 17:30:00+00:00,71.41999816894531
2026-05-08 17:50:00+00:00,71.41000366210938
2026-05-08 19:30:00+00:00,71.45999908447266
2026-05-08 19:45:00+00:00,71.44000244140625
2026-05-08 19:50:00+00:00,71.4124984741211
2026-05-08 19:55:00+00:00,71.41950225830078
2026-05-08 20:00:00+00:00,71.4195
2026-05-08 20:10:00+00:00,71.4195
2026-05-08 20:25:00+00:00,71.4195
2026-05-08 20:40:00+00:00,71.4195
2026-05-08 20:55:00+00:00,71.4195
2026-05-08 21:05:00+00:00,71.4195
2026-05-08 21:35:00+00:00,71.37
2026-05-11 10:50:00+00:00,71.54
2026-05-11 11:05:00+00:00,71.54
2026-05-11 11:20:00+00:00,71.54
2026-05-11 11:30:00+00:00,71.51
2026-05-11 11:35:00+00:00,71.51
2026-05-11 11:50:00+00:00,71.51
2026-05-11 12:05:00+00:00,71.51
2026-05-11 12:20:00+00:00,71.51
2026-05-11 12:30:00+00:00,71.45
2026-05-11 12:35:00+00:00,71.45
2026-05-11 12:50:00+00:00,71.45
2026-05-11 13:05:00+00:00,71.45
2026-05-11 13:30:00+00:00,71.51000213623047
2026-05-11 13:55:00+00:00,71.54499816894531
2026-05-11 14:35:00+00:00,71.5999984741211
2026-05-11 14:45:00+00:00,71.5968017578125
2026-05-11 14:50:00+00:00,71.58999633789062
2026-05-11 15:00:00+00:00,71.5
2026-05-11 17:00:00+00:00,71.51000213623047
2026-05-11 17:15:00+00:00,71.5199966430664
2026-05-11 17:25:00+00:00,71.5199966430664
2026-05-11 18:20:00+00:00,71.48999786376953
2026-05-11 19:15:00+00:00,71.4800033569336
2026-05-11 19:35:00+00:00,71.46990203857422
2026-05-11 19:40:00+00:00,71.45999908447266
2026-05-11 19:55:00+00:00,71.43000030517578
2026-05-11 20:00:00+00:00,71.43
2026-05-11 20:10:00+00:00,71.43
2026-05-11 20:20:00+00:00,71.43
2026-05-11 20:25:00+00:00,71.43
2026-05-11 20:50:00+00:00,71.43
2026-05-11 21:05:00+00:00,71.43
2026-05-12 13:30:00+00:00,71.27999877929688
2026-05-12 13:40:00+00:00,71.2300033569336
2026-05-12 13:50:00+00:00,71.25
2026-05-12 14:00:00+00:00,71.26000213623047
2026-05-12 14:15:00+00:00,71.2699966430664
2026-05-12 14:25:00+00:00,71.26000213623047
2026-05-12 14:35:00+00:00,71.26000213623047
2026-05-12 15:00:00+00:00,71.26000213623047
2026-05-12 15:45:00+00:00,71.25
2026-05-12 16:15:00+00:00,71.2750015258789
2026-05-12 17:20:00+00:00,71.2699966430664
2026-05-12 18:05:00+00:00,71.2509994506836
2026-05-12 18:30:00+00:00,71.30000305175781
2026-05-12 19:10:00+00:00,71.35099792480469
2026-05-12 19:55:00+00:00,71.33350372314453
2026-05-12 20:00:00+00:00,71.3335
2026-05-12 20:10:00+00:00,71.3335
2026-05-12 20:20:00+00:00,71.3335
2026-05-12 20:35:00+00:00,71.3335
2026-05-12 20:50:00+00:00,71.3335
2026-05-12 21:05:00+00:00,71.3335
2026-05-13 13:30:00+00:00,71.33000183105469
2026-05-13 13:40:00+00:00,71.29000091552734
2026-05-13 13:45:00+00:00,71.27999877929688
2026-05-13 14:15:00+00:00,71.30999755859375
2026-05-13 14:40:00+00:00,71.3499984741211
2026-05-13 15:10:00+00:00,71.30000305175781
2026-05-13 15:45:00+00:00,71.33660125732422
2026-05-13 16:00:00+00:00,71.31999969482422
2026-05-13 16:25:00+00:00,71.3499984741211
2026-05-13 16:45:00+00:00,71.31999969482422
2026-05-13 17:05:00+00:00,71.30999755859375
2026-05-13 17:50:00+00:00,71.27999877929688
2026-05-13 18:30:00+00:00,71.2750015258789
2026-05-13 19:30:00+00:00,71.30000305175781
2026-05-13 19:35:00+00:00,71.29000091552734
2026-05-13 19:55:00+00:00,71.29000091552734
2026-05-13 20:00:00+00:00,71.29
2026-05-13 20:10:00+00:00,71.29
2026-05-13 20:20:00+00:00,71.29
2026-05-13 20:35:00+00:00,71.29
2026-05-13 20:55:00+00:00,71.29
2026-05-13 21:05:00+00:00,71.29
2026-05-14 13:30:00+00:00,71.19000244140625
2026-05-14 13:40:00+00:00,71.21499633789062
2026-05-14 14:15:00+00:00,71.26000213623047
2026-05-14 14:20:00+00:00,71.23999786376953
2026-05-14 14:30:00+00:00,71.22000122070312
2026-05-14 14:55:00+00:00,71.19989776611328
2026-05-14 15:00:00+00:00,71.1500015258789
2026-05-14 15:25:00+00:00,71.16000366210938
2026-05-14 15:30:00+00:00,71.16000366210938
2026-05-14 15:40:00+00:00,71.19999694824219
2026-05-14 16:15:00+00:00,71.19999694824219
2026-05-14 16:20:00+00:00,71.19000244140625
2026-05-14 16:25:00+00:00,71.18000030517578
2026-05-14 16:35:00+00:00,71.19000244140625
2026-05-14 17:20:00+00:00,71.19999694824219
2026-05-14 17:25:00+00:00,71.19000244140625
2026-05-14 17:50:00+00:00,71.20999908447266
2026-05-14 18:00:00+00:00,71.19000244140625
2026-05-14 18:10:00+00:00,71.19000244140625
2026-05-14 18:25:00+00:00,71.19999694824219
2026-05-14 18:30:00+00:00,71.19999694824219
2026-05-14 19:10:00+00:00,71.19999694824219
2026-05-14 19:30:00+00:00,71.19000244140625
2026-05-14 19:35:00+00:00,71.19000244140625
2026-05-14 19:50:00+00:00,71.18000030517578
2026-05-14 19:55:00+00:00,71.19999694824219
2026-05-14 20:00:00+00:00,71.2
2026-05-14 20:10:00+00:00,71.2
2026-05-14 20:25:00+00:00,71.2
2026-05-14 20:40:00+00:00,71.2
2026-05-14 20:55:00+00:00,71.2
2026-05-14 21:05:00+00:00,71.2
2026-05-15 12:50:00+00:00,71.011
2026-05-15 12:55:00+00:00,71.011
2026-05-15 13:10:00+00:00,71.011
2026-05-15 14:10:00+00:00,71.0
2026-05-15 14:15:00+00:00,71.04000091552734
2026-05-15 14:30:00+00:00,71.02999877929688
2026-05-15 14:45:00+00:00,71.01000213623047
2026-05-15 14:55:00+00:00,71.0199966430664
2026-05-15 15:15:00+00:00,71.0199966430664
2026-05-15 15:30:00+00:00,71.01000213623047
2026-05-15 15:50:00+00:00,71.02100372314453
2026-05-15 15:55:00+00:00,71.04000091552734
2026-05-15 16:40:00+00:00,71.1500015258789
2026-05-15 16:50:00+00:00,71.12999725341797
2026-05-15 16:55:00+00:00,71.13990020751953
2026-05-15 17:35:00+00:00,71.12100219726562
2026-05-15 17:40:00+00:00,71.12999725341797
2026-05-15 17:50:00+00:00,71.11000061035156
2026-05-15 18:10:00+00:00,71.07499694824219
2026-05-15 18:15:00+00:00,71.05000305175781
2026-05-15 18:20:00+00:00,71.05000305175781
2026-05-15 19:00:00+00:00,71.04000091552734
2026-05-15 19:05:00+00:00,71.04000091552734
2026-05-15 19:15:00+00:00,71.04000091552734
2026-05-15 19:20:00+00:00,71.05000305175781
2026-05-15 19:30:00+00:00,71.05500030517578
2026-05-15 19:40:00+00:00,71.04000091552734
2026-05-15 19:45:00+00:00,71.04000091552734
2026-05-15 19:55:00+00:00,71.04810333251953
2026-05-15 20:00:00+00:00,71.0481
2026-05-15 20:10:00+00:00,71.0481
2026-05-15 20:25:00+00:00,71.0481
2026-05-15 20:40:00+00:00,71.0481
2026-05-15 20:55:00+00:00,71.0481
2026-05-15 21:05:00+00:00,71.0481
2026-05-18 12:15:00+00:00,71.05
2026-05-18 12:20:00+00:00,71.05
2026-05-18 12:35:00+00:00,71.05
2026-05-18 12:50:00+00:00,71.05
2026-05-18 13:05:00+00:00,71.05
2026-05-18 13:40:00+00:00,71.11000061035156
2026-05-18 13:45:00+00:00,71.11000061035156
2026-05-18 14:15:00+00:00,71.08000183105469
2026-05-18 14:25:00+00:00,71.11000061035156
2026-05-18 14:35:00+00:00,71.0999984741211
2026-05-18 14:40:00+00:00,71.08999633789062
2026-05-18 14:45:00+00:00,71.08999633789062
2026-05-18 15:00:00+00:00,71.08000183105469
2026-05-18 15:10:00+00:00,71.07099914550781
2026-05-18 15:15:00+00:00,71.08000183105469
2026-05-18 15:20:00+00:00,71.06999969482422
2026-05-18 15:35:00+00:00,71.08999633789062
2026-05-18 16:00:00+00:00,71.08999633789062
2026-05-18 16:15:00+00:00,71.12000274658203
2026-05-18 16:20:00+00:00,71.12000274658203
2026-05-18 16:25:00+00:00,71.08999633789062
2026-05-18 17:00:00+00:00,71.12000274658203
2026-05-18 17:20:00+00:00,71.11000061035156
2026-05-18 18:10:00+00:00,71.11000061035156
2026-05-18 18:15:00+00:00,71.0999984741211
2026-05-18 18:25:00+00:00,71.08999633789062
2026-05-18 19:00:00+00:00,71.0999984741211
2026-05-18 19:30:00+00:00,71.11000061035156
2026-05-18 19:55:00+00:00,71.11499786376953
2026-05-18 20:00:00+00:00,71.115
2026-05-18 20:05:00+00:00,71.115
2026-05-18 20:10:00+00:00,71.115
2026-05-18 20:20:00+00:00,71.115
2026-05-18 20:35:00+00:00,71.115
2026-05-18 20:50:00+00:00,71.115
2026-05-18 21:05:00+00:00,71.115
2026-05-19 12:30:00+00:00,71.0
2026-05-19 12:35:00+00:00,71.0
2026-05-19 12:50:00+00:00,71.0
2026-05-19 13:05:00+00:00,71.0
2026-05-19 13:30:00+00:00,70.96009826660156
2026-05-19 13:50:00+00:00,71.01000213623047
2026-05-19 13:55:00+00:00,71.0
2026-05-19 14:00:00+00:00,71.01000213623047
2026-05-19 14:15:00+00:00,71.0
2026-05-19 14:50:00+00:00,70.98999786376953
2026-05-19 14:55:00+00:00,70.96499633789062
2026-05-19 15:00:00+00:00,70.95999908447266
2026-05-19 16:05:00+00:00,71.0250015258789
2026-05-19 16:10:00+00:00,71.0199966430664
2026-05-19 16:15:00+00:00,71.02999877929688
2026-05-19 16:20:00+00:00,71.02999877929688
2026-05-19 16:25:00+00:00,71.06500244140625
2026-05-19 16:30:00+00:00,71.06999969482422
2026-05-19 16:40:00+00:00,71.08000183105469
2026-05-19 17:30:00+00:00,71.05999755859375
2026-05-19 17:40:00+00:00,71.05010223388672
2026-05-19 17:50:00+00:00,71.05999755859375
2026-05-19 17:55:00+00:00,71.05500030517578
2026-05-19 18:05:00+00:00,71.06999969482422
2026-05-19 18:10:00+00:00,71.08000183105469
2026-05-19 18:15:00+00:00,71.06500244140625
2026-05-19 18:25:00+00:00,71.05999755859375
2026-05-19 18:50:00+00:00,71.05999755859375
2026-05-19 18:55:00+00:00,71.06999969482422
2026-05-19 19:00:00+00:00,71.07499694824219
2026-05-19 19:30:00+00:00,71.05999755859375
2026-05-19 19:35:00+00:00,71.05999755859375
2026-05-19 19:45:00+00:00,71.05370330810547
2026-05-19 20:00:00+00:00,71.0537
2026-05-19 20:05:00+00:00,71.0537
2026-05-19 20:10:00+00:00,71.0537
2026-05-19 20:20:00+00:00,71.0537
2026-05-19 20:35:00+00:00,71.0537
2026-05-19 20:50:00+00:00,71.0537
2026-05-19 21:05:00+00:00,71.0537
2026-05-19 21:10:00+00:00,71.0537
2026-05-20 08:00:00+00:00,71.1
2026-05-20 08:10:00+00:00,71.1
2026-05-20 08:20:00+00:00,71.1
2026-05-20 08:40:00+00:00,71.1
2026-05-20 08:55:00+00:00,71.1
2026-05-20 09:05:00+00:00,71.1
2026-05-20 09:20:00+00:00,71.1
2026-05-20 09:40:00+00:00,71.1
2026-05-20 09:50:00+00:00,71.1
2026-05-20 10:05:00+00:00,71.1
2026-05-20 10:25:00+00:00,71.1
2026-05-20 10:35:00+00:00,71.1
2026-05-20 10:55:00+00:00,71.1
2026-05-20 11:05:00+00:00,71.1
2026-05-20 11:25:00+00:00,71.1
2026-05-20 11:40:00+00:00,71.1
2026-05-20 11:45:00+00:00,71.1
2026-05-20 11:55:00+00:00,71.1
2026-05-20 12:10:00+00:00,71.1
2026-05-20 12:25:00+00:00,71.1
2026-05-20 12:40:00+00:00,71.1
2026-05-20 12:50:00+00:00,71.1
2026-05-20 13:00:00+00:00,71.0
2026-05-20 13:10:00+00:00,71.0
2026-05-20 13:45:00+00:00,71.0
2026-05-20 14:15:00+00:00,71.0
2026-05-20 14:20:00+00:00,71.0199966430664
2026-05-20 14:45:00+00:00,71.06999969482422
2026-05-20 16:00:00+00:00,71.08999633789062
2026-05-20 16:25:00+00:00,71.0999984741211
2026-05-20 16:30:00+00:00,71.0999984741211
2026-05-20 16:40:00+00:00,71.0999984741211
2026-05-20 16:45:00+00:00,71.11000061035156
2026-05-20 16:55:00+00:00,71.06999969482422
2026-05-20 17:00:00+00:00,71.08000183105469
2026-05-20 17:05:00+00:00,71.06999969482422
2026-05-20 17:10:00+00:00,71.04000091552734
2026-05-20 18:20:00+00:00,71.08000183105469
2026-05-20 19:15:00+00:00,71.05999755859375
2026-05-20 19:50:00+00:00,71.0989990234375
2026-05-20 19:55:00+00:00,71.09020233154297
2026-05-20 20:00:00+00:00,71.0902
2026-05-20 20:10:00+00:00,71.0902
2026-05-20 20:20:00+00:00,71.0902
2026-05-20 20:35:00+00:00,71.0902
2026-05-20 20:55:00+00:00,71.0902
2026-05-20 21:05:00+00:00,71.0902
2026-05-21 12:50:00+00:00,71.025
2026-05-21 12:55:00+00:00,71.025
2026-05-21 13:05:00+00:00,70.93
2026-05-21 13:10:00+00:00,70.93
2026-05-21 13:30:00+00:00,70.89990234375
2026-05-21 13:45:00+00:00,70.87999725341797
2026-05-21 13:55:00+00:00,70.87999725341797
2026-05-21 14:10:00+00:00,70.8499984741211
2026-05-21 14:15:00+00:00,70.83499908447266
2026-05-21 14:25:00+00:00,70.83999633789062
2026-05-21 14:30:00+00:00,70.83999633789062
2026-05-21 14:50:00+00:00,70.87000274658203
2026-05-21 14:55:00+00:00,70.875
2026-05-21 15:00:00+00:00,70.8499984741211
2026-05-21 15:40:00+00:00,70.86499786376953
2026-05-21 17:25:00+00:00,70.91999816894531
2026-05-21 17:55:00+00:00,70.93000030517578
2026-05-21 18:05:00+00:00,70.91999816894531
2026-05-21 18:25:00+00:00,70.96499633789062
2026-05-21 19:00:00+00:00,70.91000366210938
2026-05-21 19:05:00+00:00,70.9000015258789
2026-05-21 19:40:00+00:00,70.91000366210938
2026-05-21 19:55:00+00:00,70.90080261230469
2026-05-21 20:00:00+00:00,70.9008
2026-05-21 20:10:00+00:00,70.9008
2026-05-21 20:25:00+00:00,70.9008
2026-05-21 20:40:00+00:00,70.9008
2026-05-21 20:50:00+00:00,70.9008
2026-05-21 21:05:00+00:00,70.9008
2026-05-22 08:00:00+00:00,70.9008
2026-05-22 08:10:00+00:00,70.9008
2026-05-22 08:25:00+00:00,70.9008
2026-05-22 08:40:00+00:00,70.9008
2026-05-22 08:55:00+00:00,70.9008
2026-05-22 09:10:00+00:00,70.9008
2026-05-22 09:25:00+00:00,70.9008
2026-05-22 09:40:00+00:00,70.9008
2026-05-22 09:55:00+00:00,70.9008
2026-05-22 10:10:00+00:00,70.9008
2026-05-22 10:20:00+00:00,70.9008
2026-05-22 10:40:00+00:00,70.9008
2026-05-22 10:55:00+00:00,70.9008
2026-05-22 11:10:00+00:00,70.9008
2026-05-22 11:25:00+00:00,70.9008
2026-05-22 11:40:00+00:00,70.9008
2026-05-22 11:55:00+00:00,70.9008
2026-05-22 12:10:00+00:00,70.9008
2026-05-22 12:25:00+00:00,70.9008
2026-05-22 12:40:00+00:00,70.9008
2026-05-22 12:55:00+00:00,70.9008
2026-05-22 13:10:00+00:00,70.9008
2026-05-22 13:45:00+00:00,70.80999755859375
2026-05-22 13:55:00+00:00,70.80999755859375
2026-05-22 14:00:00+00:00,70.80000305175781
2026-05-22 14:15:00+00:00,70.75
2026-05-22 14:50:00+00:00,70.70010375976562
2026-05-22 15:05:00+00:00,70.72000122070312
2026-05-22 15:30:00+00:00,70.72000122070312
2026-05-22 15:35:00+00:00,70.7300033569336
2026-05-22 15:40:00+00:00,70.72000122070312
2026-05-22 15:50:00+00:00,70.70999908447266
2026-05-22 16:10:00+00:00,70.69999694824219
2026-05-22 17:05:00+00:00,70.76000213623047
2026-05-22 17:10:00+00:00,70.76000213623047
2026-05-22 17:15:00+00:00,70.75990295410156
2026-05-22 17:45:00+00:00,70.75
2026-05-22 17:55:00+00:00,70.73999786376953
2026-05-22 19:20:00+00:00,70.75589752197266
2026-05-22 19:50:00+00:00,70.74970245361328
2026-05-22 19:55:00+00:00,70.72000122070312
2026-05-22 20:00:00+00:00,70.72
2026-05-22 20:10:00+00:00,70.72
2026-05-22 20:25:00+00:00,70.72
2026-05-22 20:40:00+00:00,70.72
2026-05-22 20:55:00+00:00,70.72
2026-05-22 21:05:00+00:00,70.72
2026-05-26 11:00:00+00:00,70.93
2026-05-26 11:05:00+00:00,70.93
2026-05-26 11:15:00+00:00,70.93
2026-05-26 11:35:00+00:00,70.93
2026-05-26 11:50:00+00:00,70.93
2026-05-26 12:05:00+00:00,70.93
2026-05-26 12:20:00+00:00,70.93
2026-05-26 12:35:00+00:00,70.93
2026-05-26 12:50:00+00:00,70.93
2026-05-26 13:05:00+00:00,70.93
2026-05-26 14:30:00+00:00,70.79000091552734
2026-05-26 15:00:00+00:00,70.76010131835938
2026-05-26 15:50:00+00:00,70.79000091552734
2026-05-26 16:20:00+00:00,70.79979705810547
2026-05-26 16:35:00+00:00,70.75330352783203
2026-05-26 19:10:00+00:00,70.7300033569336
2026-05-26 19:20:00+00:00,70.73999786376953
2026-05-26 19:25:00+00:00,70.74909973144531
2026-05-26 20:00:00+00:00,70.7491
2026-05-26 20:05:00+00:00,70.7491
2026-05-26 20:10:00+00:00,70.7491
2026-05-26 20:15:00+00:00,70.7491
2026-05-26 20:35:00+00:00,70.7491
2026-05-26 20:50:00+00:00,70.7491
2026-05-26 21:05:00+00:00,70.7491
2026-05-26 23:55:00+00:00,70.064
2026-05-27 13:30:00+00:00,70.62999725341797
2026-05-27 13:45:00+00:00,70.6500015258789
2026-05-27 15:50:00+00:00,70.63500213623047
2026-05-27 16:25:00+00:00,70.67050170898438
2026-05-27 16:55:00+00:00,70.66000366210938
2026-05-27 17:25:00+00:00,70.66000366210938
2026-05-27 18:50:00+00:00,70.63009643554688
2026-05-27 19:10:00+00:00,70.66000366210938
2026-05-27 19:50:00+00:00,70.64199829101562
2026-05-27 20:00:00+00:00,70.642
2026-05-27 20:10:00+00:00,70.642
2026-05-27 20:20:00+00:00,70.642
2026-05-27 20:40:00+00:00,70.642
2026-05-27 20:50:00+00:00,70.642
2026-05-27 21:05:00+00:00,70.642
2026-05-28 13:50:00+00:00,70.59500122070312
2026-05-28 14:40:00+00:00,70.69599914550781
2026-05-28 15:15:00+00:00,70.79039764404297
2026-05-28 15:20:00+00:00,70.79000091552734
2026-05-28 15:40:00+00:00,70.79000091552734
2026-05-28 15:45:00+00:00,70.80000305175781
2026-05-28 16:10:00+00:00,70.81999969482422
2026-05-28 16:20:00+00:00,70.83000183105469
2026-05-28 16:25:00+00:00,70.83999633789062
2026-05-28 17:30:00+00:00,70.875
2026-05-28 17:35:00+00:00,70.86499786376953
2026-05-28 17:40:00+00:00,70.87000274658203
2026-05-28 17:45:00+00:00,70.87000274658203
2026-05-28 18:25:00+00:00,70.88999938964844
2026-05-28 18:30:00+00:00,70.88999938964844
2026-05-28 19:10:00+00:00,70.91000366210938
2026-05-28 19:30:00+00:00,70.93000030517578
2026-05-28 19:45:00+00:00,70.93000030517578
2026-05-28 19:50:00+00:00,70.91999816894531
2026-05-28 19:55:00+00:00,70.87999725341797
2026-05-28 20:00:00+00:00,70.88
2026-05-28 20:10:00+00:00,70.88
2026-05-28 20:25:00+00:00,70.88
2026-05-28 20:35:00+00:00,70.88
2026-05-28 20:55:00+00:00,70.88
2026-05-28 21:05:00+00:00,70.88
2026-05-29 13:50:00+00:00,70.7300033569336
2026-05-29 13:55:00+00:00,70.75029754638672
2026-05-29 14:00:00+00:00,70.7406005859375
2026-05-29 14:50:00+00:00,70.83999633789062
2026-05-29 15:35:00+00:00,70.91999816894531
2026-05-29 15:45:00+00:00,70.91999816894531
2026-05-29 16:15:00+00:00,70.83999633789062
2026-05-29 17:20:00+00:00,70.81009674072266
2026-05-29 18:10:00+00:00,70.86019897460938
2026-05-29 19:10:00+00:00,70.85990142822266
2026-05-29 19:35:00+00:00,70.87020111083984
2026-05-29 19:45:00+00:00,70.87999725341797
2026-05-29 19:50:00+00:00,70.8687973022461
2026-05-29 20:00:00+00:00,70.8688
2026-05-29 20:10:00+00:00,70.8688
2026-05-29 20:25:00+00:00,70.8688
2026-05-29 20:40:00+00:00,70.8688
2026-05-29 20:55:00+00:00,70.8688
2026-05-29 21:05:00+00:00,70.8688
2026-05-29 23:55:00+00:00,70.99
2026-06-01 11:40:00+00:00,70.64
2026-06-01 11:45:00+00:00,70.64
2026-06-01 12:00:00+00:00,70.64
2026-06-01 12:10:00+00:00,70.64
2026-06-01 12:25:00+00:00,70.64
2026-06-01 12:40:00+00:00,70.64
2026-06-01 13:00:00+00:00,70.64
2026-06-01 13:30:00+00:00,70.66000366210938
2026-06-01 13:35:00+00:00,70.62899780273438
2026-06-01 13:40:00+00:00,70.55819702148438
2026-06-01 13:45:00+00:00,70.59500122070312
2026-06-01 14:05:00+00:00,70.55999755859375
2026-06-01 14:25:00+00:00,70.56999969482422
2026-06-01 14:50:00+00:00,70.58999633789062
2026-06-01 15:10:00+00:00,70.60009765625
2026-06-01 15:25:00+00:00,70.64009857177734
2026-06-01 15:50:00+00:00,70.60009765625
2026-06-01 16:15:00+00:00,70.58989715576172
2026-06-01 16:25:00+00:00,70.61000061035156
2026-06-01 16:40:00+00:00,70.62030029296875
2026-06-01 17:20:00+00:00,70.63999938964844
2026-06-01 17:25:00+00:00,70.66000366210938
2026-06-01 18:25:00+00:00,70.62000274658203
2026-06-01 18:45:00+00:00,70.61000061035156
2026-06-01 19:05:00+00:00,70.58999633789062
2026-06-01 19:50:00+00:00,70.60369873046875
2026-06-01 20:00:00+00:00,70.6037
2026-06-01 20:10:00+00:00,70.6037
2026-06-01 20:15:00+00:00,70.6037
2026-06-01 20:45:00+00:00,70.6037
2026-06-01 20:55:00+00:00,70.6037
2026-06-01 21:05:00+00:00,70.6037
2026-06-02 13:30:00+00:00,70.66999816894531
2026-06-02 13:45:00+00:00,70.6449966430664
2026-06-02 15:45:00+00:00,70.67009735107422
2026-06-02 16:35:00+00:00,70.6500015258789
2026-06-02 16:45:00+00:00,70.63999938964844
2026-06-02 16:50:00+00:00,70.63009643554688
2026-06-02 18:20:00+00:00,70.61000061035156
2026-06-02 19:10:00+00:00,70.63009643554688
2026-06-02 19:20:00+00:00,70.63099670410156
2026-06-02 19:30:00+00:00,70.62000274658203
2026-06-02 19:35:00+00:00,70.62010192871094
2026-06-02 19:55:00+00:00,70.61000061035156
2026-06-02 20:00:00+00:00,70.61
2026-06-02 20:10:00+00:00,70.61
2026-06-02 20:15:00+00:00,70.61
2026-06-02 20:20:00+00:00,70.61
2026-06-02 20:45:00+00:00,70.61
2026-06-02 21:00:00+00:00,70.61
2026-06-02 21:05:00+00:00,70.61
2026-06-03 13:45:00+00:00,70.45989990234375
2026-06-03 14:30:00+00:00,70.44709777832031
2026-06-03 14:40:00+00:00,70.43000030517578
2026-06-03 14:50:00+00:00,70.43000030517578
2026-06-03 14:55:00+00:00,70.40499877929688
2026-06-03 15:05:00+00:00,70.37999725341797
2026-06-03 15:15:00+00:00,70.39720153808594
2026-06-03 15:45:00+00:00,70.36000061035156
2026-06-03 16:00:00+00:00,70.33999633789062
2026-06-03 16:15:00+00:00,70.31999969482422
2026-06-03 16:50:00+00:00,70.30999755859375
2026-06-03 18:45:00+00:00,70.32009887695312
2026-06-03 19:00:00+00:00,70.31999969482422
2026-06-03 19:45:00+00:00,70.31770324707031
2026-06-03 20:00:00+00:00,70.3177
2026-06-03 20:10:00+00:00,70.3088
2026-06-03 20:15:00+00:00,70.3088
2026-06-03 20:30:00+00:00,70.3088
2026-06-03 20:45:00+00:00,70.3088
2026-06-03 20:55:00+00:00,70.3088
2026-06-03 21:05:00+00:00,70.3088
2026-06-04 11:00:00+00:00,70.33
2026-06-04 11:15:00+00:00,70.33
2026-06-04 11:30:00+00:00,70.33
2026-06-04 11:45:00+00:00,70.33
2026-06-04 12:00:00+00:00,70.33
2026-06-04 12:15:00+00:00,70.33
2026-06-04 12:30:00+00:00,70.33
2026-06-04 12:40:00+00:00,70.35
2026-06-04 12:45:00+00:00,70.35
2026-06-04 13:00:00+00:00,70.35
2026-06-04 13:30:00+00:00,70.33999633789062
2026-06-04 14:10:00+00:00,70.3499984741211
2026-06-04 14:50:00+00:00,70.31999969482422
2026-06-04 15:00:00+00:00,70.31999969482422
2026-06-04 16:05:00+00:00,70.33419799804688
2026-06-04 16:50:00+00:00,70.30059814453125
2026-06-04 16:55:00+00:00,70.30999755859375
2026-06-04 17:35:00+00:00,70.30000305175781
2026-06-04 17:40:00+00:00,70.29000091552734
2026-06-04 18:35:00+00:00,70.3010025024414
2026-06-04 19:05:00+00:00,70.27100372314453
2026-06-04 19:55:00+00:00,70.26000213623047
2026-06-04 20:00:00+00:00,70.26
2026-06-04 20:10:00+00:00,70.26
2026-06-04 20:15:00+00:00,70.25
2026-06-04 20:30:00+00:00,70.25
2026-06-04 20:45:00+00:00,70.25
2026-06-04 20:55:00+00:00,70.25
2026-06-04 21:05:00+00:00,70.25
2026-06-05 13:00:00+00:00,70.31
2026-06-05 13:05:00+00:00,70.31
2026-06-05 14:30:00+00:00,70.22000122070312
2026-06-05 15:20:00+00:00,70.18000030517578
2026-06-05 15:45:00+00:00,70.125
2026-06-05 15:50:00+00:00,70.13999938964844
2026-06-05 15:55:00+00:00,70.1281967163086
2026-06-05 16:20:00+00:00,70.0999984741211
2026-06-05 16:35:00+00:00,70.08999633789062
2026-06-05 18:35:00+00:00,70.06999969482422
2026-06-05 18:50:00+00:00,70.06999969482422
2026-06-05 19:55:00+00:00,70.05999755859375
2026-06-05 20:00:00+00:00,70.06
2026-06-05 20:05:00+00:00,70.06
2026-06-05 20:10:00+00:00,70.06
2026-06-05 20:20:00+00:00,70.06
2026-06-05 20:35:00+00:00,70.06
2026-06-05 20:45:00+00:00,70.06
2026-06-05 21:05:00+00:00,70.06
2026-06-05 22:00:00+00:00,70.06
2026-06-08 13:30:00+00:00,70.12999725341797
2026-06-08 13:50:00+00:00,70.06099700927734
2026-06-08 14:00:00+00:00,70.08999633789062
2026-06-08 14:30:00+00:00,70.05999755859375
2026-06-08 14:35:00+00:00,70.06999969482422
2026-06-08 14:55:00+00:00,70.11000061035156
2026-06-08 15:00:00+00:00,70.10379791259766
2026-06-08 16:05:00+00:00,70.08999633789062
2026-06-08 17:00:00+00:00,70.01010131835938
2026-06-08 17:10:00+00:00,70.01000213623047
2026-06-08 17:45:00+00:00,70.06500244140625
2026-06-08 19:00:00+00:00,70.0199966430664
2026-06-08 19:15:00+00:00,70.02999877929688
2026-06-08 19:30:00+00:00,70.0199966430664
2026-06-08 19:40:00+00:00,70.01100158691406
2026-06-08 19:50:00+00:00,70.0199966430664
2026-06-08 19:55:00+00:00,70.02999877929688
2026-06-08 20:00:00+00:00,70.03
2026-06-08 20:10:00+00:00,70.03
2026-06-08 20:25:00+00:00,70.03
2026-06-08 20:40:00+00:00,70.03
2026-06-08 20:45:00+00:00,70.01
2026-06-08 20:55:00+00:00,70.01
2026-06-08 21:05:00+00:00,70.01
2026-06-08 21:30:00+00:00,70.01
2026-06-09 13:40:00+00:00,70.12999725341797
2026-06-09 13:45:00+00:00,70.12999725341797
2026-06-09 13:50:00+00:00,70.11990356445312
2026-06-09 15:10:00+00:00,70.06999969482422
2026-06-09 15:15:00+00:00,70.05010223388672
2026-06-09 15:25:00+00:00,70.05899810791016
2026-06-09 19:50:00+00:00,70.03970336914062
2026-06-09 19:55:00+00:00,70.04820251464844
2026-06-09 20:00:00+00:00,70.0482
2026-06-09 20:10:00+00:00,70.0482
2026-06-09 20:15:00+00:00,70.0482
2026-06-09 20:25:00+00:00,70.0482
2026-06-09 20:45:00+00:00,70.0482
2026-06-09 20:55:00+00:00,70.0482
2026-06-09 21:05:00+00:00,70.0482
2026-06-10 15:45:00+00:00,70.1500015258789
2026-06-10 16:10:00+00:00,70.1500015258789
2026-06-10 17:50:00+00:00,70.12999725341797
2026-06-10 19:00:00+00:00,70.11499786376953
2026-06-10 19:15:00+00:00,70.12000274658203
2026-06-10 19:25:00+00:00,70.0999984741211
2026-06-10 19:50:00+00:00,70.09030151367188
2026-06-10 20:00:00+00:00,70.0903
2026-06-10 20:10:00+00:00,70.0903
2026-06-10 20:15:00+00:00,70.0903
2026-06-10 20:30:00+00:00,70.0903
2026-06-10 20:45:00+00:00,70.0903
2026-06-10 20:55:00+00:00,70.0903
2026-06-10 21:05:00+00:00,70.0903
2026-06-10 22:30:00+00:00,69.1
2026-06-10 22:40:00+00:00,69.1
2026-06-11 09:25:00+00:00,70.01
2026-06-11 09:30:00+00:00,70.01
2026-06-11 09:45:00+00:00,70.01
2026-06-11 10:00:00+00:00,70.01
2026-06-11 10:15:00+00:00,70.01
2026-06-11 10:30:00+00:00,70.01
2026-06-11 10:45:00+00:00,70.01
2026-06-11 11:00:00+00:00,70.02
2026-06-11 11:15:00+00:00,70.02
2026-06-11 11:30:00+00:00,70.02
2026-06-11 11:45:00+00:00,70.02
2026-06-11 12:00:00+00:00,70.02
2026-06-11 12:15:00+00:00,70.02
2026-06-11 12:30:00+00:00,70.02
2026-06-11 12:45:00+00:00,70.02
2026-06-11 13:00:00+00:00,70.02
2026-06-11 13:30:00+00:00,69.8499984741211
2026-06-11 13:35:00+00:00,69.8550033569336
2026-06-11 13:45:00+00:00,69.83000183105469
2026-06-11 14:00:00+00:00,69.80000305175781
2026-06-11 14:25:00+00:00,69.76570129394531
2026-06-11 14:30:00+00:00,69.85990142822266
2026-06-11 14:50:00+00:00,69.69999694824219
2026-06-11 15:00:00+00:00,69.72000122070312
2026-06-11 15:05:00+00:00,69.78500366210938
2026-06-11 16:05:00+00:00,69.74500274658203
2026-06-11 16:35:00+00:00,69.79989624023438
2026-06-11 17:20:00+00:00,69.73999786376953
2026-06-11 17:25:00+00:00,69.7699966430664
2026-06-11 18:55:00+00:00,69.91999816894531
2026-06-11 19:05:00+00:00,69.94000244140625
2026-06-11 19:10:00+00:00,69.97000122070312
2026-06-11 19:20:00+00:00,69.9999008178711
2026-06-11 19:35:00+00:00,70.0199966430664
2026-06-11 19:50:00+00:00,70.00499725341797
2026-06-11 20:00:00+00:00,70.005
2026-06-11 20:10:00+00:00,70.005
2026-06-11 20:15:00+00:00,70.005
2026-06-11 20:30:00+00:00,70.005
2026-06-11 20:45:00+00:00,70.005
2026-06-11 20:55:00+00:00,70.005
2026-06-11 21:05:00+00:00,70.005
2026-06-12 13:30:00+00:00,69.91999816894531
2026-06-12 13:35:00+00:00,69.91999816894531
2026-06-12 14:00:00+00:00,69.94000244140625
2026-06-12 14:40:00+00:00,69.94000244140625
2026-06-12 14:55:00+00:00,69.94000244140625
2026-06-12 15:50:00+00:00,69.97000122070312
2026-06-12 16:30:00+00:00,69.94999694824219
2026-06-12 17:15:00+00:00,69.93409729003906
2026-06-12 18:55:00+00:00,69.94999694824219
2026-06-12 19:50:00+00:00,69.90489959716797
2026-06-12 20:00:00+00:00,69.9049
2026-06-12 20:10:00+00:00,69.9049
2026-06-12 20:20:00+00:00,69.9049
2026-06-12 20:35:00+00:00,69.9049
2026-06-12 20:50:00+00:00,69.9049
2026-06-12 21:05:00+00:00,69.9049
2026-06-15 13:30:00+00:00,69.9000015258789
2026-06-15 13:35:00+00:00,69.89859771728516
2026-06-15 14:00:00+00:00,69.9000015258789
2026-06-15 14:25:00+00:00,69.875
2026-06-15 15:20:00+00:00,69.91000366210938
2026-06-15 15:30:00+00:00,69.91000366210938
2026-06-15 16:35:00+00:00,69.87000274658203
2026-06-15 18:10:00+00:00,69.88999938964844
2026-06-15 18:25:00+00:00,69.88999938964844
2026-06-15 19:40:00+00:00,69.88009643554688
2026-06-15 19:50:00+00:00,69.87999725341797
2026-06-15 19:55:00+00:00,69.8427963256836
2026-06-15 20:00:00+00:00,69.8428
2026-06-15 20:10:00+00:00,69.8428
2026-06-15 20:15:00+00:00,69.8428
2026-06-15 20:25:00+00:00,69.8428
2026-06-15 20:40:00+00:00,69.8428
2026-06-15 20:55:00+00:00,69.8428
2026-06-15 21:05:00+00:00,69.8428
2026-06-16 13:30:00+00:00,69.75
2026-06-16 13:45:00+00:00,69.80000305175781
2026-06-16 14:00:00+00:00,69.80999755859375
2026-06-16 14:50:00+00:00,69.84989929199219
2026-06-16 14:55:00+00:00,69.8499984741211
2026-06-16 15:10:00+00:00,69.8499984741211
2026-06-16 15:15:00+00:00,69.86900329589844
2026-06-16 15:35:00+00:00,69.87999725341797
2026-06-16 15:40:00+00:00,69.86000061035156
2026-06-16 16:10:00+00:00,69.88500213623047
2026-06-16 16:45:00+00:00,69.87999725341797
2026-06-16 16:50:00+00:00,69.87999725341797
2026-06-16 17:20:00+00:00,69.87000274658203
2026-06-16 17:50:00+00:00,69.83000183105469
2026-06-16 18:20:00+00:00,69.84989929199219
2026-06-16 19:05:00+00:00,69.8499984741211
2026-06-16 19:35:00+00:00,69.8499984741211
2026-06-16 19:40:00+00:00,69.81999969482422
2026-06-16 19:55:00+00:00,69.81999969482422
2026-06-16 20:00:00+00:00,69.82
2026-06-16 20:10:00+00:00,69.82
2026-06-16 20:15:00+00:00,69.82
2026-06-16 20:30:00+00:00,69.82
2026-06-16 20:45:00+00:00,69.82
2026-06-16 21:00:00+00:00,69.82
2026-06-16 21:05:00+00:00,69.82
2026-06-17 11:10:00+00:00,69.82
2026-06-17 11:15:00+00:00,69.82
2026-06-17 11:30:00+00:00,69.82
2026-06-17 11:45:00+00:00,69.82
2026-06-17 12:00:00+00:00,69.82
2026-06-17 12:15:00+00:00,69.82
2026-06-17 12:30:00+00:00,69.82
2026-06-17 12:45:00+00:00,69.82
2026-06-17 13:00:00+00:00,69.82
2026-06-17 14:45:00+00:00,69.77999877929688
2026-06-17 14:50:00+00:00,69.7300033569336
2026-06-17 15:10:00+00:00,69.69999694824219
2026-06-17 15:20:00+00:00,69.67500305175781
2026-06-17 15:50:00+00:00,69.66999816894531
2026-06-17 15:55:00+00:00,69.64240264892578
2026-06-17 17:20:00+00:00,69.65989685058594
2026-06-17 17:50:00+00:00,69.6500015258789
2026-06-17 17:55:00+00:00,69.63999938964844
2026-06-17 18:00:00+00:00,69.55000305175781
2026-06-17 18:05:00+00:00,69.52999877929688
2026-06-17 18:10:00+00:00,69.51000213623047
2026-06-17 18:15:00+00:00,69.52989959716797
2026-06-17 18:30:00+00:00,69.44000244140625
2026-06-17 18:45:00+00:00,69.54000091552734
2026-06-17 18:55:00+00:00,69.47000122070312
2026-06-17 19:00:00+00:00,69.44000244140625
2026-06-17 19:05:00+00:00,69.41780090332031
2026-06-17 19:15:00+00:00,69.3499984741211
2026-06-17 19:20:00+00:00,69.33999633789062
2026-06-17 19:25:00+00:00,69.31999969482422
2026-06-17 19:35:00+00:00,69.25
2026-06-17 19:50:00+00:00,69.20999908447266
2026-06-17 19:55:00+00:00,69.21080017089844
2026-06-17 20:00:00+00:00,69.2108
2026-06-17 20:10:00+00:00,69.2108
2026-06-17 20:15:00+00:00,69.2108
2026-06-17 20:30:00+00:00,69.2108
2026-06-17 20:45:00+00:00,69.2108
2026-06-17 21:00:00+00:00,69.2108
2026-06-17 21:15:00+00:00,69.23
2026-06-17 21:30:00+00:00,69.23
2026-06-17 21:40:00+00:00,69.23
2026-06-18 10:05:00+00:00,68.99
2026-06-18 10:20:00+00:00,68.99
2026-06-18 10:35:00+00:00,68.99
2026-06-18 10:45:00+00:00,68.99
2026-06-18 11:00:00+00:00,68.99
2026-06-18 11:20:00+00:00,68.99
2026-06-18 11:30:00+00:00,68.99
2026-06-18 11:50:00+00:00,68.99
2026-06-18 12:05:00+00:00,68.99
2026-06-18 12:20:00+00:00,68.99
2026-06-18 12:30:00+00:00,68.99
2026-06-18 12:50:00+00:00,68.99
2026-06-18 13:05:00+00:00,68.99
2026-06-18 13:30:00+00:00,69.2699966430664
2026-06-18 13:35:00+00:00,69.24250030517578
2026-06-18 13:55:00+00:00,69.22000122070312
2026-06-18 14:00:00+00:00,69.20649719238281
2026-06-18 14:05:00+00:00,69.19499969482422
2026-06-18 14:10:00+00:00,69.18000030517578
2026-06-18 14:29:31+00:00,69.19999694824219
